event_id,company_ticker,company_name,sector_gics,impact_channel,quarter,mention_text,mention_sentiment,management_action_described,revenue_delta_pct,cogs_delta_pct,operating_income_delta_pct,capex_delta_pct,car_1_5,car_1_30,source,confidence,labeled_by,human_reviewed,notes
russia_invasion_2022,BP,BP plc,10102010,capital_allocation_investment,2022Q1,BP announced exit from its 19.75% shareholding in Rosneft resulting in pre-tax charges of approximately $25.5 billion ($24.4B after tax). Board described exiting as a decision taken in the best long-term interests of all our shareholders.,-0.9,Exit 19.75% Rosneft stake; CEO Bernard Looney and former CEO Bob Dudley resigned from Rosneft board,,,-100.0,,-0.04,,press_release,high,claude_verified,1,Announced Feb 27 2022. Q1 2022 replacement-cost loss of ~$20.4B almost entirely from Rosneft write-down. Excluding Russia charge underlying RC profit was ~$6.2B. VERIFIED: $25.5B pre-tax and $24.4B after-tax confirmed. Quote corrected: shareholders not stakeholders.
russia_invasion_2022,SHEL,Shell plc,10102010,capital_allocation_investment,2022Q1,Shell reported $3.9 billion in pre-tax impairment charges (~$3.1B post-tax) related to its Russia exit covering its ~27.5% stake in Sakhalin-2 and other Russian assets. CEO Ben van Beurden: We are shocked by the loss of life in Ukraine which we deplore resulting from a senseless act of military aggression.,-0.8,Exit Sakhalin-2 LNG stake; exit Nord Stream 2; shut Russian service stations; wind down all Russian operations,,,,,-0.02,,press_release,high,claude_verified,1,Announced Feb 28 2022. $3.9B is PRE-tax (corrected from post-tax). Total Russia charges rose to ~$5B by FY2022. Record Q1 2022 adjusted earnings of $9.13B confirmed. Stock rose 5-8% due to oil price surge. VERIFIED.
russia_invasion_2022,MCD,McDonald's Corp,25301040,revenue_market_access,2022Q2,CEO Chris Kempczinski: The humanitarian crisis caused by the war in Ukraine and the precipitating unpredictable operating environment have led McDonald's to conclude that continued ownership of the business in Russia is no longer tenable. Pre-tax charge of approximately $1.29 billion.,-0.7,Sold ~850 Russian restaurants to local licensee Alexander Govor; rebranded as Vkusno i Tochka. Retained right to repurchase within 15 years.,-2.0,,,,-0.01,,press_release,high,claude_verified,1,Announced May 16 2022; sale closed Jun 12 2022. Russia+Ukraine were ~9% of systemwide revenue (~2% consolidated). Stock resilient -1-2% around announcement as March closure was already priced in. VERIFIED: $1.29B charge date and Kempczinski quote all confirmed.
us_chip_export_controls_oct2022,NVDA,NVIDIA Corp,45301020,revenue_market_access,2023Q3FY,CFO Colette Kress disclosed approximately $400M estimated revenue impact from new export controls restricting sales of A100/H100 and DGX systems to China. Pre-announced via 8-K on August 26 2022 after being notified of forthcoming restrictions.,-0.6,Developed A800 and H800 compliance chips with reduced interconnect bandwidth designed to meet export control thresholds while still serving China market,-5.0,,,,-0.07,,earnings_call,high,claude_verified,1,BIS rule published Oct 7 2022. NVIDIA pre-announced Aug 26 2022 via 8-K. Stock fell ~3-4% on Aug 26. $400M figure and CFO Kress disclosure confirmed. A800/H800 workaround chips confirmed. VERIFIED.
us_chip_export_controls_oct2023,NVDA,NVIDIA Corp,45301020,revenue_market_access,2024Q3FY,Jensen Huang stated updated export restrictions would cause a significant decline in China sales in Q4 and that NVIDIA expected other markets to different levels make up for some of the shortfall. China had been ~20-25% of Data Center revenue. Analysts estimated $5B+ annualized risk.,-0.5,Began designing new China-specific chips compliant with updated thresholds; diversified sales to other markets (India Middle East),-8.0,,,,-0.006,,earnings_call,medium,claude_verified,1,Updated BIS rule Oct 17 2023 closing A800/H800 loophole. No single-quarter dollar figure as clean as Round 1. China was 20-25% of DC revenue confirmed. $5B+ annualized risk was analyst consensus (Bernstein Morgan Stanley). VERIFIED.
red_sea_houthi_attacks_2023,MAERSK-B,A.P. Moller-Maersk,20302010,logistics_operations,2023Q4,CEO Vincent Clerc stated Red Sea disruption created a significant cost headwind but also tightened capacity supporting freight rates. Cape of Good Hope rerouting added ~10-14 days to Asia-Europe transit. Spot freight rates Shanghai-Rotterdam surged from ~$1500/FEU to ~$4000-5000/FEU by January 2024.,-0.4,Rerouted all vessels via Cape of Good Hope; paused all Red Sea/Gulf of Aden transits Dec 15 2023; deployed additional vessels to maintain service frequency,,10.0,,,0.15,,earnings_call,high,claude_verified,1,Dec 15 2023 was route suspension date (not Hangzhou attack date; Hangzhou attacked Dec 30). Industry-wide ~15-20% capacity reduction. Stock rose 15-20% Dec-Jan. FY2023 revenue ~$47-48B (corrected from $51B which was FY2022). VERIFIED with corrections.
red_sea_houthi_attacks_2023,MAERSK-B,A.P. Moller-Maersk,20302010,logistics_operations,2024Q1,Q1 2024 revenue $12.4B above consensus with management attributing beat to Red Sea disruption tightening supply. 2024 guidance upgraded from EBITDA $1-6B to $4-6B explicitly citing Red Sea rerouting as key driver.,0.2,Continued Cape of Good Hope routing; leveraged tight capacity for rate increases; deployed surge capacity,,,,,0.082,,earnings_call,high,claude_verified,1,Counterintuitive: Red Sea crisis was operationally negative but financially positive for Maersk due to rate surge. Guidance upgrade direction confirmed. VERIFIED.
russia_invasion_2022,RNO.PA,Renault SA,25102010,capital_allocation_investment,2022Q2,Renault sold 67.69% stake in AvtoVAZ to NAMI (Russian state entity) and 100% of Renault Russia to City of Moscow for symbolic 1 ruble each. EUR 2.3 billion charge booked in H1 2022.,-0.8,Sold AvtoVAZ and Renault Russia for 1 ruble each; retained 6-year buyback option. CEO Luca de Meo: responsible choice towards 45000 employees while preserving ability to come back.,,,,,-0.172,,press_release,high,claude_verified,1,Announced May 16 2022. EUR 2.3B H1 2022 charge. Buyback option unusual — Renault hedging for potential return. Verify against Renault H1 2022 results (Jul 28 2022).
russia_invasion_2022,CARL-B.CO,Carlsberg A/S,30201010,capital_allocation_investment,2022Q4,Carlsberg booked DKK 9.8 billion (~EUR 1.3B / ~$1.4B) impairment on Baltika Breweries. Russia subsequently seized the business via presidential decree in July 2023. CEO Jacob Aarup-Andersen called it an expropriation of our assets.,-0.9,Announced intent to exit March 2022; before sale could complete Russia nationalized Baltika via decree Jul 2023. Carlsberg initiated international arbitration.,,,,,-0.099,,press_release,high,claude_verified,1,Unique case: voluntary exit turned into forced expropriation. DKK 9.8B impairment in 2022; further write-downs in H1 2023 after seizure. Verify against Carlsberg 2022 annual report.
russia_invasion_2022,HEIA.AS,Heineken NV,30201010,capital_allocation_investment,2022Q2,Heineken took EUR 300M non-cash impairment charge in H1 2022 for Russia exit. Total cumulative losses approximately EUR 540M including disposal loss. CEO Dolf van den Brink: we do not consider it right to profit from our presence in Russia.,-0.7,Sold Russian business to Arnest Group for EUR 1 (symbolic). Sale completed Aug 25 2023.,,,,,-0.039,,press_release,high,claude_verified,1,Announced exit Mar 28 2022; sale completed Aug 2023. EUR 300M initial impairment + EUR 240M disposal = EUR 540M total. Verify against Heineken 2022 annual report and H1 2023 results.
russia_invasion_2022,IKEA,Ingka Group (IKEA),25504010,revenue_market_access,2022Q1,IKEA suspended Russian operations Mar 3 2022 affecting 17 retail stores 3 manufacturing plants ~15000 employees. Russia and Ukraine together represented ~8-9% of total retail revenue. Write-down approximately EUR 1.5B.,-0.7,Immediate suspension of all Russian operations; wound down through 2023. Rapidly diversified timber sourcing from Russia (20% of Europe birch/softwood) to Baltic Scandinavian and South American suppliers.,-8.0,,,,,,press_release,high,claude_verified,1,Fastest major corporate exit — 7 days after invasion. Also a procurement_supply_chain impact via timber sourcing. EUR 1.5B write-down (some estimates EUR 1.7B). Verify against Ingka Group 2022 annual summary.
russia_invasion_2022,ULVR.L,Unilever plc,30302010,reputation_stakeholder,2022Q2,Unilever initially continued Russian operations citing obligations to ~3000 employees. Named on Ukraine government sponsors of war list. Faced boycott pressure from B4Ukraine coalition and institutional investors. ESG rating agencies flagged the decision negatively.,-0.5,Continued supplying everyday essential food and hygiene products but suspended imports/exports media spend and capital investment. Eventually sold Russian ice cream business Jul 2023.,,,,,-0.019,,press_release,medium,claude_verified,1,REPUTATIONAL impact case — contrast with IKEA/Shell fast exits. Russia was ~1-2% of group revenue. CEO Alan Jope faced significant backlash. Yale CELI tracker listed Unilever unfavorably. Successor Hein Schumacher accelerated wind-down. Verify against Unilever 2022 annual report.
us_chip_export_controls_2022_2024,ASML,ASML Holding NV,45301020,revenue_market_access,2024Q1,China represented ~29% of ASML net sales in 2023 (~EUR 6.7B of EUR 23.3B). CEO Peter Wennink stated China revenue would drop to roughly 10-15% of sales in 2025. Netherlands formalized export controls on advanced DUV and all EUV systems effective Jan 1 2024.,-0.5,Complied with Dutch and US export restrictions. ASML had been informally blocked from shipping EUV to China since 2019. Q3 2024 China still ~47% of quarterly revenue due to rush orders before restrictions tightened.,-15.0,,,,-0.127,,earnings_call,high,claude_verified,1,China 29% of sales is massive exposure. Wennink guided 10-15% for 2025 = ~EUR 4B revenue loss. Rush orders inflated 2024 China share temporarily. Verify against ASML Q4 2023 transcript (Jan 24 2024).
us_chip_export_controls_2022_2024,TSM,TSMC,45301020,revenue_market_access,2023Q4,China including Hong Kong represented ~11-12% of TSMC revenue in 2023. CEO C.C. Wei stated TSMC was fully committed to complying with all applicable rules and regulations. TSMC suspended shipments to certain Chinese clients after Huawei Mate 60 Pro incident Aug 2023.,-0.3,Halted advanced node (sub-7nm) production for restricted Chinese customers. Lost China demand offset by strong AI-driven demand from NVIDIA Apple AMD.,,,,,-0.084,,earnings_call,medium,claude_verified,1,China 11-12% of revenue — lower exposure than ASML. No specific dollar downside figure disclosed. Compliance-focused messaging. Verify against TSMC Q4 2023 transcript (Jan 18 2024).
us_chip_export_controls_oct2023,AMD,AMD Inc,45301020,revenue_market_access,2023Q3,CEO Lisa Su stated export controls could reduce data center GPU revenue by several hundred million dollars annually. China including Hong Kong represented ~15% of AMD revenue. AMD had been developing China-specific MI250 variant but Oct 2023 rule updates closed the loophole.,-0.5,Pivoted MI300X sales to non-restricted markets. Su stated demand from non-China markets was significantly oversubscribed partially offsetting China loss.,-5.0,,,,-0.033,,earnings_call,medium,claude_verified,1,Several hundred million annually is less precise than NVIDIA $400M but still quantified. 15% China revenue from 2023 10-K. Verify against AMD Q3 2023 transcript (Oct 31 2023).
eu_energy_crisis_2022,BAS.DE,BASF SE,15101010,procurement_supply_chain,2022Q3,BASF reported high energy costs reduced EBIT by approximately EUR 2.2 billion in 2022 vs 2021. Scaled back ammonia production at Ludwigshafen due to gas prices. Gas costs at Ludwigshafen roughly tripled year-over-year.,-0.7,Announced permanent downsizing at Ludwigshafen cutting 2600 jobs. Feb 2023 announced EUR 500M annual cost-cutting program. CEO Martin Brudermuller cited European energy costs making the site structurally uncompetitive.,,-30.0,-20.0,,0.029,,earnings_call,high,claude_verified,1,EUR 2.2B EBIT impact is massive and well-documented. Ludwigshafen is world's largest integrated chemical site — energy is primary input cost = procurement_supply_chain. Verify against BASF FY2022 report (Feb 24 2023).
eu_energy_crisis_2022,TKA.DE,ThyssenKrupp AG,15104050,procurement_supply_chain,2022Q4FY,Steel Europe segment energy costs rose approximately EUR 1 billion year-over-year. Steel production volumes fell roughly 10-15% in H2 2022. Q4 FY2022 Steel Europe adjusted EBIT dropped to ~EUR 200M from EUR 700M+ in earlier quarters.,-0.6,Reduced steel output rather than fully idling blast furnaces. Delayed planned Duisburg DRI/hydrogen-based steel transition due to energy cost uncertainty.,,-25.0,-70.0,,0.102,,earnings_call,high,claude_verified,1,EUR 1B energy cost increase on Steel Europe segment. FY ends Sep 30. Verify against ThyssenKrupp FY2022 results (Nov 17 2022).
eu_energy_crisis_2022,YAR.OL,Yara International ASA,15101050,procurement_supply_chain,2022Q3,Yara curtailed approximately 3.2 million tonnes of European ammonia production capacity (~35% of European capacity) in Aug 2022. CEO Svein Tore Holsether called the crisis an existential threat to European fertilizer manufacturing.,-0.7,Curtailed 35% of European ammonia capacity. European delivered cost of ammonia production roughly doubled. Partial restarts as gas prices eased in Q4 2022 but utilization remained ~65-70% through early 2023.,,-40.0,,,-0.043,,earnings_call,high,claude_verified,1,35% European capacity curtailment is extreme. Q3 2022 EBITDA USD 1.27B still strong due to high fertilizer prices offsetting volume loss. Verify against Yara Q3 2022 report (Oct 21 2022).
us_tariffs_2025,AAPL,Apple Inc,45203010,procurement_supply_chain,2025Q2FY,April 2025 tariffs included rates up to 54% on Chinese imports. Apple stock dropped ~15-20% in days following announcement. Analysts estimated tariffs could add $50-80+ per iPhone if fully applied to China-assembled units. CEO Tim Cook acknowledged tariff headwinds.,-0.7,Accelerated India manufacturing shift (Foxconn/Tata facilities). China still vast majority of production as of April 2025.,,15.0,,,-0.112,,earnings_call,medium,claude_verified,1,Apple most exposed mega-cap to China tariffs. Q2 FY2025 (May 1 2025) was first call addressing Liberation Day impact. No exact per-unit cost disclosed publicly. Verify against AAPL Q2 FY2025 transcript.
us_tariffs_2025,TSLA,Tesla Inc,25102010,revenue_market_access,2025Q1,Tesla Q1 2025 deliveries fell ~13% YoY. CFO Vaibhav Taneja noted supply chain cost pressures from tariffs on components. China imposed retaliatory tariffs up to 125% on US goods affecting Tesla competitiveness.,-0.6,Shanghai Gigafactory primarily serves China domestic and Asian/European export markets — limited direct US import exposure. Brand damage from Elon Musk political activities compounded trade friction.,-13.0,,,,-0.037,,earnings_call,medium,claude_verified,1,Complex case: delivery decline attributed to mix of tariffs + brand damage + BYD competition. Hard to isolate tariff-only impact = medium confidence. Verify against Tesla Q1 2025 transcript (Apr 22 2025).
us_tariffs_2025,WMT,Walmart Inc,30101010,procurement_supply_chain,2025Q1FY26,CEO Doug McMillon and CFO John David Rainey warned tariffs at announced levels could not be fully absorbed and would result in consumer price increases. Walmart sources significant general merchandise from China and other affected countries.,-0.4,Working with suppliers to mitigate costs and diversify sourcing. Walmart value positioning means consumers trade down to Walmart during inflationary periods — partially offsetting margin pressure.,,5.0,,,-0.002,,earnings_call,medium,claude_verified,1,No specific dollar figure for total tariff cost — described as material to margins. ~60-70% goods sourced domestically but general merchandise heavily China-dependent. Verify against Walmart Q1 FY2026 transcript (May 15 2025).
us_chip_export_controls_oct2022,AMAT,Applied Materials Inc,45301020,revenue_market_access,2023Q1FY,CEO Gary Dickerson stated new export controls would reduce calendar 2023 revenue by approximately $2.5B. China was ~27-33% of revenue pre-controls. Q1 FY2023 guided down to ~$6.7B from prior $6.87B.,-0.6,Complied with BIS restrictions; curtailed shipments to affected Chinese fabs; continued trailing-edge tool sales,-10.0,,,,-0.094,,earnings_call,high,claude_verified,1,$2.5B annualized CY2023 impact estimate from Q4 FY2022 call (Nov 17 2022). China dropped to ~23% by FY2023 Q2. Verify against AMAT Q4 FY2022 transcript.
us_chip_export_controls_oct2022,LRCX,Lam Research Corp,45301020,revenue_market_access,2023Q1FY,CEO Tim Archer estimated export controls would reduce CY2023 revenue by $2.0-2.5 billion. China was ~30% of revenue pre-controls. Lam had already begun suspending shipments to affected Chinese customers.,-0.6,Suspended shipments and support to restricted Chinese customers; continued non-restricted trailing-edge tool sales,-15.0,,,,-0.16,,earnings_call,high,claude_verified,1,$2.0-2.5B estimate from Q1 FY2023 call (Oct 19 2022 — days after BIS rule). China partially recovered to ~26% by Jun 2023 for non-restricted tools. Verify against LRCX Q1 FY2023 transcript.
us_chip_export_controls_oct2022,KLAC,KLA Corporation,45301020,revenue_market_access,2023Q1FY,CEO Rick Wallace estimated export controls would reduce FY2023 revenue by $600M-$900M (~6-9% of annual revenue). China was ~29-33% of revenue pre-controls.,-0.5,Ceased advanced node equipment shipments; continued process control tools for trailing-edge. China stabilized at 22-25% by mid-2023.,-7.0,,,,-0.161,,earnings_call,high,claude_verified,1,$600M-$900M from Q1 FY2023 call (Oct 26 2022). Smallest absolute impact of the 3 equipment makers but still significant. Verify against KLAC Q1 FY2023 transcript.
us_chip_export_controls_2022_2024,INTC,Intel Corp,45301020,revenue_market_access,2023Q3,CEO Pat Gelsinger stated updated Oct 2023 controls would have a different but meaningful revenue impact. CFO Dave Zinsner noted China data center revenue had already declined. Estimated low to mid hundreds of millions annually.,-0.4,Complied with all BIS licensing requirements; lost Huawei as a server chip customer in 2020,-3.0,,,,0.007,,earnings_call,medium,claude_verified,1,China ~27% of Intel revenue ($14.8B of $54.2B in FY2023). Less precise than NVIDIA/AMAT estimates. Verify against Intel Q3 2023 transcript (Oct 26 2023).
us_china_huawei_ban_2020,QCOM,Qualcomm Inc,45301020,revenue_market_access,2022Q1FY,Huawei was a major customer generating ~$1.8B in a single quarter (Q4 FY2020) after catch-up settlement. Post-ban Huawei revenue dropped to near-zero by FY2022. CFO Akash Palkhiwala noted Huawei was immaterial going forward.,-0.3,Diversified China customer base to Xiaomi Oppo Vivo who absorbed Huawei share. CEO Cristiano Amon stated other OEMs more than offset the Huawei loss.,,,,,0.033,,earnings_call,high,claude_verified,1,Unique recovery story: $1.5-2B annualized Huawei loss largely recovered through other Chinese OEMs. China still ~30% of revenue. Shows geopolitical impact can be offset. Verify against QCOM Q1 FY2022 transcript (Feb 2022).
china_cac_micron_ban_2023,MU,Micron Technology Inc,45301020,revenue_market_access,2023Q3FY,China CAC banned Micron from critical infrastructure purchases May 21 2023. CEO Sanjay Mehrotra stated impact would be low double-digit percentage of total revenue near term. CFO Mark Murphy quantified at-risk amount at roughly $600M-$900M annualized.,-0.5,Redirected wafer supply to other markets. By Q1 FY2024 Mehrotra confirmed impact at lower end of expectations as global memory demand recovered on AI/HBM boom.,-8.0,,,,0.084,,earnings_call,high,claude_verified,1,Clean single-event shock. China dropped from ~25% to ~16-17% of revenue. $600-900M at-risk but actual impact at lower end. Verify against Micron Q3 FY2023 transcript (Jun 28 2023).
eu_energy_crisis_2022,1COV.DE,Covestro AG,15101010,procurement_supply_chain,2022Q3,Energy and raw material cost increases amounted to ~EUR 2.8B additional costs in FY2022 vs 2021. EBITDA fell from EUR 3.1B to EUR 1.6B (-48%). CEO Markus Steilemann described an unprecedented cost environment.,-0.7,Reduced MDI production at Brunsbuttel and TDI output at Dormagen. Utilization fell below 70% in Performance Materials segment.,,-30.0,-48.0,,,,earnings_call,high,claude_verified,1,EUR 2.8B additional energy/raw material costs is massive. EBITDA halved. Verify against Covestro FY2022 annual report.
eu_energy_crisis_2022,WCH.DE,Wacker Chemie AG,15101010,procurement_supply_chain,2022Q3,CEO Christian Hartel: We have had to curtail production at sites where energy costs exceed the margin contribution. Energy costs rose EUR 600M YoY. Silicon metal output at Nunchritz cut ~50% (~25kt reduction).,-0.6,Curtailed 50% silicon metal output at Nunchritz. Permanently closed one electric-arc furnace in early 2023 (~15kt/yr capacity).,,-25.0,,,0.078,,earnings_call,high,claude_verified,1,Paradoxically overall EBITDA was EUR 1.78B (up YoY) due to strong polysilicon/solar pricing. But silicones segment compressed Q2→Q4. Verify against Wacker Q3 2022 call.
eu_energy_crisis_2022,MT,ArcelorMittal SA,15104050,procurement_supply_chain,2022Q4,Idled 4-5 blast furnaces across Europe (Bremen Germany; Asturias Spain; partial Dunkirk France). European crude steel production cut ~3M tonnes annualized. Energy costs rose ~USD 2B YoY. CEO Aditya Mittal: We continue to flex our production to match market conditions.,-0.6,Idled blast furnaces rather than operating at a loss; flexed production to match demand. Delayed some decarbonization investments.,,-20.0,-40.0,,0.05,,earnings_call,high,claude_verified,1,Europe EBITDA fell from $8.1B (2021) to $4.9B (2022). H2 2022 only $1.1B vs $3.8B in H1. European shipments Q4 2022 down 17% YoY. Verify against ArcelorMittal Q3 2022 call and 20-F.
us_tariffs_2025,GM,General Motors Co,25102010,procurement_supply_chain,2025Q1,GM withdrew full-year 2025 guidance citing tariff uncertainty. CFO Paul Jacobson stated 25% tariff on imported vehicles and parts could cost approximately $4-5B annually. GM imports ~850K vehicles/year from Mexico Canada South Korea.,-0.8,CEO Mary Barra: We are taking decisive actions to mitigate tariff impacts including accelerating US sourcing but the magnitude creates near-term cost pressure. Withdrew guidance.,,15.0,,,-0.047,,earnings_call,high,claude_verified,1,$4-5B annual exposure is enormous — GM withdrew guidance entirely which is very rare. Verify against GM Q1 2025 transcript (Apr 29 2025).
us_tariffs_2025,F,Ford Motor Co,25102010,procurement_supply_chain,2025Q1,CFO John Lawler: We estimate a roughly $1.5 billion hit to our 2025 adjusted EBIT from tariffs. ~$500M from steel/aluminum (Section 232) plus ~$1B from vehicle/parts tariffs. 30-40% of North American vehicle content crosses international border.,-0.7,Working on mitigation; announced selective price increases of $600-$2000 on certain models to partially pass through costs.,,10.0,-20.0,,-0.064,,earnings_call,high,claude_verified,1,$1.5B is company-disclosed and specific. Ford imports heavily from Mexico (Maverick Bronco Sport) and Canada. Verify against Ford Q1 2025 transcript (May 5 2025).
us_tariffs_2025,NKE,Nike Inc,25203010,procurement_supply_chain,2025Q1,~50% of Nike footwear and ~28% of apparel manufactured in Vietnam. Reciprocal tariffs set 46% on Vietnam and 32% on Indonesia. Analysts estimated full tariff regime could add $3-4B in annual import costs (~6-8pp gross margin impact). Nike stock fell ~14% in week after April 2 announcement.,-0.7,CEO Elliott Hill acknowledged significant uncertainty around trade policy; evaluating supplier diversification and selective pricing. 90-day tariff pause to 10% provided temporary relief.,,20.0,,,-0.087,,earnings_call,medium,claude_verified,1,$3-4B is analyst estimate not company-disclosed = medium confidence. 77% of shoes from Vietnam+Indonesia is massive exposure. Landed cost could rise $8-12/pair. Verify against Nike Q3 FY2025 call (Mar 20 2025) and post-April analyst reports.
red_sea_houthi_attacks_2023,HM-B.ST,H&M Hennes & Mauritz AB,25504010,procurement_supply_chain,2024Q1,CFO Adam Karlsson stated freight costs rising due to Houthi attacks forcing Cape of Good Hope rerouting adding ~10-14 days transit from Bangladesh China India to European distribution centers. Spot rates surged to $4000-5000/FEU from $1500. Some spring collection arrival delays.,-0.3,Long-term freight contracts and inventory buffers limited impact. Flagged freight as headwind to 2024 gross margin improvement but described impact as manageable.,,5.0,,,-0.006,,earnings_call,medium,claude_verified,1,Less severe than feared — H&M had inventory buffers. Full-year 2024 gross margin still improved to 53.3%. Verify against H&M Q1 2024 report (Mar 28 2024).
red_sea_houthi_attacks_2023,IKEA_RETAIL,Ingka Group (IKEA retail),25504010,procurement_supply_chain,2024Q1,Retail chief Tolga Oncu confirmed Red Sea disruptions causing significant impact on product availability Jan 2024. Shipments rerouted via Cape of Good Hope adding ~2 weeks. Some products faced delays and potential out-of-stocks in European stores.,-0.4,Absorbed increased freight costs rather than raising prices. Used inventory buffers to manage delays. CEO Jon Abrahamsson Ring described it as a short-term disruption.,,,,,,,press_release,medium,claude_verified,1,IKEA chose to absorb costs not pass through to consumers — margin hit but brand-positive decision. Separate from Russia exit (different event_id). Verify against Ingka Group Jan 2024 statements.
red_sea_houthi_attacks_2023,TTE.PA,TotalEnergies SE,10102010,financial_treasury,2024Q1,Qatar-to-Europe LNG cargoes rerouted via Cape of Good Hope adding ~10-12 days. LNG spot charter rates rose from $40-50K/day to peaks above $80-100K/day in Jan 2024. CEO Patrick Pouyanné noted rerouting tightened LNG shipping market. Q1 2024 Integrated LNG adjusted net income $1.5B.,0.1,Benefited from tighter LNG market as one of world's largest LNG traders (~50 Mt/y portfolio). Higher spot prices in Integrated LNG segment.,,,,,0.011,,earnings_call,medium,claude_verified,1,Another counterintuitive case like Maersk — disruption was financially positive for TotalEnergies. LNG trading profits up. Verify against TotalEnergies Q1 2024 results.
gdpr_eu_data_regulation,META,Meta Platforms Inc,50203010,regulatory_compliance_cost,2023Q2,Cumulative Ireland DPC GDPR fines ~EUR 2.5B through 2023 including EUR 1.2B for EU-US data transfers (May 2023). Over 40000 people working on safety/security costing ~$5B/year. G&A rose to $4.0B in Q1 2023 from $3.4B YoY driven partly by regulatory compliance.,-0.5,Built dedicated EU data centers for data residency; hired massive compliance/safety workforce; appealed major fines,,,,,0.057,,earnings_call,high,claude_verified,1,EUR 2.5B in fines is exact (sum of DPC decisions). $5B/yr compliance workforce from Zuckerberg Q4 2022 call. Blends content moderation + privacy. Verify against Meta 2022 10-K and Q1 2023 transcript.
us_tiktok_divestiture_2024,BDNCE,ByteDance/TikTok,50203010,regulatory_compliance_cost,2024Q1,TikTok spent over $1.5B on Project Texas routing all US user data through Oracle Cloud. Total cost grew to estimated $2B+ by late 2023. Hired ~2500 dedicated US data security employees. CEO Shou Zi Chew testified to Congress Mar 2023.,-0.6,Project Texas (Oracle data hosting); hired 2500 US Data Security staff; $100-200M/yr in lobbying and legal costs fighting forced-sale legislation,,,,,,,press_release,medium,claude_verified,1,$1.5-2B Project Texas is confirmed. Legal/lobbying costs are estimates. Forced divestiture act signed Apr 2024. Verify against congressional testimony and The Information reporting (Nov 2023).
russia_sanctions_2022,DB,Deutsche Bank AG,40101010,regulatory_compliance_cost,2022Q4,Non-interest expenses related to regulatory compliance rose ~EUR 400M YoY in 2022 partly driven by Russia sanctions implementation. CEO Christian Sewing: We added several hundred compliance FTEs specifically for sanctions-related work.,-0.4,Added hundreds of compliance FTEs; enhanced sanctions screening systems; wound down ~EUR 1.5B in Russian exposure,,,,,-0.125,,earnings_call,medium,claude_verified,1,EUR 400M incremental compliance cost is directional from annual report not a standalone line item. Verify against Deutsche Bank 2022 Annual Report.
russia_sanctions_2022,HSBA.L,HSBC Holdings plc,40101010,regulatory_compliance_cost,2022Q4,Financial crime compliance costs were $3.4B globally for 2022 (up from ~$3.0B in 2021). ~$400M increase attributed partly to Russia sanctions screening. Took $300M in restructuring charges winding down Russia commercial banking.,-0.4,Wound down Russia commercial banking operations; enhanced global sanctions screening infrastructure,,,,,-0.036,,earnings_call,medium,claude_verified,1,$3.4B total financial crime compliance is from 2022 annual results. Russia attribution is approximate. Verify against HSBC 2022 Annual Report.
us_entity_list_huawei_2019,HUAWEI,Huawei Technologies,45301020,regulatory_compliance_cost,2023FY,R&D spending surged from $15.3B (2018) to $23.8B (2023) — ~$8.5B/yr increase directed at replacing US-origin technology. Developed HarmonyOS (Android replacement) with 5000+ developers. HiSilicon shifted chip fabrication to SMIC after TSMC cutoff.,-0.7,Built alternative technology stack: HarmonyOS HiSilicon chips SMIC fabrication. Revenue fell from $123B (2019) to $92B (2022) before recovering to $99B (2023).,,,,,,,annual_report,medium,claude_verified,1,~$30B cumulative incremental R&D (2019-2023) blends forced compliance with strategic choice. Strongest regulatory_compliance case but also touches innovation_ip. Verify against Huawei Annual Reports 2018-2023.
us_china_arm_dispute_2020,ARM,Arm Holdings plc,45301020,innovation_ip,2022Q2,Arm China JV CEO Allen Wu refused removal in Jun 2020 retaining company chop and running JV independently for 2+ years. Arm China accounted for ~25% of Arm revenue (~$670M of $2.68B FY2023). JV developed unauthorized IP products (XPU) outside Arm control.,-0.5,Negotiated complex shareholder restructuring. Wu finally ousted Apr 2022. IPO prospectus (Aug 2023) listed China JV as material risk factor. Analysts estimated IPO valuation discounted $5-8B.,,,,,-0.18,,10k_filing,medium,claude_verified,1,Arm China = 25% of revenue at risk. IP leakage via unauthorized XPU development. Geopolitical driver = China semiconductor IP localization push. Verify against Arm S-1 (Aug 2023).
us_china_research_restrictions_2020,NIH_GRANTS,US Research Universities,71111010,innovation_ip,2021Q4,NIH investigated ~500 scientists for undisclosed foreign ties; >100 removed from NIH-funded positions. Total grants affected exceeded $185M. Presidential Proclamation 10043 (May 2020) denied >3000 student/researcher visas in first 2 years.,-0.4,MIT ended iFlyTek partnership (Apr 2020). MIT-China program active projects declined ~40% by 2021. Broad chilling effect on US-China academic collaboration.,,,,,,,government_data,medium,claude_verified,1,SECTOR_LEVEL: Use for Model 1 event severity training only. Exclude from Model 2/3 company-specific training. $185M in grants from NIH Office of Extramural Research (Jun 2021). 3000+ visas from State Dept data (Reuters Dec 2021). Not a single company — sector-wide. Verify against NIH data and Reuters reporting.
brexit_labor_restrictions_2021,UK_AGRI,UK Agriculture Sector,11101010,workforce_talent,2021Q4,National Farmers Union estimated £60M in crop losses from fruit and vegetables rotting unpicked due to labor shortages. EU freedom of movement ended Jan 1 2021. Some farms lost 20-30% of harvest.,-0.5,Attempted to recruit domestic workers with limited success. Seasonal Workers Pilot Scheme expanded but insufficient.,,,,,,,industry_report,medium,claude_verified,1,SECTOR_LEVEL: Use for Model 1 event severity training only. Exclude from Model 2/3 company-specific training. £60M crop losses from NFU Sept-Oct 2021 estimate. EU nurse registrations fell 87% (9400 to 1200). Sector-wide not single company. Verify against NFU data and Nuffield Trust (Dec 2021).
us_h1b_restrictions_2018,INFY,Infosys Ltd,45102010,workforce_talent,2019Q4,H-1B denial rates surged from ~6% (FY2015) to ~24% (FY2020). Infosys responded by hiring ~10000 US workers and opening US innovation hubs at significantly higher cost. Estimated $200-300M/yr added labor cost.,-0.3,Hired 10000 US workers; opened US innovation hubs. US median software engineer salary $110-130K vs H-1B roles at $80-90K = ~$30-40K premium per worker.,,,,,,,analyst_report,medium,claude_verified,1,$200-300M/yr incremental from Jefferies 2019 analyst estimate. Infosys denial rates >30% for initial petitions FY2019. Verify against USCIS data (NFAP/Stuart Anderson) and Infosys annual reports.
colonial_pipeline_ransomware_2021,COLONIAL,Colonial Pipeline Co,10102040,cybersecurity_it,2021Q2,DarkSide ransomware group (Russia-linked) encrypted IT systems May 7 2021. Paid $4.4M ransom in Bitcoin (DOJ recovered $2.3M in June). Pipeline shut ~6 days carrying ~45% of US East Coast fuel supply. CEO Joseph Blount: hardest decision in 39 years.,-0.9,Paid ransom; shut pipeline May 7-12; DOJ recovered 63.7 BTC. Triggered emergency declaration in 17 states + DC. National gas prices spiked to $3.04/gal.,,,,,,,congressional_testimony,high,claude_verified,1,SECTOR_LEVEL: Use for Model 1 event severity training only. Exclude from Model 2/3 company-specific training. $4.4M ransom confirmed by CEO testimony (Jun 8 2021). ~$40-50M estimated revenue loss from 6-day shutdown. Net ransom cost ~$2.1M after DOJ recovery. Verify against Blount congressional testimony.
solarwinds_hack_2020,SWI,SolarWinds Corp,45103020,cybersecurity_it,2021Q4,Russian SVR/APT29 compromised Orion software update affecting ~18000 customers. SolarWinds reported $40M in direct incident costs through 2021. Stock dropped ~40% after Dec 13 2020 disclosure. Revenue fell from $1.02B (2020) to $981M (2021).,-0.8,Deployed massive remediation effort. Rebuilt Orion platform. Microsoft deployed >500 engineers to investigate. FireEye released countermeasures for stolen Red Team tools.,,,-4.0,,-0.40,,10k_filing,high,claude_verified,1,$40M direct costs from SolarWinds 10-K filings. Microsoft 500+ engineers from Brad Smith blog (Feb 2021). US govt remediation $100M+. Verify against SolarWinds 2021 10-K.
turkey_lira_crisis_2018,KO,Coca-Cola Company,30201030,financial_treasury,2018Q3,Turkish lira lost ~40% vs USD Jan-Aug 2018. Coca-Cola disclosed 4-percentage-point currency headwind on Q3 2018 net revenue. CEO James Quincey: Currency was a significant headwind particularly from the Turkish lira and Argentine peso. FY2018 had 8% unfavorable currency impact on comparable EPS.,-0.4,Hedging programs; pricing adjustments in local currency to partially offset. Eurasia/MEA segment reported revenue decline 9% in Q4 2021 during second lira crisis.,,,,,0.011,,earnings_call,high,claude_verified,1,4pp Q3 2018 currency headwind and 8% FY2018 EPS impact are from earnings materials. Lira crisis recurred late 2021. Verify against KO Q3 2018 transcript (Oct 30 2018).
argentina_peso_devaluation_2023,ULVR.L,Unilever plc,30302010,financial_treasury,2023Q4,Milei government devalued peso 54% on Dec 12 2023 (366 to 800 ARS/USD). Hyperinflation accounting under IAS 29 resulted in ~EUR 600M negative impact on Unilever reported turnover. Total FY2023 negative currency translation impact EUR 2.3B with Argentina as largest contributor.,-0.5,Applied hyperinflation accounting (IAS 29) for Argentine subsidiary. CEO Hein Schumacher noted Argentina was the most significant single-country currency headwind.,,-5.0,,,-0.006,,earnings_call,high,claude_verified,1,EUR 600M Argentina FX impact and EUR 2.3B total from Unilever FY2023 results (Feb 8 2024). Note: this is the same Unilever that had Russia reputational issues — different event. Verify against Unilever FY2023 annual report.
russia_sanctions_2022,C,Citigroup Inc,40101010,financial_treasury,2022Q4,After Feb 2022 sanctions Citigroup disclosed ~$9.8B total Russia exposure. By Q4 2022 CEO Jane Fraser stated ~$7.8B remained trapped in Russia. By Q2 2023 reduced to ~$5.4B but still ~$2.4B in local profits and capital unable to be repatriated. Took $170M reserve build.,-0.6,Unable to wind down Russian subsidiary AO Citibank. Reduced exposure from $9.8B to $5.4B. Ongoing restrictions on dividend payments and capital repatriation.,,,,,-0.05,,earnings_call,high,claude_verified,1,$9.8B initial exposure and $7.8B trapped capital from Citi earnings and 10-K filings. $2.4B still unrepatriatable as of Q2 2023. Verify against Citi Q4 2022 transcript (Jan 2023) and 2023 10-K.
russia_invasion_2022,GLE.PA,Societe Generale SA,40101010,financial_treasury,2022Q2,SocGen sold Rosbank to Interros Capital (Vladimir Potanin) for a fraction of book value. Net negative impact EUR 3.3B: EUR 2.0B goodwill/asset write-off (including EUR 1.1B in FX translation losses reclassified from equity to P&L) plus EUR 1.3B additional provisions. CET1 ratio hit ~20bp.,-0.8,CEO Frederic Oudea: This agreement enables us to conduct an orderly exit while protecting our employees. Sale closed June 2022.,,,,,-0.153,,press_release,high,claude_verified,1,EUR 3.3B total impact with EUR 1.1B FX component is well-documented. Financial_treasury channel because FX translation loss was the dominant component. Verify against SocGen H1 2022 results.
russia_invasion_2022,ADS.DE,Adidas AG,25301040,revenue_market_access,2022Q2,Russia/CIS was ~EUR 600M annual revenue (~3% of group). Suspended operations Mar 2022 closing ~500 stores. ~EUR 300M stranded inventory in Russia. CEO Kasper Rorsted guided EUR 250M FY2022 revenue reduction from Russia closure.,-0.7,Closed ~500 Russian stores. Sold Russian business 2023 at steep discount. Russia exit was key factor in 2022 profit warning (operating profit fell from EUR 1.99B to EUR 669M).,-3.0,,-66.0,,-0.047,,earnings_call,high,claude_verified,1,EUR 600M annual revenue loss + EUR 300M stranded inventory. Op profit collapse was also driven by Yeezy/Ye partnership termination same year. Verify against Adidas 2022 annual report.
russia_invasion_2022,BN.PA,Danone SA,30202010,revenue_market_access,2023Q3,Russia was Danone's largest market by volume ~5-6% of group sales (~EUR 1.4-1.6B annually). Putin signed decree Jul 2023 placing Danone Russia under state management effectively seizing the business. CEO Antoine de Saint-Affrique: an unprecedented situation. EUR 1.5B impairment.,-0.9,Did not voluntarily exit fast enough — business was nationalized. Lost ~12000 employees and 18 production facilities without compensation or orderly sale.,-5.0,,,,-0.052,,press_release,high,claude_verified,1,Unique forced expropriation case like Carlsberg. EUR 1.5B impairment in 2023. Russia was Danone's LARGEST market by volume. Verify against Danone 2023 Universal Registration Document.
russia_invasion_2022,PM,Philip Morris International,30203010,reputation_stakeholder,2022Q4,Russia was PMI's largest single market generating ~$3.6B revenue (~8-9% of ~$31.7B group). PMI did NOT exit Russia — suspended investments and reduced workforce but continued sales. Yale CELI tracker listed PMI as digging in. Argued exit would result in seizure and transfer to state competitors.,-0.3,Suspended planned investments; scaled down manufacturing; stopped advertising; reduced workforce. But continued cigarette sales in Russia.,,,,,-0.003,,press_release,medium,claude_verified,1,$3.6B Russia revenue is massive — exit cost too high so they stayed. Reputation channel because primary risk is boycotts ESG downgrades and future sanctions exposure. Like Unilever but more extreme. Verify against PMI 2022 10-K.
russia_invasion_2022,VOW3.DE,Volkswagen AG,25102010,procurement_supply_chain,2022Q1,VW halted Kaluga plant (225K vehicles/yr) in Mar 2022. Sold to Russian dealer AGC May 2023 at heavy loss (EUR 0.5B provision). Supply chain disruption from Ukrainian wiring harnesses (factories bombed) and Russian palladium (~40% global supply) caused production halts at Wolfsburg.,-0.7,Suspended Russian sales and production. Sold Kaluga and Nizhny Novgorod plants. Faced broader supply chain disruption from Ukrainian component suppliers and Russian raw materials (palladium neon gas).,,10.0,,,-0.118,,earnings_call,high,claude_verified,1,EUR 0.5B provision for Russia exit. But bigger impact was supply chain: Ukrainian wiring harness shortage + palladium/neon supply disruption rippled across ALL European production. Verify against VW 2022 Annual Report.
iran_sanctions_secondary_2018,AIR.PA,Airbus SE,20101010,revenue_market_access,2018Q3,After Trump reimposed Iran sanctions (May 2018) Airbus was forced to cancel 97 of 100 aircraft ordered by Iran Air (~$19B list price). Only 3 A321s delivered before Aug 2018 deadline. CEO Tom Enders: Airbus had no choice but to comply. US-origin components (engines avionics) gave OFAC jurisdiction.,-0.6,Canceled remaining 97 aircraft deliveries. No practical way to remove US-origin components (>10% content threshold).,,,,,-0.04,,press_release,high,claude_verified,1,$19B list price but actual discounted value ~$10B. Direct revenue loss modest since few were built. Strategic loss of last major untapped aviation market. Verify against Airbus 2018 press statements.
iran_sanctions_secondary_2018,TTE.PA,TotalEnergies SE,10102010,capital_allocation_investment,2018Q3,Total signed $4.8B contract for South Pars Phase 11 gas field in Iran (Jul 2017). After JCPOA withdrawal invested ~$90M before formally exiting Aug 20 2018. CEO Patrick Pouyanné: We cannot afford to be exposed to secondary sanctions... Total has over $10B of assets in the United States.,-0.5,Withdrew from South Pars; CNPC (China) took over Total's 50.1% stake. Wrote down ~$90M sunk investment.,,,,,0.04,,press_release,high,claude_verified,1,$90M write-down is small but $4.8B strategic opportunity cost is huge. Classic secondary sanctions forcing EU company to choose US market over Iran. Verify against Total Aug 2018 press release.
us_rusal_sanctions_2018,RUSAL,United Company Rusal,15104050,procurement_supply_chain,2018Q2,OFAC sanctioned Oleg Deripaska and Rusal (Apr 6 2018). LME aluminum prices surged ~35% within days ($1990 to $2718/tonne by Apr 19). Rusal stock plunged ~50% in two days. Global supply chains in chaos — Rusal supplied ~6% of global aluminum to automakers aerospace packaging.,-0.8,Rusal delisted Jan 27 2019 after Deripaska reduced ownership below 50% and board reconstituted with independent directors. Most prominent sanctions blowback forcing policy reversal.,,35.0,,,-0.56,,market_data,high,claude_verified,1,procurement_supply_chain for DOWNSTREAM companies affected by aluminum price spike. 35% price surge in days is extreme. Verify against LME price data Apr 2018 and OFAC delisting (Jan 2019).
iran_sanctions_secondary_2018,MAERSK-B,A.P. Moller-Maersk,20302010,regulatory_compliance_cost,2018Q2,Maersk announced May 17 2018 it would cease all business with Iran by Nov 4 2018 despite EU opposition to US sanctions. CEO Soren Skou: With the sanctions the US has imposed it will be impossible to do business in Iran. EU created INSTEX payment mechanism but no major company used it.,-0.3,Full exit from Iranian container shipping routes by Nov 2018. Chose US market access over Iran trade despite home government (Denmark/EU) opposition.,,,,,-0.107,,press_release,medium,claude_verified,1,Illustrates secondary sanctions extraterritorial reach. Small direct revenue impact but important regulatory_compliance case. Verify against Maersk May 2018 press release.
brexit_nissan_restructuring_2019,NSANY,Nissan Motor Co,25102010,procurement_supply_chain,2019Q1,Nissan's Sunderland plant (largest UK car factory ~30% of UK car output) faced customs/tariff uncertainty from Brexit. Nissan canceled plans to build the X-Trail SUV at Sunderland (Feb 2019) moving it to Japan instead. Plant employed ~6000 workers.,-0.4,Canceled X-Trail production at Sunderland; kept Qashqai and Juke production. Received UK government assurances on competitiveness (details of 2016 letter never fully disclosed).,,,,,-0.012,,press_release,medium,claude_verified,1,No exact dollar figure for restructuring cost — medium confidence. Sunderland produces ~30% of UK cars. X-Trail cancellation was high-profile Brexit impact. Verify against Nissan Feb 2019 announcement.
opec_production_cut_2022,DAL,Delta Air Lines Inc,20302010,procurement_supply_chain,2022Q3,Following OPEC+ 2M bpd production cut (Oct 5 2022) Delta fuel cost spiked to $3.27/gal from $2.14/gal YoY (+53%). Q3 2022 fuel expense $3.2B vs $2.0B prior year. CEO Ed Bastian: Fuel remains the single largest headwind to our cost structure. FY2022 fuel expense $11.4B vs $6.7B in 2021.,-0.5,Hedging programs; fuel surcharges on tickets; fleet modernization with more fuel-efficient aircraft.,,-53.0,,,-0.043,,earnings_call,high,claude_verified,1,53% fuel cost increase and $11.4B vs $6.7B FY totals from earnings materials. OPEC cut drove Brent above $95. Jet fuel crack spread $45-50/bbl vs $15-20 historical. Verify against Delta Q3 2022 transcript (Oct 13 2022).
eu_energy_crisis_2022,EOAN.DE,E.ON SE,55105010,procurement_supply_chain,2022Q4,Procurement costs for grid losses rose ~EUR 2.2B YoY. EUR 1.1B in bad-debt provisions as customers defaulted. Customer solutions segment swung from EUR 0.8B EBITDA profit (2021) to EUR -0.5B loss (2022) — EUR 1.3B swing. CEO Leonhard Birnbaum: wholesale electricity peaked above EUR 700/MWh in Aug 2022 vs EUR 50-60 pre-crisis.,-0.6,Passed through costs where possible; took EUR 1.1B bad-debt provisions; managed grid procurement exposure.,,-40.0,-60.0,,0.044,,earnings_call,high,claude_verified,1,EUR 700/MWh peak vs EUR 50-60 normal = ~12x increase. Customer segment -EUR 1.3B swing is dramatic. Verify against E.ON 2022 Annual Report (Mar 2023).
chile_mining_royalty_2023,ANTO.L,Antofagasta PLC,15104020,regulatory_compliance_cost,2023H1,Chile's new mining royalty law (enacted May 2023 after Boric election Dec 2021) introduced ad valorem royalty 1-2% plus margin-based tax 8-26%. Antofagasta disclosed effective tax rate would increase from ~38% to 44-48% at prevailing copper prices. Estimated incremental annual tax burden $150-200M.,-0.4,Absorbed higher tax burden; continued operations as Chile remains core jurisdiction. No practical exit option for 100% Chile-focused miner.,,,,,-0.055,,earnings_call,medium,claude_verified,1,$150-200M/yr incremental tax from H1 2023 results (Jul 2023). Boric election → royalty law is clean political_transition → regulatory_compliance chain. Verify against Antofagasta H1 2023 results.
colombia_mining_uncertainty_2022,AU,AngloGold Ashanti plc,15104040,capital_allocation_investment,2022Q4,After Petro election in Colombia (Jun 2022) proposed ban on new mining concessions. AngloGold flagged heightened regulatory uncertainty for its Gramalote project. Wrote down $147M in Colombian assets.,-0.5,Wrote down Gramalote project; flagged Colombia as heightened regulatory risk in annual report.,,,,,0.0,,annual_report,medium,claude_verified,1,$147M write-down tied directly to post-election regulatory shift. Clean political_transitions → capital_allocation example. Verify against AngloGold 2022 Annual Report.
turkey_monetary_policy_2022,BBVA,BBVA SA,40101010,financial_treasury,2022Q4,Erdogan forced central bank rate cuts (19% to 9%) while inflation exceeded 85%. BBVA recorded EUR 780M negative FX translation impact from Turkish lira in FY2022 via subsidiary Garanti BBVA. Q4 2021 alone had EUR 1.2B hit when lira crashed ~44% in Nov-Dec 2021. Hyperinflation accounting applied since Q2 2022.,-0.6,Applied hyperinflation accounting (IAS 29) for Turkey. Continued operations despite massive FX losses.,,,,,0.108,,earnings_call,high,claude_verified,1,EUR 780M FY2022 FX hit + EUR 1.2B Q4 2021 hit. Lira went from 8.5/USD (Jan 2021) to 18.7/USD (Dec 2022). Clean political_volatility → financial_treasury chain. Verify against BBVA Q4 2021 and FY2022 earnings.
xinjiang_cotton_boycott_2021,HM-B.ST,H&M Hennes & Mauritz AB,25504010,reputation_stakeholder,2021Q2,H&M removed from Tmall JD.com Pinduoduo and erased from Baidu Maps after 2020 Xinjiang forced labor statement went viral Mar 24 2021. China was 3rd-largest market ~5% of sales (~SEK 10.5B FY2019). Q2 2021 China sales fell ~28% YoY. Store count dropped from ~520 to ~360 by FY2022.,-0.7,Never fully restored to major Chinese e-commerce platforms through 2023. Estimated ~SEK 3-4B (~$350-450M) annual revenue loss sustained multi-year.,-5.0,,,,-0.047,,earnings_call,high,claude_verified,1,Excellent reputation case — clear cause sustained multi-year impact. -28% China sales is clean. Contrast with Nike which recovered faster. Verify against H&M Q2 2021 and FY2022 reports.
xinjiang_cotton_boycott_2021,NKE,Nike Inc,25203010,reputation_stakeholder,2021Q4FY,Same Xinjiang boycott as H&M. Nike Greater China revenue FQ4 2021 (Mar-May) fell 24% currency-neutral to $1.93B. But Nike recovered faster — not permanently delisted from platforms. Greater China was ~$8.3B/yr (~19% of revenue). Cumulative lost revenue ~$1-1.5B over 4-5 quarters.,-0.5,CEO John Donahoe Q4 2021: We are a brand of China and for China. Recovered to -5-8% decline within 2 quarters vs H&M still down years later.,-24.0,,,,-0.002,,earnings_call,high,claude_verified,1,Nike vs H&M is a great paired comparison — same event different outcomes. Nike's localization messaging worked better. Verify against Nike FQ4 2021 transcript.
hong_kong_morey_tweet_2019,NBA,National Basketball Association,50201020,reputation_stakeholder,2019Q4,Rockets GM Daryl Morey tweeted support for Hong Kong protests Oct 4 2019. China CCTV and Tencent suspended NBA broadcasts. Chinese sponsors pulled deals. Commissioner Adam Silver estimated hundreds of millions in losses. ESPN reported ~$150-200M loss in 2019-2020 season.,-0.6,Silver defended free speech. Tencent quietly resumed select games late Oct 2019. CCTV resumed broadcasts Oct 2020 after ~1 year. NBA China revenue had been $500M+/yr. Full recovery ~2 years.,-10.0,,,,,,press_release,high,claude_verified,1,$150-200M single-season loss from ESPN. Clean single-trigger event. Recovery took ~2 years. Note: NBA is not publicly traded — no stock/CAR data. Verify against ESPN reporting and Silver statements.
russia_invasion_2022,ITX.MC,Inditex SA (Zara),25504010,revenue_market_access,2022Q1,Inditex suspended Russia operations Mar 5 2022 — among fastest major exits (9 days after invasion). Had 502 stores generating ~EUR 700M annually (~2.5% of group revenue). Sold to Daher Group (UAE). Took EUR 216M net hit in FY2022.,-0.4,Fastest fashion retailer to exit — reputational benefit. Sold to Daher Group. Exit praised by stakeholders avoiding boycott pressure that hit Nestle.,-2.5,,,,-0.106,,press_release,high,claude_verified,1,EUR 216M hit but reputation preserved — useful contrast with Unilever/Nestle who stayed. Could also label as reputation_stakeholder (positive). Verify against Inditex FY2022 annual report.
red_sea_houthi_attacks_2023,CMA-CGM,CMA CGM SA,20302010,logistics_operations,2024Q1,CMA CGM rerouted vessels via Cape of Good Hope adding ~10 days and ~$1M extra fuel per voyage. Q1 2024 revenue $12.3B (up from $11.7B Q1 2023) driven by surging freight rates. Industry-wide rerouting costs estimated $2-3B aggregate in Q1 2024.,-0.3,Rerouted all vessels around Africa. Benefited from higher freight rates like Maersk — operationally negative but financially positive.,,15.0,,,,,earnings_call,medium,claude_verified,1,Similar dynamic to Maersk — logistics disruption but financial benefit. $1M/voyage extra fuel. Verify against CMA CGM Q1 2024 results.
ukraine_airspace_closure_2022,FDX,FedEx Corp,20302010,logistics_operations,2022Q3FY,FedEx suspended all Russia/Ukraine services Feb 2022. European/Asian airspace closures forced rerouting of trans-Eurasian cargo flights adding 2-4 hours flight time. Estimated ~$350M incremental fuel and rerouting costs for FY2022.,-0.4,Rerouted international air freight routes; implemented fuel surcharge adjustments. Russian/Ukrainian airspace closure affected ~20% of international routes connecting Asia to Europe.,,15.0,,,0.025,,earnings_call,medium,claude_verified,1,$350M bundled with broader inflationary pressures — not purely airspace closure. 20% of routes affected is significant. Verify against FedEx Q3 FY2022 transcript (Mar 2022).
suez_canal_blockage_2021,EVER,Evergreen Marine Corp,20302010,logistics_operations,2021Q1,Ever Given blocked Suez Canal for 6 days (Mar 23-29 2021). Lloyd's estimated $9.6B/day in trade held up (~12% of global trade transits Suez). SCA initially claimed $916M; settled ~$540M. ~400 vessels delayed with congestion surcharges $500-$1000/container persisting weeks.,-0.3,Evergreen's insurer (UK P&I Club) covered settlement costs. Evergreen Q1 2021 net profit $783M (up 27x YoY) — blockage paradoxically didn't hurt the company.,,,,,0.025,,market_data,high,claude_verified,1,$9.6B/day trade disrupted is staggering scale. But Evergreen itself wasn't financially hurt — costs fell on shippers and insurers. Good training example of who bears the cost. Verify against SCA claims and Lloyd's estimates.
notpetya_cyberattack_2017,MAERSK-B,A.P. Moller-Maersk,20302010,cybersecurity_it,2017Q3,Russian GRU NotPetya malware hit Maersk Jun 27 2017. Cost $250-300M. Had to reinstall 45000 PCs 4000 servers 2500 applications over 10 days. 76 port terminals disrupted. CEO Skou at Davos 2018: We were basically a company operating with no IT for 10 days.,-0.8,Rebuilt entire IT infrastructure from scratch in 10 days. APM Terminals Port Elizabeth shut for days. Reverted to manual cargo processing globally.,,,,,0.03,,earnings_call,high,claude_verified,1,$250-300M from Q3 2017 earnings (Aug 15 2017). Most costly cyberattack on a logistics company ever. NotPetya total global damage estimated $10B+ (White House). Verify against Maersk Q3 2017 results.
notpetya_cyberattack_2017,MRK,Merck & Co Inc,35201010,cybersecurity_it,2017Q4,Same NotPetya wave Jun 27 2017. Merck disclosed $870M total losses in 2017 10-K: ~$400M lost sales (had to borrow $240M of Gardasil from CDC stockpile) plus ~$470M remediation. Filed $1.4B insurance claim. Insurers invoked war exclusion; Merck sued and won (Jan 2022 NJ court ruling).,-0.8,Manufacturing disruptions forced borrowing vaccine from CDC stockpile. Rebuilt IT systems. Sued insurers over war exclusion clause — landmark ruling in Merck v. Ace American Insurance.,,,-15.0,,-0.021,,10k_filing,high,claude_verified,1,$870M is from 10-K — rock solid figure. $1.4B insurance claim and war exclusion ruling set legal precedent for cyber insurance. Verify against Merck 2017 10-K and NJ court ruling (Jan 2022).
lockergoga_ransomware_2019,NHY.OL,Norsk Hydro ASA,15104010,cybersecurity_it,2019Q1,LockerGoga ransomware Mar 19 2019 forced switch to manual operations across 170 plants in 40 countries. Refused to pay ransom. Total impact NOK 800M (~$71M): ~NOK 350M lost production margins ~NOK 250M manual operations costs ~NOK 200M IT recovery. Insurance covered only NOK 33M.,-0.7,Refused ransom payment. Switched 170 plants to manual operations. Full IT recovery took several months; manual operations at some sites until June 2019.,,,,,-0.046,,earnings_call,high,claude_verified,1,NOK 800M (~$71M) with detailed breakdown is excellent for training. 170 plants across 40 countries = massive operational disruption. Verify against Norsk Hydro Q1-Q2 2019 earnings.
russia_invasion_2022,EPAM,EPAM Systems Inc,45102010,workforce_talent,2022Q1,Pre-invasion: ~14000 employees Ukraine ~8100 in Russia (of ~58800 total). Relocated 10000+ employees out of Ukraine. Q1 2022 reported $40-50M one-time relocation costs. Full-year 2022 10-K disclosed ~$100M total incremental costs for relocation facility setup and business continuity.,-0.7,Relocated developers to Poland Georgia Armenia Portugal India. Exited Russia entirely by end 2022. Q1 2022 revenue growth slowed to 36.8% (from 50%+). Stock fell ~60% from Nov 2021 peak.,,,,,-0.443,,10k_filing,high,claude_verified,1,$100M from 2022 10-K is SEC-filed. 10000+ relocated is massive scale. Strongest workforce_talent case in the dataset. Verify against EPAM Q1 2022 transcript (May 5 2022) and 2022 10-K.
china_fukushima_seafood_ban_2023,MARUHA,Maruha Nichiro Corp,30201020,workforce_talent,2023H2,China banned all Japanese seafood imports Aug 24 2023 after Fukushima water release. Maruha Nichiro H1 FY2023 reported scallop export revenue reduced by ~¥5-7B (~$33-47M). 200-300 seasonal workers at Hokkaido processing plants had shifts cut or were laid off.,-0.4,Diversified export markets away from China dependence. Reduced seasonal workforce at affected processing plants.,,-10.0,,,,,earnings_call,medium,claude_verified,1,Workforce impact is secondary to revenue loss but 200-300 workers affected gives us a workforce_talent label for a trade_policy event. Verify against Maruha Nichiro H1 FY2023 results (Nov 2023).
google_china_exit_2010,GOOGL,Alphabet Inc,50203010,innovation_ip,2010Q1,Google ceased operating search engine in mainland China Mar 2010 citing censorship and Operation Aurora cyberattack (attributed to Chinese intelligence). Held ~30% of China search market at exit. China search market reached ~$40B/yr by 2024 — estimated $10-15B/yr in foregone revenue at 20-30% share.,-0.3,Exited search but maintained Android (without Play Services) and advertising business in China. Project Dragonfly (censored search) developed 2017-2018 but canceled Jul 2019 after 1400+ employee protests and Congressional scrutiny.,,,,,0.009,,press_release,medium,claude_verified,1,$10-15B/yr foregone revenue is speculative opportunity cost not actual loss — medium confidence. But clean innovation_ip case: geopolitical censorship + IP theft drove exit. Verify against Google 2010 blog post and Pichai Dec 2018 congressional testimony.
us_huawei_5g_ban_2019,ERIC-B.ST,Ericsson AB,45301020,innovation_ip,2020Q4,Huawei Entity List placement (May 2019) drove Western 5G market share to Ericsson. RAN market share rose from ~27% (2019) to ~35% (2022) per Dell'Oro. Networks segment sales rose 6% YoY to SEK 78.8B (~$9.2B). CEO Borje Ekholm noted market share gains from customers diversifying supply chains.,0.4,Won T-Mobile and Verizon contracts previously shared with Huawei/ZTE. Expanded 5G RAN portfolio.,6.0,,,,0.037,,earnings_call,high,claude_verified,1,POSITIVE innovation_ip case — beneficiary of geopolitical restriction on competitor. ~8pp RAN share gain. Verify against Ericsson Q4 2020 earnings and Dell'Oro 2022 market share data.
us_entity_list_smic_2020,SMIC,SMIC (Semiconductor Manufacturing International),45301020,innovation_ip,2021Q4,Added to US Entity List Dec 18 2020 blocking EUV lithography access from ASML. Technology effectively capped at 14nm (with some 7nm DUV workarounds by 2022). R&D rose from $687M (2020) to $793M (2021) +15.4%. Technology gap with TSMC widened from ~2 to 4+ generations.,-0.5,Increased R&D spending 15% but with diminishing returns — cannot access EUV tools. Pursued DUV-based workarounds for limited 7nm production.,,,,,,,annual_report,medium,claude_verified,1,R&D +15.4% but tech frozen at 14nm vs TSMC 3nm. Revenue still grew on legacy node demand ($3.91B→$5.44B) but strategic position degraded. Verify against SMIC 2020-2021 annual reports.
china_rip_replace_networking,CSCO,Cisco Systems Inc,45308020,innovation_ip,2019Q4FY,China revenue estimated decline from ~$2.3B (FY2012) to ~$1.2-1.5B (FY2019) as Xinchuang policy pushed domestic networking equipment. CEO Chuck Robbins Q4 FY2019: In China we saw different dynamics largely driven by the different political environment. APJC revenue fell from $7.7B to $7.2B.,-0.4,Acknowledged China as essentially a different market with orders declining double digits. Lost share to Huawei H3C and ZTE in enterprise/government.,-8.0,,,,-0.038,,earnings_call,medium,claude_verified,1,~$1B cumulative China revenue erosion 2013-2020. Cisco doesn't break out China specifically (reports APJC). Xinchuang = Chinese tech sovereignty policy. Verify against Cisco Q4 FY2019 transcript (Aug 2019).
venezuela_hyperinflation_2015,CL,Colgate-Palmolive Co,30301010,financial_treasury,2015Q4,Colgate took $1.058B pre-tax charge ($0.46/share) in Q4 2015 to deconsolidate Venezuelan subsidiary due to inability to convert bolivars. CEO Ian Cook: We concluded we no longer meet the accounting criteria for control. Venezuela had contributed ~$350M annual revenue.,-0.7,Deconsolidated Venezuelan subsidiary. Wrote down entire investment. Continued selling through third-party distributors at reduced margins.,,,,,-0.061,,10k_filing,high,claude_verified,1,$1.058B is from 10-K — exact. Multiple US multinationals took similar charges: Pepsi $1.4B (2015) Merck $850M (2015) Ford $800M (2014). Verify against Colgate Q4 2015 10-K.
venezuela_hyperinflation_2018,K,Kellogg Co,30202030,financial_treasury,2018Q2,Kellogg ceased Venezuela operations entirely May 2018 citing continued deterioration of economic situation. Took $77M pre-tax charge. Venezuelan government subsequently seized the Kellogg factory.,-0.6,Exited entirely. Factory seized by government after exit announcement — similar to Danone/Carlsberg Russia pattern.,,,,,,,10q_filing,high,claude_verified,1,$77M from Q2 2018 10-Q. Government seizure post-exit is a pattern we see in Russia too. Verify against Kellogg Q2 2018 10-Q.
argentina_peso_devaluation_2018,F,Ford Motor Co,25102010,financial_treasury,2018Q3,Ford disclosed $200M unfavorable FX impact from South America primarily Argentina in Q3 2018. Argentina designated hyperinflationary economy under GAAP effective Jul 1 2018. Peso lost ~50% vs USD in 2018. South America wholesales decreased 14%.,-0.4,Applied hyperinflationary accounting (ASC 830) for Argentine operations. Adjusted pricing in local markets.,,-10.0,,,-0.011,,earnings_call,medium,claude_verified,1,$200M from Q3 2018 earnings. Second Ford label (first is 2025 tariffs) — different event type and channel. Verify against Ford Q3 2018 transcript and 2018 10-K.
japan_korea_trade_dispute_2019,005930.KS,Samsung Electronics Co,45301020,procurement_supply_chain,2019Q3,Japan restricted export of 3 critical semiconductor materials to South Korea (Jul 4 2019): fluorinated polyimide photoresist hydrogen fluoride. Samsung semiconductor operating profit fell 56% YoY to KRW 3.05T (~$2.6B). Samsung invested ~$6B in domestic supply chain diversification by end 2020.,-0.5,Invested ~$6B in domestic materials sourcing. South Korea government pledged KRW 5T (~$4.2B) for materials independence 2019-2022. Restrictions partially eased Mar 2023.,,,-56.0,,0.004,,earnings_call,high,claude_verified,1,56% semiconductor op profit decline also driven by memory downcycle — not purely Japan restrictions. But $6B supply chain diversification spend is clearly geopolitical. Verify against Samsung Q3 2019 earnings.
us_entity_list_huawei_2019,HUAWEI_CBG,Huawei Consumer Business Group,45203015,revenue_market_access,2021Q4,Loss of Google Mobile Services after Entity List placement (May 16 2019) devastated smartphone business. Consumer BG revenue peaked CNY 467.3B (~$67.2B) in 2020 then crashed to CNY 243.4B (~$38.2B) in 2021 (-48%). Global share dropped from ~18% (Q2 2019) to ~4% (Q4 2021). European share collapsed from ~20% to under 3%.,-0.8,Developed HarmonyOS as Android replacement. Smartphones shipped fell from 240M (2019) to ~35M (2022). Lost almost entire European market.,-48.0,,,,,,annual_report,high,claude_verified,1,-48% revenue decline and 240M→35M unit collapse is devastating. Separate from Huawei R&D/compliance label — this is the REVENUE impact specifically on consumer devices. Verify against Huawei annual reports 2019-2022 and Canalys data.
guinea_coup_simandou_2021,RIO.L,Rio Tinto plc,15104020,capital_allocation_investment,2021Q3,Colonel Doumbouya seized power in Guinea Sep 5 2021 threatening Simandou iron ore project (world's largest untapped high-grade deposit). Rio Tinto held 45.05% stake in blocks 3&4. Had spent ~$2.3B on exploration/development. Coup caused ~6-12 month project delay.,-0.4,Engaged with junta government. Junta confirmed mining agreements in Mar 2022. First ore production pushed from 2025 to 2027. Total project cost estimated $15-20B.,,,,,-0.027,,annual_report,medium,claude_verified,1,No specific impairment booked but $2.3B already spent with 2-year delay = significant capital at risk. Prior Simandou write-down was $500M+ (2013) plus $925M bribery settlement (2022). Verify against Rio Tinto 2021 annual report.
drc_mining_code_2018,GLEN.L,Glencore plc,15104020,regulatory_compliance_cost,2019Q4,DRC revised mining code Mar 2018 increasing cobalt royalties from 2% to 10% (strategic substance designation). Cost Glencore estimated $100-150M/yr additional. Placed Mutanda mine on care & maintenance Nov 2019 (world's largest cobalt mine ~25kt/yr). H1 2020 booked $5.9B impairment across African assets.,-0.6,Suspended Mutanda operations (restarted 2022). Absorbed 5x royalty increase on remaining operations. Paid $1.1B global bribery settlement in 2022 ($180M DRC-specific).,,,,,0.042,,annual_report,high,claude_verified,1,10% royalty (from 2%) is extreme — drove Mutanda suspension. $5.9B impairment partly DRC. Also $1.1B DOJ/SFO settlement. Verify against Glencore 2019-2020 annual reports.
boeing_china_737max_grounding,BA,Boeing Co,20101010,revenue_market_access,2022Q4,China grounded 737 MAX Mar 11 2019 (first country). Did not re-certify until Dec 2 2022 — 3.5 years vs ~1.5 years for US/EU. China was ~25% of Boeing commercial backlog (~1000 MAXs on order). Zero deliveries to Chinese carriers Mar 2019-early 2023 (~200 aircraft delayed). List value ~$24B.,-0.7,Lost China delivery slots; Chinese airlines ordered 292 Airbus jets ($37B list) in Jul 2023 as replacement. Boeing China revenue share dropped from ~13% (2018) to negligible (2020-2022).,-25.0,,,,-0.069,,annual_report,high,claude_verified,1,$24B in delayed deliveries and losing China to Airbus is enormous. Grounding extended ~20 months beyond US/EU re-cert — geopolitical tension was a factor. Overall MAX crisis cost Boeing $21B+. Verify against Boeing annual reports 2019-2022.
semiconductor_shortage_2021,TM,Toyota Motor Corp,25102010,procurement_supply_chain,2021Q3,Chip shortage driven by Taiwan drought + COVID + trade tensions. Toyota cut global production ~40% in Sep 2021 (~360K vehicles that month). FY2021 produced 8.57M vs 9.3M target — shortfall of ~730K units. Estimated $1.5-2.0B in lost operating profit.,-0.5,Fared better than peers due to business continuity planning (BCP) system maintaining 2-6 months chip inventory — lesson from 2011 Fukushima. Still lost 730K units production.,,,-10.0,,0.022,,earnings_call,high,claude_verified,1,$1.5-2B lost operating profit and 730K unit shortfall. Multi-factor: Taiwan drought geopolitical + COVID + Texas freeze. Toyota's BCP advantage from Fukushima is an interesting resilience story. Verify against Toyota FY2021 results.
china_covid_lockdowns_2022,AAPL,Apple Inc,45203010,procurement_supply_chain,2023Q1FY,Nov 2022 COVID restrictions and worker unrest at Foxconn Zhengzhou plant (~300K workers largest iPhone factory). Apple warned of significantly reduced iPhone 14 Pro/Pro Max shipments. ~6M fewer iPhones produced in Q4 2022. Q1 FY2023 iPhone revenue $65.8B (down 8% YoY). Tim Cook attributed ~$8B in supply constraints.,-0.6,Diversified production to India (Foxconn/Tata). But China still vast majority of assembly as of late 2022.,-6.0,,,,-0.072,,earnings_call,high,claude_verified,1,~$8B supply constraint impact from Cook. Second Apple label (first is 2025 tariffs). Different event type — COVID lockdown not trade policy. Verify against Apple Q1 FY2023 transcript (Jan 2023).
russia_invasion_2022,ABI.BR,AB InBev SA/NV,30201010,capital_allocation_investment,2022Q4,AB InBev recorded $1.14B impairment on 50% non-controlling stake in AB InBev Efes JV. Russia was #3 market globally by volume. JV operated 11 breweries in Russia. Normalized EBITDA impact ~$300M annually.,-0.6,Forfeited JV stake and exited. Disposal completed in 2023.,,,,,-0.037,,annual_report,high,claude_verified,1,$1.14B from FY2022 annual report (Mar 2 2023). ~$300M annual EBITDA loss ongoing. Verify against AB InBev FY2022 annual report.
russia_invasion_2022,CAT,Caterpillar Inc,20106010,revenue_market_access,2022Q2,Caterpillar suspended Russia operations Mar 2022 and announced full exit mid-2022. Disclosed ~$666M in Russia-related charges including inventory write-downs and restructuring. Russia/CIS was ~$1B annual revenue (~2% of total).,-0.5,Full exit from Russia. Wrote down inventory and restructured. Lost ~$1B annual revenue stream.,-2.0,,,,0.055,,earnings_call,high,claude_verified,1,~$666M charges from Q2 2022 earnings (Aug 2 2022). May be analyst aggregation — verify exact breakdown against Caterpillar 2022 10-K.
india_rbi_data_localization_2018,MA,Mastercard Inc,45104010,regulatory_compliance_cost,2021Q3,RBI mandated Indian payment data stored locally (Apr 2018). Mastercard banned from issuing new cards Jul 2021 for ~11 months. India ~2-3% of global revenue (~$500-600M annually).,-0.4,Eventually complied with data localization. Ban lifted June 2022.,,,,,-0.027,,regulatory_filing,medium,claude_verified,1,$500-600M annual India revenue at risk during 11-month ban.
cfius_broadcom_qualcomm_2018,AVGO,Broadcom Inc,45301020,capital_allocation_investment,2018Q1,Trump executive order Mar 12 2018 blocking $117B hostile takeover of Qualcomm on national security grounds.,-0.3,Broadcom relocated HQ from Singapore to US. Later acquired VMware for $61B without CFIUS block.,,,,,-0.068,,executive_order,high,claude_verified,1,$117B deal value killed. Largest CFIUS block ever.
mexico_amlo_energy_reform_2023,IBE.MC,Iberdrola SA,55105010,capital_allocation_investment,2023Q2,Iberdrola sold 13 power plants (~8.5 GW) to Mexico CFE for ~$6B after years of regulatory pressure under AMLO.,-0.5,Exited Mexico energy market. Sale price reportedly below replacement cost.,,,,,0.024,,press_release,high,claude_verified,1,$6B forced asset sale. Clean nationalization case.
india_fdi_chinese_restriction_2020,BDNCE_IN,ByteDance (India ops),50203010,revenue_market_access,2020Q3,India banned TikTok Jun 29 2020. ByteDance wrote off ~$1B India investment and laid off ~2000 employees. India was TikTok largest market.,-0.7,Wrote off India investment. Over 200 Chinese apps banned 2020-2022.,,,,,,,press_release,high,claude_verified,1,~$1B write-off from Reuters. India was TikTok largest market ~200M users.
indonesia_nickel_export_ban_2020,GMKN,Nornickel PJSC,15104050,revenue_market_access,2023Q4,Indonesia banned raw nickel ore exports Jan 2020. Indonesia share of global nickel rose from ~25% to ~50%. Nornickel EBITDA fell from $4.7B (2021) to $2.8B (2023) -40%.,-0.5,Lost market share to Indonesian producers. Ban paradoxically created global oversupply.,,-20.0,-40.0,,0.041,,annual_report,medium,claude_verified,1,$1.9B EBITDA decline. Ironic: ban created oversupply.
ukraine_grain_crisis_2022,BG,Bunge Global SA,30201010,revenue_market_access,2022Q4,Black Sea grain blockade caused wheat to surge 68%. Bunge FY2022 Agribusiness profit rose to $1.92B from $1.53B (+25%). CEO Heckman cited market volatility creating opportunities.,0.3,Benefited as grain trader from supply dislocations.,,,,,0.072,,earnings_call,high,claude_verified,1,POSITIVE case. Grain traders benefit from volatility.
ukraine_grain_crisis_2022,ADM,Archer-Daniels-Midland Co,30201010,revenue_market_access,2022Q4,ADM FY2022 adjusted EPS $7.85 vs $5.19 (+51%). Ag Services operating profit $4.3B vs $2.7B (+59%).,0.3,Benefited from grain supply dislocations.,,,59.0,,0.08,,earnings_call,high,claude_verified,1,POSITIVE. +59% segment profit from grain crisis.
chile_lithium_nationalization_2023,SQM,SQM SA,15101030,capital_allocation_investment,2023Q2,Boric announced lithium nationalization Apr 20 2023. SQM stock dropped ~17% in 2 days. Forced into Codelco 50%+1 JV.,-0.6,Accepted 50% JV with state-owned Codelco.,,,,,-0.14,-0.17,press_release,high,claude_verified,1,-17% stock. Forced 50% dilution.
china_gallium_germanium_restrictions_2023,DEFENSE_SUPPLY,Global Defense/Semiconductor Supply Chain,20101010,procurement_supply_chain,2023Q3,China restricted gallium/germanium exports Aug 2023. Germanium +75%. Gallium ~2x. DOD allocated ~$439M for critical mineral supply chain.,-0.5,Industry scrambling for alternative sources.,,30.0,,,,,market_data,medium,claude_verified,1,SECTOR_LEVEL: Use for Model 1 event severity training only. Exclude from Model 2/3 company-specific training. Germanium +75% and gallium ~2x. $439M DOD response.
brexit_financial_relocation_2021,JPM,JPMorgan Chase & Co,40101010,regulatory_compliance_cost,2021Q2,JPMorgan moved ~GBP 200B in assets from London to Frankfurt. ~400 staff relocated to Dublin Paris Frankfurt.,-0.2,Built out EU legal entity structure.,,,,,0.078,,annual_report,medium,claude_verified,1,GBP 200B asset transfer. ~400 staff from Dimon.
argentina_milei_deregulation_2024,YPF,YPF SA,10102010,revenue_market_access,2024Q1,Milei deregulated fuel prices Dec 2023. YPF raised prices ~25% Jan and ~27% Mar 2024. ADR surged +83%. EBITDA +40% YoY.,0.5,Benefited from price deregulation.,40.0,,,,0.609,,earnings_call,high,claude_verified,1,POSITIVE. ADR +83% and EBITDA +40%.
mexico_judicial_reform_2024,PAC,Grupo Aeroportuario del Pacifico,20305010,regulatory_compliance_cost,2024Q3,Mexico judicial reform Sep 2024 requiring elected judges. Peso fell ~8%. PAC stock fell ~20% Jun-Sep 2024.,-0.5,Monitored regulatory environment. Airport concessions depend on independent judiciary.,,,,,-0.143,-0.20,earnings_call,medium,claude_verified,1,Peso -8% and PAC -20%.
japan_earthquake_fukushima_2011,TM,Toyota Motor Corp,25102010,procurement_supply_chain,2012Q1FY,Mar 2011 earthquake disrupted supply chain. Lost ~450K units. Operating income impact JPY 70-110B (~$0.9-1.4B). FY2012 operating income fell 24%.,-0.7,Mandated 2-6 months buffer inventory. Changed JIT model.,,,-24.0,,-0.048,,earnings_call,high,claude_verified,1,BCP reforms enabled 2021 chip shortage resilience.
libya_civil_war_2011,ENI.MI,ENI SpA,10102010,logistics_operations,2011Q2,Libya civil war shut ENI production from ~280 kboe/d to near-zero. But FY2011 profit rose 22.6% from oil price surge.,-0.3,Production recovered as Gaddafi regime fell.,,,,,-0.056,,annual_report,medium,claude_verified,1,MULTI-CAUSAL: severe disruption but positive financial from oil price.
opec_price_war_2014,BHP,BHP Group Ltd,15104020,capital_allocation_investment,2016Q2FY,OPEC Nov 2014 decision crashed oil from >$100 to <$30. BHP took $7.2B pre-tax write-down on US shale. Cumulative ~$12.8B against $20B acquisition.,-0.8,Wrote down US shale assets. Eventually divested entirely.,,,,,-0.075,,annual_report,high,claude_verified,1,$12.8B cumulative write-down on $20B acquisition.
opec_price_war_2014,COP,ConocoPhillips,10102010,capital_allocation_investment,2015Q4,ConocoPhillips took $2.7B impairment Q4 2015. Net losses $4.37B (2015) and $3.56B (2016).,-0.7,Cut capex dramatically. Shifted to lower-cost assets.,,,,,-0.021,,10k_filing,high,claude_verified,1,$4.37B and $3.56B net losses consecutive years.
brexit_referendum_2016,EZJ.L,EasyJet plc,20302010,procurement_supply_chain,2016Q3,Brexit GBP collapse reduced annual profit by >25%. GBP 90M profit hit. Stock fell ~40%.,-0.6,Established easyJet Europe (Austria subsidiary) for EU flying rights.,,20.0,-25.0,,-0.168,-0.40,earnings_call,high,claude_verified,1,GBP 90M and -40% stock from Brexit day.
us_china_trade_war_2018,CAT,Caterpillar Inc,20106010,procurement_supply_chain,2018Q3,Section 301 tariffs. Q3 2018 tariff cost ~$40M. Full-year guidance $100-200M. Announced 1-4% price increases.,-0.4,Raised prices 1-4% globally to pass through tariff costs.,,-5.0,,,0.039,,earnings_call,high,claude_verified,1,$100-200M annual tariff cost. Different from 2025 tariffs.
us_china_trade_war_2018,AAPL,Apple Inc,45203010,revenue_market_access,2019Q1FY,Tim Cook cut Q1 FY2019 guidance from $89-93B to $84B. First revenue warning since iPhone launch. Stock fell ~10%.,-0.7,Acknowledged China weakness from trade tensions.,-8.0,,,,0.018,,investor_letter,high,claude_verified,1,$5-9B guidance cut. Apple ONLY revenue warning in iPhone era.
boeing_737max_global_grounding_2019,BA,Boeing Co,20101010,revenue_market_access,2019Q2,Global 737 MAX grounding. $4.9B after-tax charge Q2 2019. Largest quarterly loss $2.9B. Cumulative $18.6B by Jan 2020.,-0.8,Halted MAX production Jan 2020.,,,-100.0,,-0.003,,earnings_call,high,claude_verified,1,$18.6B cumulative. Second Boeing label.
mozambique_insurgency_2021,TTE.PA,TotalEnergies SE,10102010,capital_allocation_investment,2021Q2,Force majeure on $20B Mozambique LNG Apr 26 2021. $3.5B impairment. CEO: cannot accept people work where security not guaranteed.,-0.8,Withdrew all site personnel. Project suspended indefinitely.,,,,,0.01,,annual_report,high,claude_verified,1,$3.5B impairment. Third TotalEnergies label.
nigeria_oil_theft_shell_exit,SHEL,Shell plc,10102010,revenue_market_access,2024Q1,Shell sold SPDC Nigeria onshore for up to $2.4B. Production ~90Kbpd vs 200K+ capacity due to 70-100Kbpd crude theft ($2-3B/yr).,-0.5,Divested onshore after years of theft. Shifted to deepwater and LNG.,,,,,-0.041,,press_release,high,claude_verified,1,$2.4B sale. 70-100Kbpd stolen — more oil stolen than produced.
south_africa_loadshedding_2023,SBSW,Sibanye-Stillwater Ltd,15104050,procurement_supply_chain,2023Q4,Eskom load-shedding cost Sibanye ZAR 1.5-2B (~$80-110M) in lost production. CEO Froneman: national crisis destroying mining industry.,-0.6,Invested in backup diesel generators. Industry self-generation surged.,,,-20.0,,0.111,,earnings_call,medium,claude_verified,1,ZAR 1.5-2B. Unique: infrastructure failure as geopolitical risk.
niger_coup_uranium_2023,ORANO,Orano SA,10102040,procurement_supply_chain,2024Q2,Niger coup Jul 2023. Junta revoked Orano Imouraren license and ordered Somair closure. ~5% global uranium supply. Uranium surged from $56 to $106/lb.,-0.6,EDF held 2+ year strategic uranium inventory buffering impact.,,90.0,,,,,market_data,medium,claude_verified,1,Uranium +90%. Multi-causal price surge.
myanmar_coup_telenor_2021,TEL.OL,Telenor ASA,50101020,capital_allocation_investment,2021Q2,Myanmar coup Feb 2021. Telenor took NOK 6.5B (~$780M) impairment. Invested ~$2B since 2014. Sold to M1 Group Jul 2022 for just $105M.,-0.8,Sold at ~95% loss. Junta demanded surveillance capabilities.,,,,,0.019,,earnings_call,high,claude_verified,1,$2B invested to $105M sale = 95% capital destruction.
myanmar_coup_kirin_2021,KIRIN,Kirin Holdings Co Ltd,30201010,reputation_stakeholder,2021Q1,Kirin terminated JVs with MEHL (military conglomerate). Impairment ~Y36B (~$330M). Exit dragged 2022-2023.,-0.6,Terminated military-linked JVs. Reputationally impossible to stay.,,,,,0.008,,annual_report,high,claude_verified,1,Y36B impairment. JV partner was the military that staged the coup.
australia_china_wine_tariff_2020,TWE.AX,Treasury Wine Estates Ltd,30201020,revenue_market_access,2021Q2,China imposed 116-218% tariffs on Australian wine Nov 2020. TWE China revenue collapsed from ~A$780M to ~A$30M (-96%). Stock fell ~30%.,-0.8,Redirected Penfolds to US UK domestic. Tariffs lifted Mar 2024.,-96.0,,,,-0.016,,earnings_call,high,claude_verified,1,-96% is most extreme single-market revenue loss in dataset.
australia_china_coal_ban_2020,WHC.AX,Whitehaven Coal Ltd,10102050,revenue_market_access,2020Q4,China unofficial ban on Australian coal ~Oct 2020. 50-80 ships stranded at Chinese ports. Redirected to Japan Korea India.,-0.4,Pivoted to other Asian markets. Financial performance improved 2021-2022 from global coal price surge.,,,,,-0.005,,press_release,medium,claude_verified,1,Impact offset by coal price surge. China resumed imports Jan 2023.
australia_china_lobster_ban_2020,LOBSTER_AU,Australian Rock Lobster Sector,31101010,revenue_market_access,2020Q4,China banned Australian rock lobster Nov 2020. Industry ~A$700M annually with China 94% of market. Prices crashed.,-0.7,Diversified to US Europe domestic at lower margins.,-94.0,,,,,,industry_report,high,claude_verified,1,SECTOR_LEVEL: Use for Model 1 event severity training only. Exclude from Model 2/3 company-specific training. 94% China dependence = extreme concentration risk.
india_demonetization_2016,HUL.NS,Hindustan Unilever Ltd,30202010,revenue_market_access,2017Q3FY,86% of currency withdrawn Nov 8 2016. HUL volume growth flat (0%) vs 4% prior quarter. CEO Mehta: significant transient impact on rural and wholesale.,-0.5,Rural/wholesale channels disrupted. Recovery by Q1 FY2018.,,,,,-0.042,,earnings_call,high,claude_verified,1,0% volume growth vs 4% prior.
india_demonetization_2016,MSIL.NS,Maruti Suzuki India Ltd,25102010,revenue_market_access,2016Q4,Maruti domestic sales fell ~4.4% YoY Nov 2016. Hero MotoCorp -17%. Mahindra tractors -24%.,-0.5,Offered financing schemes. Recovery by Feb-Mar 2017.,-4.0,,,,-0.12,,market_data,high,claude_verified,1,Tractor -24% shows rural devastation.
india_demonetization_2016,TITAN.NS,Titan Company Ltd,25504030,revenue_market_access,2017Q3FY,Jewelry revenue -5% Q3 FY2017. Footfalls -50-60% first weeks. 60-70% of jewelry was cash-based. Industry lost Rs 50-60K crore.,-0.6,Organized retail (Tanishq) gained permanent share from unorganized jewelers (-60-80%).,-5.0,,,,-0.137,,earnings_call,high,claude_verified,1,Structural shift: organized beat unorganized.
india_demonetization_2016,PAYTM,One97 Communications (Paytm),45102030,revenue_market_access,2017Q3FY,Paytm: 700% traffic surge and 1000% wallet top-up surge in first week. Users 125M to 200M+ by Feb 2017. UPI 0.3M to 4.2M transactions.,0.8,Ran Paytm Karo ads morning after. Became dominant digital payment platform.,,,,,,,press_release,high,claude_verified,1,MASSIVE POSITIVE. Demonetization was Paytm inflection.
india_demonetization_2016,DLF.NS,DLF Ltd,60101010,capital_allocation_investment,2017Q3FY,DLF new bookings declined ~40% Q3 FY2017. Knight Frank: residential sales -40% YoY Q4 2016. Prices corrected 15-25%.,-0.7,Real estate didn't recover until RERA implementation mid-2017.,-40.0,,,,-0.243,,earnings_call,high,claude_verified,1,-40% bookings. Organized developers gained share.
panama_mining_contract_2023,FM.TO,First Quantum Minerals Ltd,15104020,capital_allocation_investment,2023Q4,Panama Supreme Court ruled Cobre Panama contract unconstitutional Nov 28 2023. $8.6B impairment. Stock collapsed ~70%. Mine was 40% of revenue ~$1.3B annual.,-0.9,Mine shut. 7000 workers affected. Exploring international arbitration.,,-40.0,,,-0.131,-0.70,annual_report,high,claude_verified,1,$8.6B largest single-mine write-down in recent history.
china_ev_industrial_policy,VOW3.DE,Volkswagen AG,25102010,revenue_market_access,2023Q4,VW China share fell from ~19% to ~14%. China JV earnings dropped EUR 2.6B from EUR 3.9B (-EUR 1.3B). BYD surpassed VW in China Q4 2023.,-0.5,EUR 2.5B cost-cutting. Potential German plant closures.,-5.0,,-33.0,,0.073,,earnings_call,high,claude_verified,1,EUR 1.3B China JV decline. Chinese industrial policy angle.
iran_israel_conflict_2023,ZIM.TA,ZIM Integrated Shipping,20302010,logistics_operations,2024Q1,Israeli carrier rerouted due to Houthi/Iran-proxy Red Sea attacks. Revenue surged $1.56B Q1 2024 (+20%). War-risk premiums jumped.,0.2,Rerouted vessels. Benefited from rate surge.,20.0,,,,-0.001,,earnings_call,high,claude_verified,1,POSITIVE logistics case. Israeli carrier double exposure.
iran_israel_conflict_2023,ESLT,Elbit Systems Ltd,20101010,revenue_market_access,2023Q4,Israel-Hamas war drove record backlog $20.5B. Q4 2023 revenue $1.66B +12% YoY.,0.3,Accelerated UAV and munitions production.,12.0,,,,0.018,,earnings_call,high,claude_verified,1,POSITIVE. Defense benefits from conflict.
iran_us_defense_spending_2024,RTX,RTX Corporation,20101010,revenue_market_access,2024Q1,US approved $14.3B aid for Israel including ~$4B for missile defense. CEO Calio: international demand for missile defense increased significantly.,0.3,Expanded Iron Dome production capacity.,,,,,-0.001,,earnings_call,high,claude_verified,1,$4B missile defense appropriation. POSITIVE defense case.
iran_israel_conflict_2023,MNDY,Monday.com Ltd,51102010,workforce_talent,2023Q4,~1200 of 1800 employees in Israel called to IDF reserve duty. Despite mobilization RAISED Q4 guidance. Revenue $202.6M +35% YoY.,0.1,Maintained ops via global teams. Demonstrated resilience.,35.0,,,,-0.117,,earnings_call,medium,claude_verified,1,RESILIENCE case. Workforce disruption that didnt cause damage.
strait_of_hormuz_tanker_attacks_2019,SHIPPING_INS,War-Risk Insurance Market,40301020,financial_treasury,2019Q2,Jun 2019 tanker attacks. War-risk premiums surged ~20x: 0.025% to 0.5%+ of hull value. VLCC premiums from ~$25K to ~$500K per transit.,-0.5,Insurers repriced Persian Gulf risk dramatically.,,,,,,,market_data,high,claude_verified,1,SECTOR_LEVEL: Use for Model 1 event severity training only. Exclude from Model 2/3 company-specific training. 20x premium increase. Affects all Hormuz shipping.
israel_hamas_war_2023,MCD,McDonald's Corp,25301040,reputation_stakeholder,2024Q1,MENA boycotts after Israeli franchisee gave free IDF meals. Q4 2023 meaningful business impact. Bought back 225 Israeli franchise restaurants Apr 2024. Est $100-200M lost revenue.,-0.6,Bought back Israeli franchise to regain narrative control.,-3.0,,,,0.0,,earnings_call,high,claude_verified,1,Boycott from franchisee action not corporate. $100-200M estimate.
israel_hamas_war_2023,SBUX,Starbucks Corp,25301040,reputation_stakeholder,2024Q1FY,Boycotts after union posted pro-Palestinian message. Q1 FY2024 missed expectations. CEO cited misperceptions. Estimated $200-300M annualized.,-0.5,Sued union. Attempted to clarify position.,,-2.0,,,-0.015,,earnings_call,medium,claude_verified,1,$200-300M analyst estimate. Union statement not corporate.
israel_hamas_war_2023,HAPOALIM,Bank Hapoalim,40101010,financial_treasury,2023Q4,Set aside ~1.5-2B shekels (~$400-530M) in credit provisions Q4 2023 for war-affected businesses. Net profit declined ~17% YoY.,-0.5,Loan deferrals for reservists and Otef Aza businesses.,,,,,,,earnings_call,medium,claude_verified,1,$400-530M provisions. Banking system remained well-capitalized.
israel_hamas_war_2023,TOURISM_IL,Israel Tourism Sector,70201010,revenue_market_access,2023Q4,Tourist arrivals fell ~76-80% Q4 2023. Hotels below 20% occupancy. Tourism loss estimated $5-7B. Bank of Israel deployed $30B FX defense. S&P downgrade AA- to A+.,-0.8,El Al captured near-monopoly (+40% stock). Defense spending projected +$24B.,-80.0,,,,,,government_data,high,claude_verified,1,SECTOR_LEVEL: Use for Model 1 event severity training only. Exclude from Model 2/3 company-specific training. $5-7B tourism loss. Sector-wide label.
israel_hamas_war_2023,STRAUSS,Strauss Group Ltd,30202010,reputation_stakeholder,2023Q4,Boycott in Turkey over Strauss family IDF Golani Brigade support. Lost ~8-10% workforce to reserve duty. Stock fell ~15%.,-0.6,Accelerated divestiture of international operations.,,,,,,,earnings_call,medium,claude_verified,1,Dual impact: workforce + reputation.
china_brandy_retaliation_2024,RI.PA,Pernod Ricard SA,30201020,revenue_market_access,2025Q1FY,China anti-dumping duties on EU brandy (retaliation for EV tariffs). China revenue fell 26% Q1 FY2025. EUR 100M loss by Feb 2025.,-0.6,Minimum price commitments with MOFCOM.,-26.0,,,,-0.061,,earnings_call,high,claude_verified,1,EUR 100M loss. Textbook retaliation: EU EV tariffs then China brandy tariffs.
china_brandy_retaliation_2024,MC.PA,LVMH,25301010,revenue_market_access,2024Q4,Cognac revenue -14.6% to EUR 2.68B. Division profit -36%. Asia ex-Japan -11%.,-0.5,Minimum price commitments with MOFCOM.,-11.0,,-36.0,,-0.013,,earnings_call,high,claude_verified,1,MULTI-CAUSAL: brandy retaliation + China luxury slowdown + FX Japan shift.
china_luxury_slowdown_2024,KER.PA,Kering SA,25301020,revenue_market_access,2024Q4,Gucci revenue -23% to EUR 7.7B. Asia-Pacific -24%. Operating income -46%. Gucci op income -51%. Stock -39.4%.,-0.7,Major restructuring under new creative director.,,-10.0,-51.0,,-0.034,-0.39,earnings_call,high,claude_verified,1,MULTI-CAUSAL: geopolitical + cyclical + China slowdown.
eu_ev_tariffs_china_2024,SAIC,SAIC Motor Corp,25102010,revenue_market_access,2024Q4,EU 45.3% combined tariff. MG BEV sales in Europe fell over 50%. Planning European factory to circumvent.,-0.7,Planning local European factory.,-50.0,,,,,,market_data,high,claude_verified,1,-50% BEV sales. 45.3% effectively prohibitive.
lithuania_china_coercion_2022,LT_EXPORTS,Lithuanian Export Sector,99999999,revenue_market_access,2022Q1,Lithuania allowed Taiwan office Nov 2021. Exports to China fell from EUR 350M to EUR 100M (-71%). ~1200 containers blocked. China banned imports with Lithuanian components.,-0.7,Diversified to Indo-Pacific (+80% exports 2020-2022). EU filed WTO complaint.,-71.0,,,,,,government_data,high,claude_verified,1,SECTOR_LEVEL: Use for Model 1 event severity training only. Exclude from Model 2/3 company-specific training. EUR 250M export loss. China weaponized supply chain rules.
sudan_civil_war_2023,ZAIN.KW,Zain Group KSC,50101020,revenue_market_access,2023Q2,Sudan civil war (Apr 15 2023). Zain Sudan revenue fell ~85% QoQ. FY2023 Sudan revenue dropped from ~$470M to ~$134M (-71%). Only ~30% of network operational by Q1 2024.,-0.8,CEO Al-Kharafi cited Sudan as material headwind. Took impairment charges. 16M subscribers pre-war.,-71.0,,,,-0.007,,earnings_call,high,claude_verified,1,$336M revenue decline. Only publicly traded company to quantify Sudan impact.
india_pakistan_operation_sindoor_2025,SENSEX,BSE Sensex,99999999,financial_treasury,2025Q2,Operation Sindoor May 7-10 2025. Sensex fell 880pts (-1.1%). ~$42B erased at open. India VIX surged to 22.73. INR -0.9%.,-0.4,Forex reserves robust at $686B. FII inflows remained positive. Markets recovered same day.,,,,,,,market_data,high,claude_verified,1,SECTOR_LEVEL: Use for Model 1 event severity training only. Exclude from Model 2/3 company-specific training. $42B erased at open but recovered same day. 4-day conflict.
india_pakistan_operation_sindoor_2025,KSE100,KSE-100 Pakistan Market,99999999,financial_treasury,2025Q2,KSE-100 fell 6.2-7.2% single session (May 8) triggering circuit breaker. Cumulative -14.3%. PKR hit 305.5/USD. Reserves fell $540M. IMF $1B emergency bailout.,-0.8,IMF emergency bailout. Stocks rallied ~3% on ceasefire.,,,,,,,market_data,high,claude_verified,1,SECTOR_LEVEL: Use for Model 1 event severity training only. Exclude from Model 2/3 company-specific training. Pakistan far more severe: -14.3% vs India -1.1%. $540M reserve drain.
india_pakistan_operation_sindoor_2025,INTERGLOBE,IndiGo (InterGlobe Aviation),20302010,logistics_operations,2025Q2,18 airports shut. IndiGo cancelled ~165 flights. Pakistan airspace ban ongoing. $600M/yr rerouting cost if ban persists. $37M/month industry total.,-0.5,Cancelled 165 flights. Rerouted Central Asian flights +3hrs.,,,,,0.029,,press_release,high,claude_verified,1,$600M annual Air India rerouting. Pakistan airspace ban mirrors Russia closure.
india_pakistan_operation_sindoor_2025,HAL.NS,Hindustan Aeronautics Ltd,20101010,revenue_market_access,2025Q2,Defense stocks added Rs 1.8 lakh crore (~$21.5B) market cap in 7 sessions. HAL +16%. Nifty Defence +24%. Rs 13500 crore Sukhoi order.,0.5,Accelerated production. PM Modi called for Made in India defense.,,,,,0.16,,earnings_call,high,claude_verified,1,$21.5B defense market cap gain. POSITIVE case.
india_pakistan_operation_sindoor_2025,TRADE_BILATERAL,India-Pakistan Bilateral Trade,99999999,revenue_market_access,2025Q2,India banned all imports from Pakistan. Trade collapsed: May-Jun $13.17M vs $103.45M prior year (-87%). Attari-Wagah shut.,-0.7,Total trade decoupling. Pakistan pharma suffered from lost Indian API imports.,-87.0,,,,,,government_data,high,claude_verified,1,SECTOR_LEVEL: Use for Model 1 event severity training only. Exclude from Model 2/3 company-specific training. -87% bilateral trade collapse.
venezuela_maduro_capture_2026,VZ_BONDS,Venezuelan Sovereign Bonds,40101015,financial_treasury,2026Q1,US captured Maduro Jan 3 2026. Bonds surged 33 to 42 cents (+27%). PDVSA bonds 26 to 33. Hedge funds ~30% returns. Total defaulted debt ~$154B.,0.4,Recovery prices 50-60 cents if restructuring proceeds.,,,,,,,market_data,high,claude_verified,1,SECTOR_LEVEL: Use for Model 1 event severity training only. Exclude from Model 2/3 company-specific training. +27% bond surge. POSITIVE case: regime change = debt recovery.
venezuela_maduro_capture_2026,CVX,Chevron Corp,10102010,revenue_market_access,2026Q1,Chevron stock surged. JVs with PDVSA = 23% of Venezuela output. Exports collapsed 960K to 300Kbpd. China exports 688K to zero.,0.3,Western firms may return. Chinese SOE engagement expected to decline.,,,,,0.04,,press_release,medium,claude_verified,1,Chevron beneficiary of regime change.
venezuela_maduro_capture_2026,VZ_OIL,Venezuelan Oil Exports,10102010,procurement_supply_chain,2026Q1,Exports collapsed 960K to 300Kbpd. Oil prices paradoxically fell — Brent ~$60 WTI ~$58 — due to global oversupply.,-0.3,Supply disruption but prices fell from oversupply context.,,,,,,,market_data,high,claude_verified,1,SECTOR_LEVEL: Use for Model 1 event severity training only. Exclude from Model 2/3 company-specific training. Counterintuitive: production collapsed but prices fell.
us_iran_war_2026,OIL_GLOBAL,Global Oil Market,10102010,procurement_supply_chain,2026Q1,Strait of Hormuz closed. 10+Mbpd offline. Brent $72.48 to $112.57 (+55%). Physical Brent touched $150. Largest supply disruption ever (IEA).,-0.9,US eased Iranian sanctions to contain prices. Gasoline +30% to $4/gal.,,55.0,,,,,market_data,high,claude_verified,1,SECTOR_LEVEL: Use for Model 1 event severity training only. Exclude from Model 2/3 company-specific training. 10+Mbpd disruption unprecedented. Brent +55%.
us_iran_war_2026,LMT,Lockheed Martin Corp,20101010,revenue_market_access,2026Q1,Defense stocks surged. Lockheed +30% YTD. Record backlog $194B. Revenue guided $77.5-80B.,0.5,Record demand for air defense and munitions.,,,,,0.026,,earnings_call,high,claude_verified,1,$194B backlog. POSITIVE defense case.
us_iran_war_2026,SHIPPING_HORMUZ,Global Shipping (Hormuz),20302010,logistics_operations,2026Q1,600+ vessels stranded including 325 tankers. War-risk premiums tripled. 4000+ daily flight cancellations. Emirates Etihad Qatar Airways suspended.,-0.8,Cape rerouting. Normalization not until July.,,,,,,,market_data,high,claude_verified,1,SECTOR_LEVEL: Use for Model 1 event severity training only. Exclude from Model 2/3 company-specific training. 600+ vessels stranded. Far larger than Red Sea crisis.
us_iran_war_2026,QA_LNG,Qatar LNG (Ras Laffan),10202010,procurement_supply_chain,2026Q1,Iranian strike on Ras Laffan Mar 18 2026. 17% capacity destroyed. 3-5yr repairs. Helium doubled-tripled (Qatar = 35% global). EU gas nearly doubled.,-0.9,Structural LNG supply deficit for years.,,100.0,,,,,market_data,high,claude_verified,1,SECTOR_LEVEL: Use for Model 1 event severity training only. Exclude from Model 2/3 company-specific training. World largest LNG facility. 3-5yr repair = structural deficit.
us_iran_war_2026,MACRO_MENA,MENA Economies,99999999,financial_treasury,2026Q1,Arab nations GDP loss $120-194B (UNDP). Iran -10% GDP. KOSPI -12%. Pakistan KSE -9.57% (largest ever). Gold paradoxically -28%.,-0.8,ECB postponed cuts. UK inflation to breach 5%. Surcharges up 30%.,,,,,,,government_data,high,claude_verified,1,SECTOR_LEVEL: Use for Model 1 event severity training only. Exclude from Model 2/3 company-specific training. $120-194B GDP loss. KOSPI -12% shows global contagion.
jbs_revil_ransomware_2021,JBS,JBS SA,30201010,cybersecurity_it,2021Q2,REvil ransomware (Russia-linked) hit JBS Jun 1 2021 shutting down all US beef plants for 2 days. JBS is world's largest meat processor. Paid $11M ransom in Bitcoin. USDA estimated US beef processing capacity fell 20% during shutdown. CEO Andre Nogueira: It was very painful to pay but right for customers.,-0.7,Paid $11M ransom. Restored operations within 2 days. FBI attributed to REvil (Russia-based). Biden raised ransomware with Putin at Jun 2021 Geneva summit.,,,,,,,press_release,high,claude_verified,1,$11M ransom confirmed by JBS Jun 9 2021 disclosure. 20% US beef capacity offline for 2 days. Shorter than Colonial Pipeline but larger economic footprint. Verify against JBS Jun 2021 press release and FBI attribution.
change_healthcare_ransomware_2024,UNH,UnitedHealth Group Inc,35102010,cybersecurity_it,2024Q1,BlackCat/ALPHV ransomware hit Change Healthcare (UnitedHealth subsidiary) Feb 21 2024. Disrupted ~33% of all US healthcare claims processing for weeks. UnitedHealth paid $22M ransom. Total cost estimated $872M in Q1 2024 alone rising to $1.6B+ for full year. 100M+ patient records exposed.,-0.8,Paid $22M ransom. Provided $6.5B in advance payments to affected healthcare providers. CEO Andrew Witty testified to Congress May 2024. Full remediation took months.,,,-5.0,,-0.045,, earnings_call,high,claude_verified,1,$22M ransom and $872M Q1 cost from UNH Q1 2024 earnings. ~33% of US claims processing is enormous systemic impact. Largest healthcare data breach in US history. Verify against UNH Q1 2024 transcript and Witty congressional testimony (May 2024).
wannacry_ransomware_2017,NHS_UK,UK National Health Service,35102010,cybersecurity_it,2017Q2,WannaCry ransomware (attributed to North Korea Lazarus Group) hit May 12 2017. NHS England: 80+ hospital trusts affected 19000 appointments cancelled 600 GP surgeries disrupted. UK DHSC estimated total cost to NHS at GBP 92M. Renault and FedEx also hit globally.,-0.7,NHS did not pay ransom. UK National Cyber Security Centre led response. Kill switch discovered by researcher Marcus Hutchins. Total global damage estimated $4-8B across 150 countries.,,,,,,, government_data,high,claude_verified,1,SECTOR_LEVEL: Use for Model 1 event severity training only. Exclude from Model 2/3 company-specific training. GBP 92M NHS cost from UK DHSC Oct 2018 report. 19000 cancelled appointments. North Korea attribution from US UK and Microsoft. Global $4-8B damage. Verify against UK DHSC lessons learned report (Oct 2018).
viasat_cyberattack_2022,VSAT,Viasat Inc,45301020,cybersecurity_it,2022Q1,Russian GRU cyberattack on Viasat KA-SAT satellite network Feb 24 2022 — timed precisely with Ukraine invasion launch. Disabled modems across Europe. Knocked offline ~5800 Enercon wind turbines in Germany (remote monitoring lost). Viasat disclosed tens of millions in costs for modem replacements and network recovery.,-0.7,Replaced thousands of modems across Europe. Network fully restored by mid-2022. NSA FBI and EU attributed to Russian GRU. Considered the most significant cyber operation of the Ukraine war.,,,,,0.104,, press_release,high,claude_verified,1,Timed with invasion hour — first shots of the cyber war. Collateral damage: German wind turbines lost remote access. Tens of millions in costs from Viasat Q1 2022 10-Q. Verify against Viasat filings and EU/NSA attribution statements.
moveit_clop_ransomware_2023,PRGS,Progress Software Corp,45103020,cybersecurity_it,2023Q2,Clop ransomware gang (Russia-linked) exploited MOVEit Transfer zero-day vulnerability May 31 2023. Over 2500 organizations and 65M+ individuals affected. Progress Software stock fell ~25% in Jun 2023. Emsisoft estimated total cost across all victims at $10B+. Victims included Shell BBC British Airways US Dept of Energy.,-0.7,Progress released patches within 48 hours. Faced multiple class-action lawsuits and SEC scrutiny. Stock partially recovered by Q3 2023 as direct liability appeared limited.,,,,,-0.25,,earnings_call,high,claude_verified,1,$10B+ total ecosystem cost (Emsisoft estimate). -25% Progress stock. 2500+ orgs breached. Clop gang is Russia-linked. Different from ransomware — this was a supply chain vulnerability exploit. Verify against Progress Software Q2/Q3 2023 earnings and Emsisoft tracking.
