event_id,company_ticker,sector_gics,event_category,car_1_5,car_1_30,mention_text,snorkel_confidence,predicted_channel,prob_procurement_supply_chain,prob_revenue_market_access,prob_capital_allocation_investment,prob_regulatory_compliance_cost,prob_logistics_operations,prob_innovation_ip,prob_workforce_talent,prob_reputation_stakeholder,prob_financial_treasury,prob_cybersecurity_it
russia_invasion_2022,UPS,20,armed_conflict_instability,0.0253,0.0361,"actors, or criminal groups, theft, misconduct by employees or other insiders, telecommunications failures, misuse, human errors or other catastrophic events. In recent periods, the frequency and sophi,actors, or criminal groups, theft, misconduct by employees or other insiders, telecommunications fa",0.6542,logistics_operations,0.0106,0.0381,0.0451,0.0337,0.6542,0.044,0.0419,0.0419,0.0486,0.0419
us_chip_export_oct2022,AMZN,25,technology_controls,-0.0669,-0.2058,"In addition, because China-based sellers account for significant portions of our third-party seller services and advertising revenues, and China-based suppliers provide significant portions of our com,In addition, because China-based sellers account for significant portions of our third-party seller",0.5016,innovation_ip,0.1293,0.0785,0.0644,0.0001,0.0621,0.5016,0.0523,0.0523,0.0071,0.0523
us_chip_export_oct2022,CL,30,technology_controls,0.0339,0.0679,"In 2025, the United States issued executive orders imposing tariffs on imports from various countries, including China. The effectiveness of some of the announced tariffs has been delayed, but some ha,We expect recent developments in trade relations and the imposition of new and/or additional tariff",0.5016,innovation_ip,0.1293,0.0785,0.0644,0.0001,0.0621,0.5016,0.0523,0.0523,0.0071,0.0523
us_chip_export_oct2023,ACN,45,technology_controls,-0.0394,0.0397,,0.71,innovation_ip,0.0137,0.0294,0.0366,0.0313,0.0298,0.71,0.0344,0.0344,0.0458,0.0344
us_chip_export_oct2023,ADP,45,technology_controls,-0.0356,-0.0758,,0.71,innovation_ip,0.0137,0.0294,0.0366,0.0313,0.0298,0.71,0.0344,0.0344,0.0458,0.0344
us_chip_export_oct2023,CRM,45,technology_controls,-0.0268,0.054,,0.71,innovation_ip,0.0137,0.0294,0.0366,0.0313,0.0298,0.71,0.0344,0.0344,0.0458,0.0344
us_chip_export_oct2023,INTC,45,technology_controls,-0.0408,0.0965,,0.71,innovation_ip,0.0137,0.0294,0.0366,0.0313,0.0298,0.71,0.0344,0.0344,0.0458,0.0344
us_chip_export_oct2023,KLAC,45,technology_controls,-0.0331,0.1246,,0.71,innovation_ip,0.0137,0.0294,0.0366,0.0313,0.0298,0.71,0.0344,0.0344,0.0458,0.0344
us_chip_export_oct2023,ORCL,45,technology_controls,-0.0536,0.0647,,0.71,innovation_ip,0.0137,0.0294,0.0366,0.0313,0.0298,0.71,0.0344,0.0344,0.0458,0.0344
us_chip_export_oct2023,TXN,45,technology_controls,-0.0476,-0.0192,,0.71,innovation_ip,0.0137,0.0294,0.0366,0.0313,0.0298,0.71,0.0344,0.0344,0.0458,0.0344
red_sea_houthi_2023,DE,20,armed_conflict_instability,0.0278,-0.0157,,0.6542,logistics_operations,0.0106,0.0381,0.0451,0.0337,0.6542,0.044,0.0419,0.0419,0.0486,0.0419
red_sea_houthi_2023,GE,20,armed_conflict_instability,0.0281,0.0303,,0.6542,logistics_operations,0.0106,0.0381,0.0451,0.0337,0.6542,0.044,0.0419,0.0419,0.0486,0.0419
red_sea_houthi_2023,MU,45,armed_conflict_instability,0.0624,0.0243,"The rapid proliferation of AI, cloud computing, and big data are fueling demand for high-performance and high-capacity storage in data centers. In 2025, we qualified and began shipping our 9550 series,Our R&D efforts are focused primarily on development of memory and storage solutions, including our",0.8747,logistics_operations,0.001,0.0155,0.012,0.0004,0.8747,0.0457,0.0167,0.0167,0.0005,0.0167
red_sea_houthi_2023,UPS,20,armed_conflict_instability,-0.0288,-0.0514,"billion consolidated goodwill balance is represented by our Global Freight Forwarding (""GFF"") and HLD reporting units, respectively, which, based on our annual impairment evaluation, are exhibiting a ,Approximately $877 and $726 million of our $4.8 billion consolidated goodwill balance is represente",0.9944,logistics_operations,0.0026,0.0,0.0015,0.0,0.9944,0.0001,0.0004,0.0004,0.0,0.0004
red_sea_houthi_2023,WMT,30,armed_conflict_instability,0.0256,0.0545,"All memberships include a spouse/household card at no additional cost. Club members are eligible for free curbside pickup with orders of $50 or greater. Plus members receive free curbside pickup, free,All memberships include a spouse/household card at no additional cost. Club members are eligible fo",0.8933,logistics_operations,0.001,0.0397,0.0108,0.0003,0.8933,0.0089,0.0151,0.0151,0.0005,0.0151
israel_hamas_2023,FDX,20,armed_conflict_instability,-0.0584,-0.0417,,0.6542,logistics_operations,0.0106,0.0381,0.0451,0.0337,0.6542,0.044,0.0419,0.0419,0.0486,0.0419
israel_hamas_2023,RTX,20,armed_conflict_instability,0.0499,0.1856,"We continue to closely monitor potential impacts to RTX’s business, customers, suppliers, employees, and operations in Israel, the Middle East, and the region at large due to renewed violence in Gaza,",0.688,logistics_operations,0.0515,0.0204,0.045,0.0001,0.688,0.0822,0.0362,0.0362,0.0041,0.0363
israel_hamas_2023,SWK,20,armed_conflict_instability,0.0418,0.1367,,0.6542,logistics_operations,0.0106,0.0381,0.0451,0.0337,0.6542,0.044,0.0419,0.0419,0.0486,0.0419
us_tariffs_2025,AMGN,35,trade_policy_actions,-0.0478,-0.0717,"of this Quarterly Report on Form 10-Q for further discussion. While existing tariffs have not had a material adverse effect on our results of operations for the nine months ended September 30, 2025, c,Executive orders issued by the Administration in July 2025 that raised or modified country-specific",0.7518,procurement_supply_chain,0.7518,0.0175,0.0379,0.0003,0.0215,0.0744,0.0312,0.0312,0.0033,0.0312
us_tariffs_2025,BA,20,trade_policy_actions,-0.0459,0.085,"tariffs, duties or penalties attributable to the importation of raw materials, parts, products and services, which could impact sales and/or delivery of products and services outside the U.S. and/or i,tariffs. We are mitigating import costs through Duty Drawback Customs procedures. Overall, the U.S.",0.7104,procurement_supply_chain,0.7104,0.0186,0.0361,0.0001,0.0669,0.0752,0.0299,0.0299,0.003,0.0299
us_tariffs_2025,BRK-B,40,trade_policy_actions,-0.0303,-0.0139,"Changes in macroeconomic conditions and geopolitical events, including changes in international trade policies and tariffs, may negatively affect our operating results and the values of our investment,Changes in macroeconomic conditions and geopolitical events, including changes in international tra",0.7032,procurement_supply_chain,0.7032,0.0203,0.0428,0.0001,0.0265,0.0877,0.0351,0.0351,0.0142,0.0351
us_tariffs_2025,CL,30,trade_policy_actions,-0.0355,-0.0251,"Tariffs (or the threat thereof), inflationary pressures, economic and geopolitical uncertainty and high interest rates have negatively impacted and may continue to negatively impact consumer sentiment,Tariffs (or the threat thereof), inflationary pressures and high interest rates have negatively imp",0.8122,procurement_supply_chain,0.8122,0.0792,0.0076,0.0,0.0009,0.0739,0.0087,0.0087,0.0001,0.0087
us_tariffs_2025,CME,40,trade_policy_actions,-0.032,0.0555,"changes in regulations, including the impact of any changes in laws or government policies with respect to our products or services or our industry, such as any changes to regulations and policies tha,changes in regulations, including the impact of any changes in laws or government policies with res",0.6187,procurement_supply_chain,0.6187,0.0239,0.0401,0.0484,0.0488,0.0942,0.0414,0.0414,0.0017,0.0414
us_tariffs_2025,COP,10,trade_policy_actions,-0.1375,-0.1456,,0.5369,procurement_supply_chain,0.5369,0.0498,0.0539,0.052,0.0369,0.057,0.0514,0.0514,0.0592,0.0514
us_tariffs_2025,CSCO,45,trade_policy_actions,-0.0534,-0.0536,"Challenging global economic conditions, including tariffs or other trade barriers, rising inflation, or other changes, have from time to time contributed, and may continue to contribute, to slowdowns ,Increased costs (including those caused by tariffs or economic conditions, including inflation), lo",0.5818,procurement_supply_chain,0.5818,0.0144,0.0307,0.0001,0.0162,0.2787,0.0252,0.0252,0.0025,0.0252
us_tariffs_2025,CVX,10,trade_policy_actions,-0.1228,-0.1815,,0.5369,procurement_supply_chain,0.5369,0.0498,0.0539,0.052,0.0369,0.057,0.0514,0.0514,0.0592,0.0514
us_tariffs_2025,DE,20,trade_policy_actions,-0.0389,0.0194,"During 2025, new tariffs were imposed in the U.S. for imports from a broad range of countries and materials. Certain countries also implemented or proposed retaliatory tariffs on imports from the U.S.,Trade policies impact us in various ways. We are a net exporter of agriculture and turf equipment f",0.8793,procurement_supply_chain,0.8793,0.0034,0.0097,0.0,0.0374,0.0436,0.0088,0.0088,0.0,0.0088
us_tariffs_2025,DUK,55,trade_policy_actions,-0.0339,0.0078,"Industrial, commercial and residential decline in service territories or customer bases resulting from sustained downturns of the economy, storm damage, reduced customer usage due to cost pressures fr,Industrial, commercial and residential decline in service territories or customer bases resulting f",0.6299,procurement_supply_chain,0.6299,0.0134,0.1736,0.0001,0.0236,0.0708,0.0286,0.0286,0.0028,0.0286
us_tariffs_2025,GE,20,trade_policy_actions,-0.0626,0.0192,"changes in law, regulation or policy that may affect our businesses, such as trade policy and tariffs; government defense priorities or budgets; regulation, incentives and emissions offsetting or trad,As we operate in a highly dynamic tariff environment, we are focused on continuing to deliver our p",0.8793,procurement_supply_chain,0.8793,0.0034,0.0097,0.0,0.0374,0.0436,0.0088,0.0088,0.0,0.0088
us_tariffs_2025,HD,25,trade_policy_actions,-0.0418,-0.0339,"We continue to monitor developments with respect to tariffs and other trade policy matters closely. We have worked, and continue to work, diligently to diversify our global supply chain. We believe ou,We are closely monitoring developments with respect to tariffs and other trade policy matters. Over",0.7378,procurement_supply_chain,0.7378,0.0468,0.0354,0.0001,0.021,0.0689,0.0289,0.0289,0.003,0.029
us_tariffs_2025,HON,20,trade_policy_actions,-0.0782,-0.0243,"Prices of certain key raw materials are expected to fluctuate. We offset potential raw material cost increases with formula-driven or long-term supply agreements, price increases, and hedging activiti,Prices of certain key raw materials are expected to fluctuate. We offset potential raw material cos",0.7104,procurement_supply_chain,0.7104,0.0186,0.0361,0.0001,0.0669,0.0752,0.0299,0.0299,0.003,0.0299
us_tariffs_2025,JNJ,35,trade_policy_actions,-0.0283,-0.0058,"Potential changes in export/import and trade laws, regulations and policies of the United States and other countries, including any increased trade restrictions or tariffs and potential drug reimporta,Potential changes in export/import and trade laws, regulations and policies of the United States an",0.9062,procurement_supply_chain,0.9062,0.0031,0.01,0.0001,0.0117,0.042,0.009,0.009,0.0,0.009
us_tariffs_2025,LIN,15,trade_policy_actions,-0.0506,-0.0462,,0.5369,procurement_supply_chain,0.5369,0.0498,0.0539,0.052,0.0369,0.057,0.0514,0.0514,0.0592,0.0514
us_tariffs_2025,LOW,25,trade_policy_actions,-0.0513,-0.0501,"During the year, the United States has enacted significant changes to its trade policy and imposed tariffs on imported goods from a number of countries.  The Company has been,",0.7378,procurement_supply_chain,0.7378,0.0468,0.0354,0.0001,0.021,0.0689,0.0289,0.0289,0.003,0.029
us_tariffs_2025,LRCX,45,trade_policy_actions,-0.0362,-0.0278,"The increase in gross margin as a percentage of revenue in the September 2025 quarter compared to the June 2025 quarter was primarily a result of favorable changes in customer mix, partially offset by,in the September 2025 quarter compared to the June 2025 quarter driven by favorable changes in cust",0.7792,procurement_supply_chain,0.7792,0.0028,0.009,0.0,0.0098,0.175,0.008,0.008,0.0,0.0081
us_tariffs_2025,NVDA,45,trade_policy_actions,0.0354,0.0108,"Compliance with laws, rules, and regulations has not otherwise had a material effect upon our capital expenditures, results of operations, or competitive position and we do not currently anticipate ma,Compliance with laws, rules, and regulations has not otherwise had a material effect upon our capit",0.5051,procurement_supply_chain,0.5051,0.0167,0.0284,0.0367,0.0294,0.2952,0.0294,0.0294,0.0003,0.0294
us_tariffs_2025,PG,30,trade_policy_actions,-0.0424,-0.0503,"We also have businesses and maintain local currency cash balances in a number of countries with currency exchange, import authorization, pricing or other controls or restrictions. Our results of opera,Our costs are subject to fluctuations, particularly due to changes in the prices of commodities (in",0.7378,procurement_supply_chain,0.7378,0.0468,0.0354,0.0001,0.021,0.0689,0.0289,0.0289,0.003,0.029
us_tariffs_2025,QCOM,45,trade_policy_actions,-0.0681,-0.1225,"Further, political actions, including trade and/or national security protection policies (for example, tariffs and other controls on imports or exports), or other actions by governments, particularly ,Political actions, including trade protection and national security policies of the U.S. and Chines",0.5818,procurement_supply_chain,0.5818,0.0144,0.0307,0.0001,0.0162,0.2787,0.0252,0.0252,0.0025,0.0252
us_tariffs_2025,RTX,20,trade_policy_actions,-0.0354,-0.0431,"The global trade environment is highly dynamic. Since February 2025, the U.S. government has imposed tariffs on imports from all countries with which the U.S. engages in trade. In response, certain co,goods subject to U.S. imposed tariffs, as well as goods subject to counter tariffs imposed by other",0.8503,procurement_supply_chain,0.8503,0.0016,0.0059,0.0,0.0831,0.0437,0.0051,0.0051,0.0,0.0051
us_tariffs_2025,SYK,35,trade_policy_actions,-0.0384,-0.0092,"new tariffs on goods imported into the United States from dozens,reciprocal tariffs or taken other measures, and the United States,continue to monitor and evaluate the situation. Tariffs are,geopolitical environment, including tariffs or changes in trade,new tariffs on goods imported into the United",0.7518,procurement_supply_chain,0.7518,0.0175,0.0379,0.0003,0.0215,0.0744,0.0312,0.0312,0.0033,0.0312
us_tariffs_2025,ZTS,35,trade_policy_actions,-0.0609,-0.0448,"modification of foreign trade policy by the U.S. or other countries, including the imposition of increased tariffs on imported or exported goods;",0.7518,procurement_supply_chain,0.7518,0.0175,0.0379,0.0003,0.0215,0.0744,0.0312,0.0312,0.0033,0.0312
eu_energy_crisis_peak,GE,20,resource_energy_disruptions,-0.0377,-0.144,"changes in macroeconomic and market conditions and market volatility, including risk of recession, inflation, supply chain constraints or disruptions, interest rates, the value of securities and other,changes in macroeconomic and market conditions and market volatility, including risk of recession, ",0.7248,procurement_supply_chain,0.7248,0.0209,0.028,0.0001,0.084,0.0659,0.0247,0.0247,0.0024,0.0247
eu_energy_crisis_peak,LIN,15,resource_energy_disruptions,-0.0258,-0.073,,0.5667,procurement_supply_chain,0.5667,0.058,0.0433,0.0534,0.0479,0.0517,0.0439,0.0439,0.0474,0.0439
eu_energy_crisis_peak,SLB,10,resource_energy_disruptions,-0.0342,-0.1371,"Despite pockets of activity adjustments in key markets, the industry has shown that it can operate through uncertainty without a significant drop in upstream spending. This has been driven by the comb,Although some customers have adopted a more cautious approach to their near-term capital expenditur",0.5667,procurement_supply_chain,0.5667,0.058,0.0433,0.0534,0.0479,0.0517,0.0439,0.0439,0.0474,0.0439
us_china_trade_war_start,COP,10,trade_policy_actions,0.0337,0.0277,,0.5369,procurement_supply_chain,0.5369,0.0498,0.0539,0.052,0.0369,0.057,0.0514,0.0514,0.0592,0.0514
covid_lockdown_start,LMT,20,armed_conflict_instability,-0.0659,0.0126,,0.6542,logistics_operations,0.0106,0.0381,0.0451,0.0337,0.6542,0.044,0.0419,0.0419,0.0486,0.0419
covid_lockdown_start,TGT,30,armed_conflict_instability,-0.0261,-0.009,"Political or economic uncertainty or instability, trade policies, disputes, or sanctions, currency fluctuations, the outbreak of pandemics or other illnesses, labor shortages, labor unrest or strikes,,Political or financial instability, currency fluctuations, the outbreak of pandemics or other illne",0.6351,logistics_operations,0.0148,0.0614,0.0376,0.0088,0.6351,0.0562,0.0328,0.0328,0.0876,0.0329
covid_lockdown_start,WM,20,armed_conflict_instability,-0.0683,-0.1305,,0.6542,logistics_operations,0.0106,0.0381,0.0451,0.0337,0.6542,0.044,0.0419,0.0419,0.0486,0.0419
us_iran_war_2026,DE,20,armed_conflict_instability,-0.0634,-0.1002,,0.6542,logistics_operations,0.0106,0.0381,0.0451,0.0337,0.6542,0.044,0.0419,0.0419,0.0486,0.0419
us_iran_war_2026,FDX,20,armed_conflict_instability,-0.0721,-0.1076,,0.6542,logistics_operations,0.0106,0.0381,0.0451,0.0337,0.6542,0.044,0.0419,0.0419,0.0486,0.0419
us_iran_war_2026,GE,20,armed_conflict_instability,-0.056,-0.1725,,0.6542,logistics_operations,0.0106,0.0381,0.0451,0.0337,0.6542,0.044,0.0419,0.0419,0.0486,0.0419
us_iran_war_2026,HON,20,armed_conflict_instability,-0.0341,-0.084,,0.6542,logistics_operations,0.0106,0.0381,0.0451,0.0337,0.6542,0.044,0.0419,0.0419,0.0486,0.0419
us_iran_war_2026,NOC,20,armed_conflict_instability,0.0438,-0.0626,,0.6542,logistics_operations,0.0106,0.0381,0.0451,0.0337,0.6542,0.044,0.0419,0.0419,0.0486,0.0419
us_iran_war_2026,RTX,20,armed_conflict_instability,0.0352,-0.0637,,0.6542,logistics_operations,0.0106,0.0381,0.0451,0.0337,0.6542,0.044,0.0419,0.0419,0.0486,0.0419
xinjiang_boycott_2021,LIN,15,trade_policy_actions,0.0384,0.0702,,0.5369,procurement_supply_chain,0.5369,0.0498,0.0539,0.052,0.0369,0.057,0.0514,0.0514,0.0592,0.0514
suez_blockage_2021,BA,20,armed_conflict_instability,0.0446,-0.0221,,0.6542,logistics_operations,0.0106,0.0381,0.0451,0.0337,0.6542,0.044,0.0419,0.0419,0.0486,0.0419
suez_blockage_2021,DE,20,armed_conflict_instability,0.0485,0.0532,,0.6542,logistics_operations,0.0106,0.0381,0.0451,0.0337,0.6542,0.044,0.0419,0.0419,0.0486,0.0419
suez_blockage_2021,GD,20,armed_conflict_instability,0.0413,0.0697,,0.6542,logistics_operations,0.0106,0.0381,0.0451,0.0337,0.6542,0.044,0.0419,0.0419,0.0486,0.0419
suez_blockage_2021,HON,20,armed_conflict_instability,0.0455,0.105,,0.6542,logistics_operations,0.0106,0.0381,0.0451,0.0337,0.6542,0.044,0.0419,0.0419,0.0486,0.0419
suez_blockage_2021,LMT,20,armed_conflict_instability,0.0479,0.0951,,0.6542,logistics_operations,0.0106,0.0381,0.0451,0.0337,0.6542,0.044,0.0419,0.0419,0.0486,0.0419
suez_blockage_2021,NOC,20,armed_conflict_instability,0.0272,0.0999,,0.6542,logistics_operations,0.0106,0.0381,0.0451,0.0337,0.6542,0.044,0.0419,0.0419,0.0486,0.0419
suez_blockage_2021,RTX,20,armed_conflict_instability,0.0351,0.0491,,0.6542,logistics_operations,0.0106,0.0381,0.0451,0.0337,0.6542,0.044,0.0419,0.0419,0.0486,0.0419
suez_blockage_2021,SWK,20,armed_conflict_instability,0.0396,0.0704,,0.6542,logistics_operations,0.0106,0.0381,0.0451,0.0337,0.6542,0.044,0.0419,0.0419,0.0486,0.0419
suez_blockage_2021,WM,20,armed_conflict_instability,0.0417,0.0923,,0.6542,logistics_operations,0.0106,0.0381,0.0451,0.0337,0.6542,0.044,0.0419,0.0419,0.0486,0.0419
notpetya_2017,CAT,20,armed_conflict_instability,0.0343,0.1002,,0.6542,logistics_operations,0.0106,0.0381,0.0451,0.0337,0.6542,0.044,0.0419,0.0419,0.0486,0.0419
notpetya_2017,DE,20,armed_conflict_instability,0.0346,0.0529,,0.6542,logistics_operations,0.0106,0.0381,0.0451,0.0337,0.6542,0.044,0.0419,0.0419,0.0486,0.0419
india_demonetization_2016,ADM,30,political_transitions_volatility,-0.082,-0.0459,,0.6673,revenue_market_access,0.008,0.6673,0.0396,0.0371,0.0319,0.0472,0.0398,0.0398,0.0494,0.0398
india_demonetization_2016,AMZN,25,political_transitions_volatility,-0.0565,-0.022,,0.6673,revenue_market_access,0.008,0.6673,0.0396,0.0371,0.0319,0.0472,0.0398,0.0398,0.0494,0.0398
india_demonetization_2016,BKNG,25,political_transitions_volatility,-0.0511,-0.0324,,0.6673,revenue_market_access,0.008,0.6673,0.0396,0.0371,0.0319,0.0472,0.0398,0.0398,0.0494,0.0398
india_demonetization_2016,CL,30,political_transitions_volatility,-0.0698,-0.0791,,0.6673,revenue_market_access,0.008,0.6673,0.0396,0.0371,0.0319,0.0472,0.0398,0.0398,0.0494,0.0398
india_demonetization_2016,COST,30,political_transitions_volatility,0.0346,0.0531,,0.6673,revenue_market_access,0.008,0.6673,0.0396,0.0371,0.0319,0.0472,0.0398,0.0398,0.0494,0.0398
india_demonetization_2016,F,25,political_transitions_volatility,0.0488,0.1376,,0.6673,revenue_market_access,0.008,0.6673,0.0396,0.0371,0.0319,0.0472,0.0398,0.0398,0.0494,0.0398
india_demonetization_2016,GM,25,political_transitions_volatility,0.0536,0.1564,,0.6673,revenue_market_access,0.008,0.6673,0.0396,0.0371,0.0319,0.0472,0.0398,0.0398,0.0494,0.0398
india_demonetization_2016,KO,30,political_transitions_volatility,-0.0336,-0.0289,,0.6673,revenue_market_access,0.008,0.6673,0.0396,0.0371,0.0319,0.0472,0.0398,0.0398,0.0494,0.0398
india_demonetization_2016,LOW,25,political_transitions_volatility,0.0335,0.1435,,0.6673,revenue_market_access,0.008,0.6673,0.0396,0.0371,0.0319,0.0472,0.0398,0.0398,0.0494,0.0398
india_demonetization_2016,MCD,25,political_transitions_volatility,0.0369,0.0591,,0.6673,revenue_market_access,0.008,0.6673,0.0396,0.0371,0.0319,0.0472,0.0398,0.0398,0.0494,0.0398
india_demonetization_2016,MDLZ,30,political_transitions_volatility,-0.0791,-0.0885,,0.6673,revenue_market_access,0.008,0.6673,0.0396,0.0371,0.0319,0.0472,0.0398,0.0398,0.0494,0.0398
india_demonetization_2016,MO,30,political_transitions_volatility,-0.0612,-0.0065,,0.6673,revenue_market_access,0.008,0.6673,0.0396,0.0371,0.0319,0.0472,0.0398,0.0398,0.0494,0.0398
india_demonetization_2016,PEP,30,political_transitions_volatility,-0.0632,-0.0474,,0.6673,revenue_market_access,0.008,0.6673,0.0396,0.0371,0.0319,0.0472,0.0398,0.0398,0.0494,0.0398
india_demonetization_2016,PG,30,political_transitions_volatility,-0.0439,-0.0375,,0.6673,revenue_market_access,0.008,0.6673,0.0396,0.0371,0.0319,0.0472,0.0398,0.0398,0.0494,0.0398
india_demonetization_2016,TGT,30,political_transitions_volatility,0.0745,0.1577,,0.6673,revenue_market_access,0.008,0.6673,0.0396,0.0371,0.0319,0.0472,0.0398,0.0398,0.0494,0.0398
india_demonetization_2016,TSLA,25,political_transitions_volatility,-0.0573,-0.0092,,0.6673,revenue_market_access,0.008,0.6673,0.0396,0.0371,0.0319,0.0472,0.0398,0.0398,0.0494,0.0398
iran_sanctions_2018,BLK,40,sanctions_financial_restrictions,0.0255,0.0672,,0.6846,financial_treasury,0.0235,0.041,0.0366,0.0397,0.027,0.0386,0.0364,0.0364,0.6846,0.0364
iran_sanctions_2018,MS,40,sanctions_financial_restrictions,0.0275,-0.0275,,0.6846,financial_treasury,0.0235,0.041,0.0366,0.0397,0.027,0.0386,0.0364,0.0364,0.6846,0.0364
iran_sanctions_2018,SCHW,40,sanctions_financial_restrictions,0.0283,0.0131,,0.6846,financial_treasury,0.0235,0.041,0.0366,0.0397,0.027,0.0386,0.0364,0.0364,0.6846,0.0364
chile_lithium_nationalization,ABNB,25,political_transitions_volatility,-0.0266,-0.0552,,0.6673,revenue_market_access,0.008,0.6673,0.0396,0.0371,0.0319,0.0472,0.0398,0.0398,0.0494,0.0398
chile_lithium_nationalization,ADM,30,political_transitions_volatility,-0.0369,-0.096,,0.6673,revenue_market_access,0.008,0.6673,0.0396,0.0371,0.0319,0.0472,0.0398,0.0398,0.0494,0.0398
chile_lithium_nationalization,MDLZ,30,political_transitions_volatility,0.0393,0.0878,,0.6673,revenue_market_access,0.008,0.6673,0.0396,0.0371,0.0319,0.0472,0.0398,0.0398,0.0494,0.0398
chile_lithium_nationalization,MO,30,political_transitions_volatility,0.0261,-0.02,,0.6673,revenue_market_access,0.008,0.6673,0.0396,0.0371,0.0319,0.0472,0.0398,0.0398,0.0494,0.0398
chile_lithium_nationalization,PG,30,political_transitions_volatility,0.0373,0.0111,,0.6673,revenue_market_access,0.008,0.6673,0.0396,0.0371,0.0319,0.0472,0.0398,0.0398,0.0494,0.0398
panama_mine_closure_2023,HD,25,political_transitions_volatility,0.0394,0.1198,,0.6673,revenue_market_access,0.008,0.6673,0.0396,0.0371,0.0319,0.0472,0.0398,0.0398,0.0494,0.0398
panama_mine_closure_2023,LOW,25,political_transitions_volatility,0.0293,0.1142,,0.6673,revenue_market_access,0.008,0.6673,0.0396,0.0371,0.0319,0.0472,0.0398,0.0398,0.0494,0.0398
panama_mine_closure_2023,PG,30,political_transitions_volatility,-0.0363,-0.0409,,0.6673,revenue_market_access,0.008,0.6673,0.0396,0.0371,0.0319,0.0472,0.0398,0.0398,0.0494,0.0398
panama_mine_closure_2023,TSLA,25,political_transitions_volatility,-0.0324,0.0597,,0.6673,revenue_market_access,0.008,0.6673,0.0396,0.0371,0.0319,0.0472,0.0398,0.0398,0.0494,0.0398
covid_lockdown_start,HII,20,armed_conflict_instability,-0.1291,-0.0563,,0.6542,logistics_operations,0.0106,0.0381,0.0451,0.0337,0.6542,0.044,0.0419,0.0419,0.0486,0.0419
india_pakistan_sindoor,HII,20,armed_conflict_instability,-0.0308,0.025,,0.6542,logistics_operations,0.0106,0.0381,0.0451,0.0337,0.6542,0.044,0.0419,0.0419,0.0486,0.0419
israel_hamas_2023,HII,20,armed_conflict_instability,0.1118,0.1829,,0.6542,logistics_operations,0.0106,0.0381,0.0451,0.0337,0.6542,0.044,0.0419,0.0419,0.0486,0.0419
notpetya_2017,HII,20,armed_conflict_instability,0.0321,0.1486,"C5ISR; cyber, electronic warfare & space; live, virtual, and constructive training solutions,C5ISR; cyber, electronic warfare & space; live, virtual, and constructive training solutions,C5ISR; cyber, electronic warfare & space; live, virtual, and constructive training solutions,C5ISR; cyber, electro",0.7722,logistics_operations,0.0276,0.0147,0.0257,0.0274,0.7722,0.0538,0.0261,0.0261,0.0003,0.0261
russia_invasion_2022,HII,20,armed_conflict_instability,0.099,0.083,"disruptions impacting global supply, including those resulting from the ongoing conflict between Russia and Ukraine and in the Middle East;,disruptions impacting global supply, including those resulting from the ongoing conflict between Russia and Ukraine and in the Middle East;",0.6542,logistics_operations,0.0106,0.0381,0.0451,0.0337,0.6542,0.044,0.0419,0.0419,0.0486,0.0419
suez_blockage_2021,HII,20,armed_conflict_instability,0.0741,0.1117,,0.6542,logistics_operations,0.0106,0.0381,0.0451,0.0337,0.6542,0.044,0.0419,0.0419,0.0486,0.0419
us_iran_war_2026,HII,20,armed_conflict_instability,-0.0336,-0.1045,,0.6542,logistics_operations,0.0106,0.0381,0.0451,0.0337,0.6542,0.044,0.0419,0.0419,0.0486,0.0419
covid_lockdown_start,LHX,20,armed_conflict_instability,-0.1041,0.0102,"If we successfully retire risks associated with the technical, schedule and cost aspects of a contract, we may lower our estimated total cost at completion commensurate with the retirement of these ri,On October 1, 2025, after Congress failed to reach an agreement on a short-term spending deal or fu",0.6542,logistics_operations,0.0106,0.0381,0.0451,0.0337,0.6542,0.044,0.0419,0.0419,0.0486,0.0419
israel_hamas_2023,LHX,20,armed_conflict_instability,0.0922,0.1448,"Ongoing instability and current conflicts in global markets, including in the Ukraine and Eastern Europe, Israel, the Gaza Strip and the Middle East and Asia, and the potential for other conflicts and",0.6542,logistics_operations,0.0106,0.0381,0.0451,0.0337,0.6542,0.044,0.0419,0.0419,0.0486,0.0419
russia_invasion_2022,LHX,20,armed_conflict_instability,0.1182,0.1465,"current conflicts in global markets, including in the Ukraine and Eastern Europe, the Middle East and Asia, and the",0.6542,logistics_operations,0.0106,0.0381,0.0451,0.0337,0.6542,0.044,0.0419,0.0419,0.0486,0.0419
suez_blockage_2021,LHX,20,armed_conflict_instability,0.0353,0.1098,,0.6542,logistics_operations,0.0106,0.0381,0.0451,0.0337,0.6542,0.044,0.0419,0.0419,0.0486,0.0419
covid_lockdown_start,TDG,20,armed_conflict_instability,-0.4682,-0.32,"The key market factors in the commercial aftermarket include RPKs and the size and activity level of the worldwide fleet of aircraft and the percentage of the fleet that is in warranty. In fiscal 2024,The key market factors in the commercial aftermarket include RPKs and the size and activity level o",0.6542,logistics_operations,0.0106,0.0381,0.0451,0.0337,0.6542,0.044,0.0419,0.0419,0.0486,0.0419
covid_lockdown_start,HWM,20,armed_conflict_instability,-0.2908,-0.3512,,0.6542,logistics_operations,0.0106,0.0381,0.0451,0.0337,0.6542,0.044,0.0419,0.0419,0.0486,0.0419
israel_hamas_2023,HWM,20,armed_conflict_instability,-0.0296,0.1213,,0.6542,logistics_operations,0.0106,0.0381,0.0451,0.0337,0.6542,0.044,0.0419,0.0419,0.0486,0.0419
notpetya_2017,HWM,20,armed_conflict_instability,0.0527,0.1314,,0.6542,logistics_operations,0.0106,0.0381,0.0451,0.0337,0.6542,0.044,0.0419,0.0419,0.0486,0.0419
suez_blockage_2021,HWM,20,armed_conflict_instability,0.0458,0.0652,,0.6542,logistics_operations,0.0106,0.0381,0.0451,0.0337,0.6542,0.044,0.0419,0.0419,0.0486,0.0419
us_iran_war_2026,HWM,20,armed_conflict_instability,-0.032,-0.0171,,0.6542,logistics_operations,0.0106,0.0381,0.0451,0.0337,0.6542,0.044,0.0419,0.0419,0.0486,0.0419
us_tariffs_2025,HWM,20,trade_policy_actions,-0.0434,0.2053,"Recent, ongoing changes in U.S. and international government policies, including executive orders on tariffs and retaliatory trade measures, are expected to impact the pricing of our products, disrupt,Recent, ongoing changes in U.S. and international government policies, including executive orders o",0.7104,procurement_supply_chain,0.7104,0.0186,0.0361,0.0001,0.0669,0.0752,0.0299,0.0299,0.003,0.0299
covid_lockdown_start,TXT,20,armed_conflict_instability,-0.1466,-0.0794,"The risk of disruptions to our business and the business of our suppliers, customers and other business partners due to unexpected events, such as pandemics, natural disasters, acts of war, strikes, t,The risk of disruptions to our business and the business of our suppliers, customers and other busi",0.688,logistics_operations,0.0515,0.0204,0.045,0.0001,0.688,0.0822,0.0362,0.0362,0.0041,0.0363
india_pakistan_sindoor,TXT,20,armed_conflict_instability,0.0744,0.1,"We primarily lease certain manufacturing plants, offices, warehouses, training and service centers at various locations worldwide that are classified as either operating or finance leases. Our leases ,We primarily lease certain manufacturing plants, offices, warehouses, training and service centers ",0.6542,logistics_operations,0.0106,0.0381,0.0451,0.0337,0.6542,0.044,0.0419,0.0419,0.0486,0.0419
israel_hamas_2023,TXT,20,armed_conflict_instability,0.0308,0.014,,0.6542,logistics_operations,0.0106,0.0381,0.0451,0.0337,0.6542,0.044,0.0419,0.0419,0.0486,0.0419
notpetya_2017,TXT,20,armed_conflict_instability,0.034,0.0577,,0.6542,logistics_operations,0.0106,0.0381,0.0451,0.0337,0.6542,0.044,0.0419,0.0419,0.0486,0.0419
russia_invasion_2022,TXT,20,armed_conflict_instability,0.041,0.006,,0.6542,logistics_operations,0.0106,0.0381,0.0451,0.0337,0.6542,0.044,0.0419,0.0419,0.0486,0.0419
suez_blockage_2021,TXT,20,armed_conflict_instability,0.0596,0.2591,,0.6542,logistics_operations,0.0106,0.0381,0.0451,0.0337,0.6542,0.044,0.0419,0.0419,0.0486,0.0419
us_iran_war_2026,TXT,20,armed_conflict_instability,-0.0457,-0.0606,,0.6542,logistics_operations,0.0106,0.0381,0.0451,0.0337,0.6542,0.044,0.0419,0.0419,0.0486,0.0419
us_tariffs_2025,TXT,20,trade_policy_actions,-0.0786,0.0486,"Changes to the United States trade policy have resulted in new or higher tariffs on goods imported from numerous countries, and some countries have imposed retaliatory tariffs on imports from the Unit,Recent changes to the United States trade policy have resulted in new or higher tariffs on goods im",0.7104,procurement_supply_chain,0.7104,0.0186,0.0361,0.0001,0.0669,0.0752,0.0299,0.0299,0.003,0.0299
us_chip_export_oct2022,LDOS,45,technology_controls,-0.03,0.1624,,0.71,innovation_ip,0.0137,0.0294,0.0366,0.0313,0.0298,0.71,0.0344,0.0344,0.0458,0.0344
us_chip_export_oct2023,LDOS,45,technology_controls,-0.0467,0.1126,,0.71,innovation_ip,0.0137,0.0294,0.0366,0.0313,0.0298,0.71,0.0344,0.0344,0.0458,0.0344
covid_lockdown_start,BWXT,20,armed_conflict_instability,-0.1407,0.0615,,0.6542,logistics_operations,0.0106,0.0381,0.0451,0.0337,0.6542,0.044,0.0419,0.0419,0.0486,0.0419
israel_hamas_2023,BWXT,20,armed_conflict_instability,0.0525,0.0593,,0.6542,logistics_operations,0.0106,0.0381,0.0451,0.0337,0.6542,0.044,0.0419,0.0419,0.0486,0.0419
notpetya_2017,BWXT,20,armed_conflict_instability,0.0497,0.1573,,0.6542,logistics_operations,0.0106,0.0381,0.0451,0.0337,0.6542,0.044,0.0419,0.0419,0.0486,0.0419
russia_invasion_2022,BWXT,20,armed_conflict_instability,0.0942,0.1448,,0.6542,logistics_operations,0.0106,0.0381,0.0451,0.0337,0.6542,0.044,0.0419,0.0419,0.0486,0.0419
suez_blockage_2021,BWXT,20,armed_conflict_instability,0.042,0.036,,0.6542,logistics_operations,0.0106,0.0381,0.0451,0.0337,0.6542,0.044,0.0419,0.0419,0.0486,0.0419
us_iran_war_2026,BWXT,20,armed_conflict_instability,-0.0271,0.1584,,0.6542,logistics_operations,0.0106,0.0381,0.0451,0.0337,0.6542,0.044,0.0419,0.0419,0.0486,0.0419
covid_lockdown_start,KTOS,20,armed_conflict_instability,-0.2753,-0.0851,"The potential challenges presented by the recent elections, Presidential and congressional changes and the related transitions, the CRA, the current budgetary and deficit funding environment, Israel, ,The potential challenges presented by the recent elections, Presidential and congressional changes ",0.9709,logistics_operations,0.0003,0.0054,0.0038,0.0001,0.9709,0.0033,0.0053,0.0053,0.0002,0.0053
india_pakistan_sindoor,KTOS,20,armed_conflict_instability,-0.0702,0.1955,,0.6542,logistics_operations,0.0106,0.0381,0.0451,0.0337,0.6542,0.044,0.0419,0.0419,0.0486,0.0419
israel_hamas_2023,KTOS,20,armed_conflict_instability,0.1494,0.2677,,0.6542,logistics_operations,0.0106,0.0381,0.0451,0.0337,0.6542,0.044,0.0419,0.0419,0.0486,0.0419
notpetya_2017,KTOS,20,armed_conflict_instability,0.0414,0.0916,"Since 2019, we have invested approximately $252 million in Kratos’ Space, Satellite and Cyber business through internally funded research and development, software design and development and capital e,Since 2019, we have invested approximately $252 million in Kratos’ Space, Satellite and Cyber busin",0.6542,logistics_operations,0.0106,0.0381,0.0451,0.0337,0.6542,0.044,0.0419,0.0419,0.0486,0.0419
russia_invasion_2022,KTOS,20,armed_conflict_instability,0.035,0.1169,"On March 22, 2024, President Biden signed the second fiscal year 2024 Consolidated Appropriations package into law. This legislation reflects an $886 billion appropriation for national defense, of whi,On March 22, 2024, President Biden signed the second fiscal year 2024 Consolidated Appropriations p",0.6542,logistics_operations,0.0106,0.0381,0.0451,0.0337,0.6542,0.044,0.0419,0.0419,0.0486,0.0419
suez_blockage_2021,KTOS,20,armed_conflict_instability,0.1115,0.0032,,0.6542,logistics_operations,0.0106,0.0381,0.0451,0.0337,0.6542,0.044,0.0419,0.0419,0.0486,0.0419
us_iran_war_2026,KTOS,20,armed_conflict_instability,0.073,-0.1453,,0.6542,logistics_operations,0.0106,0.0381,0.0451,0.0337,0.6542,0.044,0.0419,0.0419,0.0486,0.0419
covid_lockdown_start,MRCY,20,armed_conflict_instability,0.029,0.157,,0.6542,logistics_operations,0.0106,0.0381,0.0451,0.0337,0.6542,0.044,0.0419,0.0419,0.0486,0.0419
india_pakistan_sindoor,MRCY,20,armed_conflict_instability,-0.064,0.0588,"months that are treated as separate performance obligations. The transaction price allocated to extended warranties is recognized over time in proportion to the costs expected to be incurred in satisf,months that are treated as separate performance obligations. The transaction price allocated to ext",0.6542,logistics_operations,0.0106,0.0381,0.0451,0.0337,0.6542,0.044,0.0419,0.0419,0.0486,0.0419
israel_hamas_2023,MRCY,20,armed_conflict_instability,0.073,-0.0587,,0.6542,logistics_operations,0.0106,0.0381,0.0451,0.0337,0.6542,0.044,0.0419,0.0419,0.0486,0.0419
notpetya_2017,MRCY,20,armed_conflict_instability,0.0777,0.1061,". The U.S. government is focused on ensuring that the U.S. military protects its defense electronic systems and the information held within them from nefarious activities such as tampering, reverse en,. The U.S. government is focused on ensuring that the U.S. military protects its defense electronic",0.6542,logistics_operations,0.0106,0.0381,0.0451,0.0337,0.6542,0.044,0.0419,0.0419,0.0486,0.0419
red_sea_houthi_2023,MRCY,20,armed_conflict_instability,-0.0251,-0.2082,,0.6542,logistics_operations,0.0106,0.0381,0.0451,0.0337,0.6542,0.044,0.0419,0.0419,0.0486,0.0419
russia_invasion_2022,MRCY,20,armed_conflict_instability,0.2257,0.1539,"Russia’s invasion of Ukraine, rising tensions in the Asia-Pacific and continued threats from rogue states and violent extremists are contributing to the most challenging global threat environment sinc,Russia’s invasion of Ukraine, rising tensions in the Asia-Pacific and continued threats from rogue ",0.6542,logistics_operations,0.0106,0.0381,0.0451,0.0337,0.6542,0.044,0.0419,0.0419,0.0486,0.0419
suez_blockage_2021,MRCY,20,armed_conflict_instability,0.0315,-0.1357,,0.6542,logistics_operations,0.0106,0.0381,0.0451,0.0337,0.6542,0.044,0.0419,0.0419,0.0486,0.0419
eu_energy_crisis_peak,OXY,10,resource_energy_disruptions,-0.065,-0.1059,"Generally, Occidental’s historical practice has been to remain exposed to the market prices of commodities. As of December 31, 2024, there were no active commodity hedges in place. Management may choo,Generally, Occidental’s historical practice has been to remain exposed to the market prices of comm",0.5667,procurement_supply_chain,0.5667,0.058,0.0433,0.0534,0.0479,0.0517,0.0439,0.0439,0.0474,0.0439
india_pakistan_sindoor,OXY,10,armed_conflict_instability,0.1233,0.1762,"The divestiture of OxyChem marks a strategic change in Occidental's operations, and OxyChem will be classified as discontinued operations beginning in the fourth quarter of 2025. Occidental plans to a,For the DASS, an Occidental subsidiary has accrued a reserve relating to its estimated allocable sh",0.7483,logistics_operations,0.0571,0.0048,0.1137,0.0044,0.7483,0.0021,0.0223,0.0223,0.0027,0.0223
us_tariffs_2025,OXY,10,trade_policy_actions,-0.1845,-0.1208,"Domestic and international government regulations, tariffs and taxes, including those that restrict the import or export of hydrocarbons and other products and goods;,Domestic and international government regulations, tariffs and taxes, including those that restrict the import or export of hydrocarb",0.9578,procurement_supply_chain,0.9578,0.0014,0.0043,0.0,0.0064,0.0183,0.0039,0.0039,0.0,0.0039
eu_energy_crisis_peak,DVN,10,resource_energy_disruptions,-0.0334,-0.011,"Our business strategy is focused on delivering a consistently competitive shareholder return among our peer group. Because the business of exploring for, developing and producing oil and natural gas i,Our business strategy is focused on delivering a consistently competitive shareholder return among ",0.5667,procurement_supply_chain,0.5667,0.058,0.0433,0.0534,0.0479,0.0517,0.0439,0.0439,0.0474,0.0439
opec_price_war_2014,DVN,10,resource_energy_disruptions,-0.0644,-0.0763,"“OPEC” means Organization of the Petroleum Exporting Countries.,“OPEC” means Organization of the Petroleum Exporting Countries.,“OPEC” means Organization of the Petroleum Exporting Countries.,“OPEC” means Organization of the Petroleum Exporting Countries.,“OPEC” means Organization of the Petroleum E",0.5667,procurement_supply_chain,0.5667,0.058,0.0433,0.0534,0.0479,0.0517,0.0439,0.0439,0.0474,0.0439
russia_invasion_2022,DVN,10,armed_conflict_instability,0.1156,0.161,"geopolitical risks, including the conflict between Russia and Ukraine, the Israel-Gaza and Hezbollah conflicts and hostilities in Yemen and the Red Sea, as well as other hostilities or political and c,geopolitical risks, including the conflict between Russia and Ukraine, the Israel-Gaza and Hezbolla",0.9282,logistics_operations,0.002,0.0127,0.0093,0.0003,0.9282,0.0077,0.0131,0.0131,0.0004,0.0131
us_chip_export_oct2022,DVN,10,technology_controls,-0.0558,-0.0336,"the volatility of oil, gas and NGL prices, including from changes in trade relations and policies, such as the imposition of tariffs by the U.S., China or other countries;,the volatility of oil, gas and NGL prices, including from changes in trade relations and policies, such as the imposition of tar",0.6019,innovation_ip,0.2264,0.0101,0.0144,0.0,0.1182,0.6019,0.0096,0.0096,0.0001,0.0096
us_tariffs_2025,DVN,10,trade_policy_actions,-0.1806,-0.1192,"competition for assets, materials, people and capital, which can be exacerbated by supply chain disruptions, including as a result of tariffs or other changes in trade policy;,competition for assets, materials, people and capital, which can be exacerbated by supply chain disruptions, including as a ",0.8776,procurement_supply_chain,0.8776,0.009,0.0181,0.0001,0.013,0.0358,0.0149,0.0149,0.0017,0.0149
eu_energy_crisis_peak,MPC,10,resource_energy_disruptions,-0.0499,0.0165,"Our Midstream segment can be affected by seasonal fluctuations in the demand for natural gas and NGLs and the related fluctuations in commodity prices caused by various factors such as changes in tran,Our Midstream segment can be affected by seasonal fluctuations in the demand for natural gas and NG",0.5667,procurement_supply_chain,0.5667,0.058,0.0433,0.0534,0.0479,0.0517,0.0439,0.0439,0.0474,0.0439
opec_price_war_2014,MPC,10,resource_energy_disruptions,-0.0368,-0.1548,"the timing and extent of changes in commodity prices and demand for crude oil, refined products, feedstocks or other hydrocarbon-based products or renewable diesel and other renewable fuels;,the timing and extent of changes in commodity prices and demand for crude oil, refined products, feedstocks o",0.5667,procurement_supply_chain,0.5667,0.058,0.0433,0.0534,0.0479,0.0517,0.0439,0.0439,0.0474,0.0439
us_tariffs_2025,MPC,10,trade_policy_actions,-0.1114,0.1176,"general economic, political or regulatory developments, including inflation, tariffs, interest rates, changes in governmental policies relating to refined petroleum products, crude oil, natural gas, N,the establishment or increase of tariffs on goods, including crude oil and other feedstocks importe",0.9578,procurement_supply_chain,0.9578,0.0014,0.0043,0.0,0.0064,0.0183,0.0039,0.0039,0.0,0.0039
eu_energy_crisis_peak,PSX,10,resource_energy_disruptions,-0.0404,-0.0116,,0.5667,procurement_supply_chain,0.5667,0.058,0.0433,0.0534,0.0479,0.0517,0.0439,0.0439,0.0474,0.0439
opec_price_war_2014,PSX,10,resource_energy_disruptions,-0.079,-0.2243,,0.5667,procurement_supply_chain,0.5667,0.058,0.0433,0.0534,0.0479,0.0517,0.0439,0.0439,0.0474,0.0439
us_tariffs_2025,PSX,10,trade_policy_actions,-0.1687,0.0057,,0.5369,procurement_supply_chain,0.5369,0.0498,0.0539,0.052,0.0369,0.057,0.0514,0.0514,0.0592,0.0514
eu_energy_crisis_peak,VLO,10,resource_energy_disruptions,-0.0661,-0.0904,,0.5667,procurement_supply_chain,0.5667,0.058,0.0433,0.0534,0.0479,0.0517,0.0439,0.0439,0.0474,0.0439
us_tariffs_2025,VLO,10,trade_policy_actions,-0.1326,0.0131,,0.5369,procurement_supply_chain,0.5369,0.0498,0.0539,0.052,0.0369,0.057,0.0514,0.0514,0.0592,0.0514
opec_price_war_2014,FANG,10,resource_energy_disruptions,-0.0939,-0.0561,"actions taken by the members of OPEC and Russia affecting the production and pricing of oil, as well as other domestic and global political, economic, or diplomatic developments;,actions taken by the members of OPEC and Russia affecting the production and pricing of oil, as well as other domestic an",0.5667,procurement_supply_chain,0.5667,0.058,0.0433,0.0534,0.0479,0.0517,0.0439,0.0439,0.0474,0.0439
us_china_trade_war_start,FANG,10,trade_policy_actions,-0.0269,-0.1087,,0.5369,procurement_supply_chain,0.5369,0.0498,0.0539,0.052,0.0369,0.057,0.0514,0.0514,0.0592,0.0514
us_tariffs_2025,FANG,10,trade_policy_actions,-0.1645,-0.1149,"changes in U.S. energy, environmental, monetary and trade policies, including with respect to tariffs or other trade barriers and any resulting trade tensions;,changes in U.S. energy, environmental, monetary and trade policies, including with respect to tariffs or other trade barriers and any result",0.8776,procurement_supply_chain,0.8776,0.009,0.0181,0.0001,0.013,0.0358,0.0149,0.0149,0.0017,0.0149
eu_energy_crisis_peak,HAL,10,resource_energy_disruptions,-0.035,-0.046,"Demand for our services and products is particularly sensitive to the level of exploration, development, and production activity of, and the corresponding capital spending by, oil and natural gas comp,Demand for our services and products is particularly sensitive to the level of exploration, develop",0.5667,procurement_supply_chain,0.5667,0.058,0.0433,0.0534,0.0479,0.0517,0.0439,0.0439,0.0474,0.0439
opec_price_war_2014,HAL,10,resource_energy_disruptions,-0.1434,-0.1875,"Oil prices declined further in the third quarter of 2025 compared to the second quarter of 2025, as ongoing supply,additions from OPEC+ and non-OPEC producers weighed on the markets. While geopolitical unrest in the Middle East and the,Oil prices declined in the second quarter of 2025 from the first",0.5667,procurement_supply_chain,0.5667,0.058,0.0433,0.0534,0.0479,0.0517,0.0439,0.0439,0.0474,0.0439
russia_invasion_2022,HAL,10,armed_conflict_instability,0.0635,0.2039,"outlook in Europe and China while tighter sanctions on Venezuela, Iran and Russia weighed on the supply-side. Risks",0.6834,logistics_operations,0.0305,0.0204,0.0333,0.0088,0.6834,0.0507,0.0294,0.0294,0.0847,0.0294
us_tariffs_2025,HAL,10,trade_policy_actions,-0.1412,-0.1813,"tensions and tariffs continue to negatively impact the demand outlook, while the pace of supply growth has outstripped,We continue to monitor and assess the impact of tariffs on goods being imported into the United States. Our global,on and resulted primarily from tariffs imposed by the United State",0.9559,procurement_supply_chain,0.9559,0.0007,0.0027,0.0,0.0147,0.0189,0.0023,0.0023,0.0,0.0023
eu_energy_crisis_peak,BKR,10,resource_energy_disruptions,-0.0325,-0.1439,"IET provides technology solutions and services for mechanical-drive, compression and power-generation applications across the energy industry, including oil and gas, liquefied natural gas (""LNG"") oper,IET provides technology solutions and services for mechanical-drive, compression and power-generati",0.5667,procurement_supply_chain,0.5667,0.058,0.0433,0.0534,0.0479,0.0517,0.0439,0.0439,0.0474,0.0439
opec_price_war_2014,BKR,10,resource_energy_disruptions,-0.0888,-0.1173,,0.5667,procurement_supply_chain,0.5667,0.058,0.0433,0.0534,0.0479,0.0517,0.0439,0.0439,0.0474,0.0439
us_china_trade_war_start,BKR,10,trade_policy_actions,-0.0309,-0.0742,,0.5369,procurement_supply_chain,0.5369,0.0498,0.0539,0.052,0.0369,0.057,0.0514,0.0514,0.0592,0.0514
us_tariffs_2025,BKR,10,trade_policy_actions,-0.1374,-0.1548,,0.5369,procurement_supply_chain,0.5369,0.0498,0.0539,0.052,0.0369,0.057,0.0514,0.0514,0.0592,0.0514
opec_price_war_2014,OVV,10,resource_energy_disruptions,-0.1734,-0.2879,"“OPEC” means Organization of the Petroleum Exporting Countries.,“OPEC” means Organization of the Petroleum Exporting Countries.,“OPEC” means Organization of the Petroleum Exporting Countries.,“OPEC” means Organization of the Petroleum Exporting Countries.,“OPEC” means Organization of the Petroleum E",0.5667,procurement_supply_chain,0.5667,0.058,0.0433,0.0534,0.0479,0.0517,0.0439,0.0439,0.0474,0.0439
us_china_trade_war_start,OVV,10,trade_policy_actions,0.0344,-0.018,,0.5369,procurement_supply_chain,0.5369,0.0498,0.0539,0.052,0.0369,0.057,0.0514,0.0514,0.0592,0.0514
us_tariffs_2025,OVV,10,trade_policy_actions,-0.1851,-0.1475,"The 12-month average trailing prices used in the ceiling test calculations were based on the benchmark prices presented below. The benchmark prices were adjusted for basis differentials to determine l,The 12-month average trailing prices used in the ceiling test calculations were based on the benchm",0.5369,procurement_supply_chain,0.5369,0.0498,0.0539,0.052,0.0369,0.057,0.0514,0.0514,0.0592,0.0514
opec_price_war_2014,CTRA,10,resource_energy_disruptions,-0.0781,-0.1125,"OPEC+ reacted with supply reductions, helping to stabilize oil price levels during 2023. U.S. oil production has been flat, which, when combined with OPEC+’s reductions, has contributed to relatively ,OPEC+ reacted with supply reductions, helping to stabilize oil price levels during 2023. Oil and ga",0.5667,procurement_supply_chain,0.5667,0.058,0.0433,0.0534,0.0479,0.0517,0.0439,0.0439,0.0474,0.0439
us_tariffs_2025,CTRA,10,trade_policy_actions,-0.1076,-0.1408,"In recent months, the potential for increasing tariffs has emerged as a contributing factor to increased volatility in commodity markets and uncertainty in the general economic outlook. Higher tariffs,Sales of crude oil and NGLs are not regulated and are made at market prices. However, the price rec",0.8776,procurement_supply_chain,0.8776,0.009,0.0181,0.0001,0.013,0.0358,0.0149,0.0149,0.0017,0.0149
xinjiang_boycott_2021,CTRA,10,trade_policy_actions,0.0302,-0.0614,,0.5369,procurement_supply_chain,0.5369,0.0498,0.0539,0.052,0.0369,0.057,0.0514,0.0514,0.0592,0.0514
eu_energy_crisis_peak,AR,10,resource_energy_disruptions,-0.0646,-0.2156,"Reserve engineering is a process of estimating underground accumulations of natural gas, NGLs and oil that cannot be measured in an exact manner.  The accuracy of any reserve estimate depends on the q,Reserve engineering is a process of estimating underground accumulations of natural gas, NGLs and o",0.5667,procurement_supply_chain,0.5667,0.058,0.0433,0.0534,0.0479,0.0517,0.0439,0.0439,0.0474,0.0439
opec_price_war_2014,AR,10,resource_energy_disruptions,-0.1424,-0.2641,,0.5667,procurement_supply_chain,0.5667,0.058,0.0433,0.0534,0.0479,0.0517,0.0439,0.0439,0.0474,0.0439
us_tariffs_2025,AR,10,trade_policy_actions,-0.1693,-0.0421,,0.5369,procurement_supply_chain,0.5369,0.0498,0.0539,0.052,0.0369,0.057,0.0514,0.0514,0.0592,0.0514
xinjiang_boycott_2021,AR,10,trade_policy_actions,0.1184,0.1491,,0.5369,procurement_supply_chain,0.5369,0.0498,0.0539,0.052,0.0369,0.057,0.0514,0.0514,0.0592,0.0514
eu_energy_crisis_peak,RRC,10,resource_energy_disruptions,-0.0673,-0.2166,"We market our natural gas, NGLs, and oil to a large number of customers in both domestic and international markets to maximize cash flow and diversify risk. We hold numerous firm transportation contra,For 2025, we expect our capital budget to be in the range of $650 million to $690 million for natur",0.5667,procurement_supply_chain,0.5667,0.058,0.0433,0.0534,0.0479,0.0517,0.0439,0.0439,0.0474,0.0439
opec_price_war_2014,RRC,10,resource_energy_disruptions,-0.143,-0.3156,,0.5667,procurement_supply_chain,0.5667,0.058,0.0433,0.0534,0.0479,0.0517,0.0439,0.0439,0.0474,0.0439
us_china_trade_war_start,RRC,10,trade_policy_actions,-0.0393,-0.1295,,0.5369,procurement_supply_chain,0.5369,0.0498,0.0539,0.052,0.0369,0.057,0.0514,0.0514,0.0592,0.0514
us_tariffs_2025,RRC,10,trade_policy_actions,-0.149,-0.0076,"Exploration and development and the production and sale of natural gas and NGLs are subject to extensive federal, state and local regulations, mandates and trade agreements. Governmental policies affe,The ICA requires that pipelines maintain a tariff on file with the FERC. The tariff sets forth the ",0.9578,procurement_supply_chain,0.9578,0.0014,0.0043,0.0,0.0064,0.0183,0.0039,0.0039,0.0,0.0039
xinjiang_boycott_2021,RRC,10,trade_policy_actions,0.0738,0.1611,,0.5369,procurement_supply_chain,0.5369,0.0498,0.0539,0.052,0.0369,0.057,0.0514,0.0514,0.0592,0.0514
eu_energy_crisis_peak,EQT,10,resource_energy_disruptions,-0.0481,-0.1389,"The Company's primary market risk exposure is the volatility of future prices for natural gas and NGLs, which can affect the Company's operating results. The Company uses derivative commodity instrume,The Company's primary market risk exposure is the volatility of future prices for natural gas and N",0.5667,procurement_supply_chain,0.5667,0.058,0.0433,0.0534,0.0479,0.0517,0.0439,0.0439,0.0474,0.0439
opec_price_war_2014,EQT,10,resource_energy_disruptions,-0.0575,-0.2144,,0.5667,procurement_supply_chain,0.5667,0.058,0.0433,0.0534,0.0479,0.0517,0.0439,0.0439,0.0474,0.0439
us_tariffs_2025,EQT,10,trade_policy_actions,-0.0815,0.0283,,0.5369,procurement_supply_chain,0.5369,0.0498,0.0539,0.052,0.0369,0.057,0.0514,0.0514,0.0592,0.0514
xinjiang_boycott_2021,EQT,10,trade_policy_actions,0.0593,0.0496,,0.5369,procurement_supply_chain,0.5369,0.0498,0.0539,0.052,0.0369,0.057,0.0514,0.0514,0.0592,0.0514
opec_price_war_2014,TRGP,10,resource_energy_disruptions,-0.1374,-0.3151,,0.5667,procurement_supply_chain,0.5667,0.058,0.0433,0.0534,0.0479,0.0517,0.0439,0.0439,0.0474,0.0439
us_china_trade_war_start,TRGP,10,trade_policy_actions,0.0486,0.1011,,0.5369,procurement_supply_chain,0.5369,0.0498,0.0539,0.052,0.0369,0.057,0.0514,0.0514,0.0592,0.0514
us_tariffs_2025,TRGP,10,trade_policy_actions,-0.1559,-0.1863,"changes in laws and regulations, particularly with regard to taxes, tariffs and international trade, safety and the protection of the environment; and,changes in laws and regulations, particularly with regard to taxes, tariffs and international trade, safety and the protection of the environment; an",0.9578,procurement_supply_chain,0.9578,0.0014,0.0043,0.0,0.0064,0.0183,0.0039,0.0039,0.0,0.0039
eu_energy_crisis_peak,WMB,10,resource_energy_disruptions,-0.0374,-0.1513,"Williams is exposed to commodity price risk. To manage this volatility, various contracts are used in the marketing and trading activities that generally meet the definition of derivatives. Williams e,Williams is exposed to commodity price risk. To manage this volatility, various contracts are used ",0.5667,procurement_supply_chain,0.5667,0.058,0.0433,0.0534,0.0479,0.0517,0.0439,0.0439,0.0474,0.0439
opec_price_war_2014,WMB,10,resource_energy_disruptions,-0.0877,-0.2445,"Natural gas, natural gas liquids, and crude oil prices, supply, and demand;,The ability of the members of the Organization of Petroleum Exporting Countries (OPEC) and other oil exporting nations to agree to and maintain oil price and production controls and the impact on dome,Natural gas, natural ga",0.5667,procurement_supply_chain,0.5667,0.058,0.0433,0.0534,0.0479,0.0517,0.0439,0.0439,0.0474,0.0439
us_tariffs_2025,WMB,10,trade_policy_actions,-0.0841,-0.0459,"Williams’ interstate natural gas pipelines, which are presented in the Transmission & Gulf of America segment as described under the heading “Business Segments,” are subject to regulation by the FERC ,Williams’ interstate natural gas pipelines, which are presented in the Transmission & Gulf of Ameri",0.8228,procurement_supply_chain,0.8228,0.0112,0.018,0.0248,0.0256,0.041,0.0188,0.0188,0.0002,0.0188
covid_lockdown_start,KMI,10,armed_conflict_instability,-0.3561,-0.0832,"extraordinary events such as pandemics, acts of war or terrorist acts, including cybersecurity breaches, and the collateral impacts of such events, including disruptions of supply chains and economic ",0.797,logistics_operations,0.0022,0.0003,0.019,0.0,0.797,0.0883,0.0119,0.0119,0.0019,0.0673
eu_energy_crisis_peak,KMI,10,resource_energy_disruptions,-0.0405,-0.1011,"The decrease, which includes the impact of our divested assets, was primarily due to lower costs of sales for (i) natural gas of $447 million primarily due to lower commodity prices partially offset b,changes in commodity prices, including prices for crude oil, natural gas and NGL, and prices for en",0.7855,procurement_supply_chain,0.7855,0.0048,0.069,0.004,0.0891,0.0017,0.0148,0.0148,0.0015,0.0148
opec_price_war_2014,KMI,10,resource_energy_disruptions,-0.0284,-0.0338,"million (5%) decrease in Oil and Gas Producing activities resulted primarily from (i) lower crude oil volumes; (ii) our divested assets; and (iii) higher power costs.  These decreases were partially o,The $80 million (14%) decrease in Oil and Gas Producing activities was impacted by decreases in rev",0.7855,procurement_supply_chain,0.7855,0.0048,0.069,0.004,0.0891,0.0017,0.0148,0.0148,0.0015,0.0148
us_tariffs_2025,KMI,10,trade_policy_actions,-0.0923,-0.0213,"changes in our tariff rates required by the FERC, the CPUC or another regulatory agency;,national, international, regional and local economic, competitive and regulatory conditions and developments, including the effects of any enactment of import or export duties, tariffs or similar meas,Our crude,",0.9578,procurement_supply_chain,0.9578,0.0014,0.0043,0.0,0.0064,0.0183,0.0039,0.0039,0.0,0.0039
xinjiang_boycott_2021,KMI,10,trade_policy_actions,0.0284,0.1073,,0.5369,procurement_supply_chain,0.5369,0.0498,0.0539,0.052,0.0369,0.057,0.0514,0.0514,0.0592,0.0514
eu_energy_crisis_peak,ET,10,resource_energy_disruptions,-0.0321,-0.0659,The export of LNG produced by any liquefaction facility in the United States requires export authorization from the DOE. The NGA requires the DOE to approve applications for LNG exports unless such ap,0.5667,procurement_supply_chain,0.5667,0.058,0.0433,0.0534,0.0479,0.0517,0.0439,0.0439,0.0474,0.0439
opec_price_war_2014,ET,10,resource_energy_disruptions,-0.1079,-0.2108,,0.5667,procurement_supply_chain,0.5667,0.058,0.0433,0.0534,0.0479,0.0517,0.0439,0.0439,0.0474,0.0439
us_china_trade_war_start,ET,10,trade_policy_actions,-0.0276,0.0272,,0.5369,procurement_supply_chain,0.5369,0.0498,0.0539,0.052,0.0369,0.057,0.0514,0.0514,0.0592,0.0514
us_tariffs_2025,ET,10,trade_policy_actions,-0.1194,-0.0324,"Revenues throughout our crude oil pipeline systems are generated from tariffs paid by shippers utilizing our transportation services. These tariffs are filed with the FERC and other state regulatory a,Revenues throughout our crude oil pipeline systems are generated from tariffs paid by shippers util",0.8776,procurement_supply_chain,0.8776,0.009,0.0181,0.0001,0.013,0.0358,0.0149,0.0149,0.0017,0.0149
eu_energy_crisis_peak,ENB,10,resource_energy_disruptions,-0.0512,-0.1643,"Our Gas Transmission business reached a negotiated settlement with shippers on Texas Eastern, announced and closed the Whistler Parent JV, a joint venture formed by Enbridge, WhiteWater/I Squared Capi",0.5667,procurement_supply_chain,0.5667,0.058,0.0433,0.0534,0.0479,0.0517,0.0439,0.0439,0.0474,0.0439
opec_price_war_2014,ENB,10,resource_energy_disruptions,0.073,-0.0617,,0.5667,procurement_supply_chain,0.5667,0.058,0.0433,0.0534,0.0479,0.0517,0.0439,0.0439,0.0474,0.0439
us_tariffs_2025,ENB,10,trade_policy_actions,-0.0747,0.0104,"Algonquin Gas Transmission, LLC (Algonquin) filed a rate case on May 30, 2024. On June 28, 2024, the FERC issued an order accepting and suspending tariff records, subject to refund, conditions, and es,Maritimes & Northeast Pipeline (M&N) US filed a rate case on May 30, 2024. On June 27, 2024, the FE",0.8776,procurement_supply_chain,0.8776,0.009,0.0181,0.0001,0.013,0.0358,0.0149,0.0149,0.0017,0.0149
eu_energy_crisis_peak,TRP,10,resource_energy_disruptions,-0.0474,-0.187,,0.5667,procurement_supply_chain,0.5667,0.058,0.0433,0.0534,0.0479,0.0517,0.0439,0.0439,0.0474,0.0439
us_tariffs_2025,TRP,10,trade_policy_actions,-0.0542,0.024,,0.5369,procurement_supply_chain,0.5369,0.0498,0.0539,0.052,0.0369,0.057,0.0514,0.0514,0.0592,0.0514
covid_lockdown_start,EXPD,20,armed_conflict_instability,-0.0981,0.0425,"Geopolitical risks, along with the continuing global threats from pandemics, terrorism, cyber-attacks, smuggling, wars, and governments’ overriding concern for the safety of passengers and citizens wh,Geopolitical risks, along with the continuing global threats from pandemics, terrorism, cyber-attac",0.6542,logistics_operations,0.0106,0.0381,0.0451,0.0337,0.6542,0.044,0.0419,0.0419,0.0486,0.0419
india_pakistan_sindoor,EXPD,20,armed_conflict_instability,0.0582,0.0595,"Customs brokerage and other services involve providing services at destination, such as helping customers clear shipments through customs by preparing and filing required documentation, calculating, a,Customs brokerage and other services involve providing services at destination, such as helping cus",0.6542,logistics_operations,0.0106,0.0381,0.0451,0.0337,0.6542,0.044,0.0419,0.0419,0.0486,0.0419
israel_hamas_2023,EXPD,20,armed_conflict_instability,0.0379,0.0256,,0.6542,logistics_operations,0.0106,0.0381,0.0451,0.0337,0.6542,0.044,0.0419,0.0419,0.0486,0.0419
red_sea_houthi_2023,EXPD,20,armed_conflict_instability,0.0358,0.0151,"Expeditors International of Washington, Inc. (herein referred to as ""Expeditors,"" the ""Company,"" ""we,"" ""us,"" ""our"") provides a full suite of global logistics services. Our services include air and oce,Airfreight services, road freight and warehousing and distribution services (included with customs ",0.9809,logistics_operations,0.0038,0.001,0.0009,0.0,0.9809,0.0103,0.001,0.001,0.0,0.001
russia_invasion_2022,EXPD,20,armed_conflict_instability,-0.0345,-0.0696,"The global economic and trade environments remain highly uncertain; including inflation remaining higher than historical levels, volatility in oil prices, high interest rates and the conflicts in the ,The global economic and trade environments remain highly uncertain; including inflation remaining h",0.6542,logistics_operations,0.0106,0.0381,0.0451,0.0337,0.6542,0.044,0.0419,0.0419,0.0486,0.0419
suez_blockage_2021,EXPD,20,armed_conflict_instability,0.0556,0.117,,0.6542,logistics_operations,0.0106,0.0381,0.0451,0.0337,0.6542,0.044,0.0419,0.0419,0.0486,0.0419
us_tariffs_2025,EXPD,20,trade_policy_actions,-0.0981,-0.0565,"The current volatile international trade environment as a result of intergovernmental disputes, trade actions, increased tariffs and other geo-political risks may adversely impact our business and ope,Revenue from ocean freight and other services decreased 27% due to significant decreases in average",0.6954,logistics_operations,0.1725,0.0195,0.011,0.0,0.6954,0.0662,0.0118,0.0118,0.0,0.0118
india_pakistan_sindoor,CHRW,20,armed_conflict_instability,0.1198,0.0651,"Our reportable segments are North American Surface Transportation (“NAST”) and Global Forwarding, with all other segments included in All Other and Corporate. The All Other and Corporate reportable se,Our reportable segments are North American Surface Transportation (“NAST”) and Global Forwarding, w",0.6542,logistics_operations,0.0106,0.0381,0.0451,0.0337,0.6542,0.044,0.0419,0.0419,0.0486,0.0419
red_sea_houthi_2023,CHRW,20,armed_conflict_instability,0.0273,-0.0101,"Global Forwarding provides global logistics services through an international network of offices in North America, Asia, Europe, Oceania, South America, and the Middle East and also contracts with ind,Global Forwarding provides global logistics services through an international network of offices in",0.9835,logistics_operations,0.0007,0.0018,0.0018,0.0001,0.9835,0.0035,0.0029,0.0029,0.0,0.0029
russia_invasion_2022,CHRW,20,armed_conflict_instability,0.0719,0.0542,,0.6542,logistics_operations,0.0106,0.0381,0.0451,0.0337,0.6542,0.044,0.0419,0.0419,0.0486,0.0419
suez_blockage_2021,CHRW,20,armed_conflict_instability,0.0284,0.0395,,0.6542,logistics_operations,0.0106,0.0381,0.0451,0.0337,0.6542,0.044,0.0419,0.0419,0.0486,0.0419
covid_lockdown_start,XPO,20,armed_conflict_instability,-0.2479,0.0709,,0.6542,logistics_operations,0.0106,0.0381,0.0451,0.0337,0.6542,0.044,0.0419,0.0419,0.0486,0.0419
india_pakistan_sindoor,XPO,20,armed_conflict_instability,0.1666,0.0947,,0.6542,logistics_operations,0.0106,0.0381,0.0451,0.0337,0.6542,0.044,0.0419,0.0419,0.0486,0.0419
notpetya_2017,XPO,20,armed_conflict_instability,0.0531,-0.0567,,0.6542,logistics_operations,0.0106,0.0381,0.0451,0.0337,0.6542,0.044,0.0419,0.0419,0.0486,0.0419
red_sea_houthi_2023,XPO,20,armed_conflict_instability,0.0489,0.0012,"In our European Transportation segment, we serve an extensive base of customers within the consumer, trade and industrial markets. We offer dedicated truckload, LTL, full truckload brokerage, warehous,In our European Transportation segment, we serve an extensive base of customers within the consumer",0.9709,logistics_operations,0.0003,0.0054,0.0038,0.0001,0.9709,0.0033,0.0053,0.0053,0.0002,0.0053
russia_invasion_2022,XPO,20,armed_conflict_instability,0.0346,-0.1156,,0.6542,logistics_operations,0.0106,0.0381,0.0451,0.0337,0.6542,0.044,0.0419,0.0419,0.0486,0.0419
suez_blockage_2021,XPO,20,armed_conflict_instability,0.0622,0.2373,,0.6542,logistics_operations,0.0106,0.0381,0.0451,0.0337,0.6542,0.044,0.0419,0.0419,0.0486,0.0419
us_iran_war_2026,XPO,20,armed_conflict_instability,-0.0767,0.0104,,0.6542,logistics_operations,0.0106,0.0381,0.0451,0.0337,0.6542,0.044,0.0419,0.0419,0.0486,0.0419
covid_lockdown_start,JBHT,20,armed_conflict_instability,-0.0413,0.1421,,0.6542,logistics_operations,0.0106,0.0381,0.0451,0.0337,0.6542,0.044,0.0419,0.0419,0.0486,0.0419
india_pakistan_sindoor,JBHT,20,armed_conflict_instability,0.1159,0.0536,,0.6542,logistics_operations,0.0106,0.0381,0.0451,0.0337,0.6542,0.044,0.0419,0.0419,0.0486,0.0419
israel_hamas_2023,JBHT,20,armed_conflict_instability,0.0544,-0.0447,,0.6542,logistics_operations,0.0106,0.0381,0.0451,0.0337,0.6542,0.044,0.0419,0.0419,0.0486,0.0419
notpetya_2017,JBHT,20,armed_conflict_instability,0.0633,0.0537,"The Company’s Governance, Risk, and Compliance (GRC) team maintains the IT risk register and reports updates to the IT Risk Council, which meets regularly. The IT Risk Council is made up of members re,The Company’s Governance, Risk, and Compliance (GRC) team maintains the IT risk register and report",0.7722,logistics_operations,0.0276,0.0147,0.0257,0.0274,0.7722,0.0538,0.0261,0.0261,0.0003,0.0261
russia_invasion_2022,JBHT,20,armed_conflict_instability,0.0653,-0.0864,,0.6542,logistics_operations,0.0106,0.0381,0.0451,0.0337,0.6542,0.044,0.0419,0.0419,0.0486,0.0419
suez_blockage_2021,JBHT,20,armed_conflict_instability,0.0859,0.1135,,0.6542,logistics_operations,0.0106,0.0381,0.0451,0.0337,0.6542,0.044,0.0419,0.0419,0.0486,0.0419
us_iran_war_2026,JBHT,20,armed_conflict_instability,-0.0683,-0.0163,,0.6542,logistics_operations,0.0106,0.0381,0.0451,0.0337,0.6542,0.044,0.0419,0.0419,0.0486,0.0419
india_pakistan_sindoor,LSTR,20,armed_conflict_instability,0.0765,0.0368,,0.6542,logistics_operations,0.0106,0.0381,0.0451,0.0337,0.6542,0.044,0.0419,0.0419,0.0486,0.0419
notpetya_2017,LSTR,20,armed_conflict_instability,0.0343,-0.0089,,0.6542,logistics_operations,0.0106,0.0381,0.0451,0.0337,0.6542,0.044,0.0419,0.0419,0.0486,0.0419
red_sea_houthi_2023,LSTR,20,armed_conflict_instability,0.0391,0.0122,"During the last week of the Company’s 2025 first quarter, the Company identified a supply chain fraud relating to the Company’s international freight forwarding operations. This supply chain fraud mat,During the last week of the Company’s 2025 first quarter, the Company identified a supply chain fra",0.9807,logistics_operations,0.0034,0.0009,0.0017,0.0,0.9807,0.0062,0.0023,0.0023,0.0,0.0023
suez_blockage_2021,LSTR,20,armed_conflict_instability,0.0534,0.1047,,0.6542,logistics_operations,0.0106,0.0381,0.0451,0.0337,0.6542,0.044,0.0419,0.0419,0.0486,0.0419
us_iran_war_2026,LSTR,20,armed_conflict_instability,-0.0627,0.0406,,0.6542,logistics_operations,0.0106,0.0381,0.0451,0.0337,0.6542,0.044,0.0419,0.0419,0.0486,0.0419
covid_lockdown_start,MATX,20,armed_conflict_instability,0.1129,-0.0882,,0.6542,logistics_operations,0.0106,0.0381,0.0451,0.0337,0.6542,0.044,0.0419,0.0419,0.0486,0.0419
india_pakistan_sindoor,MATX,20,armed_conflict_instability,0.2379,0.167,"These adverse economic conditions can also impact the Company’s customers’ business levels and needs.  Within the U.S., a weakening of economic drivers in Hawaii, Alaska or Guam, which include tourism",0.6542,logistics_operations,0.0106,0.0381,0.0451,0.0337,0.6542,0.044,0.0419,0.0419,0.0486,0.0419
notpetya_2017,MATX,20,armed_conflict_instability,0.0582,0.0454,"cybersecurity risks or other disruptions, and the Company and its service providers have in the past experienced and may in the future experience cybersecurity incidents, disruptions, threats and vuln",0.6542,logistics_operations,0.0106,0.0381,0.0451,0.0337,0.6542,0.044,0.0419,0.0419,0.0486,0.0419
red_sea_houthi_2023,MATX,20,armed_conflict_instability,0.1003,0.1021,percent year-over-year due to seasonally stronger freight demand.  The elevated freight rates in the fourth quarter 2024 were supported by a resilient U.S. economy and a stable consumer demand environ,0.9709,logistics_operations,0.0003,0.0054,0.0038,0.0001,0.9709,0.0033,0.0053,0.0053,0.0002,0.0053
us_iran_war_2026,MATX,20,armed_conflict_instability,-0.0765,0.031,,0.6542,logistics_operations,0.0106,0.0381,0.0451,0.0337,0.6542,0.044,0.0419,0.0419,0.0486,0.0419
covid_lockdown_start,KEX,20,armed_conflict_instability,-0.2464,0.0807,,0.6542,logistics_operations,0.0106,0.0381,0.0451,0.0337,0.6542,0.044,0.0419,0.0419,0.0486,0.0419
india_pakistan_sindoor,KEX,20,armed_conflict_instability,0.0656,0.0977,,0.6542,logistics_operations,0.0106,0.0381,0.0451,0.0337,0.6542,0.044,0.0419,0.0419,0.0486,0.0419
notpetya_2017,KEX,20,armed_conflict_instability,0.037,-0.0424,,0.6542,logistics_operations,0.0106,0.0381,0.0451,0.0337,0.6542,0.044,0.0419,0.0419,0.0486,0.0419
red_sea_houthi_2023,KEX,20,armed_conflict_instability,0.0464,0.0172,,0.6542,logistics_operations,0.0106,0.0381,0.0451,0.0337,0.6542,0.044,0.0419,0.0419,0.0486,0.0419
russia_invasion_2022,KEX,20,armed_conflict_instability,0.0554,0.0162,,0.6542,logistics_operations,0.0106,0.0381,0.0451,0.0337,0.6542,0.044,0.0419,0.0419,0.0486,0.0419
suez_blockage_2021,KEX,20,armed_conflict_instability,0.0511,0.1034,,0.6542,logistics_operations,0.0106,0.0381,0.0451,0.0337,0.6542,0.044,0.0419,0.0419,0.0486,0.0419
us_iran_war_2026,KEX,20,armed_conflict_instability,-0.0307,0.0988,,0.6542,logistics_operations,0.0106,0.0381,0.0451,0.0337,0.6542,0.044,0.0419,0.0419,0.0486,0.0419
india_pakistan_sindoor,GXO,20,armed_conflict_instability,0.0785,0.2597,,0.6542,logistics_operations,0.0106,0.0381,0.0451,0.0337,0.6542,0.044,0.0419,0.0419,0.0486,0.0419
israel_hamas_2023,GXO,20,armed_conflict_instability,-0.0358,0.0306,,0.6542,logistics_operations,0.0106,0.0381,0.0451,0.0337,0.6542,0.044,0.0419,0.0419,0.0486,0.0419
russia_invasion_2022,GXO,20,armed_conflict_instability,-0.0698,-0.2609,,0.6542,logistics_operations,0.0106,0.0381,0.0451,0.0337,0.6542,0.044,0.0419,0.0419,0.0486,0.0419
us_iran_war_2026,GXO,20,armed_conflict_instability,-0.1191,-0.0963,,0.6542,logistics_operations,0.0106,0.0381,0.0451,0.0337,0.6542,0.044,0.0419,0.0419,0.0486,0.0419
us_tariffs_2025,GXO,20,trade_policy_actions,-0.1142,0.0297,"The services we provide outside the U.S. are subject to risks resulting from changes in tariffs, trade restrictions, trade agreements, tax rules and policies, difficulties in managing or overseeing fo,The services we provide outside the U.S. are subject to risks resulting from changes in tariffs, tr",0.7104,procurement_supply_chain,0.7104,0.0186,0.0361,0.0001,0.0669,0.0752,0.0299,0.0299,0.003,0.0299
india_pakistan_sindoor,ZIM,20,armed_conflict_instability,0.3441,0.2693,,0.6542,logistics_operations,0.0106,0.0381,0.0451,0.0337,0.6542,0.044,0.0419,0.0419,0.0486,0.0419
red_sea_houthi_2023,ZIM,20,armed_conflict_instability,0.2012,0.556,,0.6542,logistics_operations,0.0106,0.0381,0.0451,0.0337,0.6542,0.044,0.0419,0.0419,0.0486,0.0419
russia_invasion_2022,ZIM,20,armed_conflict_instability,0.1046,0.1024,,0.6542,logistics_operations,0.0106,0.0381,0.0451,0.0337,0.6542,0.044,0.0419,0.0419,0.0486,0.0419
suez_blockage_2021,ZIM,20,armed_conflict_instability,0.0663,0.8159,,0.6542,logistics_operations,0.0106,0.0381,0.0451,0.0337,0.6542,0.044,0.0419,0.0419,0.0486,0.0419
us_chip_export_oct2022,MRVL,45,technology_controls,-0.1261,0.039,"risks related to tariffs and trade restrictions with China, Russia and other foreign nations including risks related to the ability of our customers, particularly in jurisdictions such as China that m,customers, particularly in jurisdictions such as China that may be subject to trade restrictions or",0.8449,innovation_ip,0.0425,0.01,0.0233,0.0001,0.0199,0.8449,0.0189,0.0189,0.0025,0.019
us_chip_export_oct2023,MRVL,45,technology_controls,-0.0692,0.0551,,0.71,innovation_ip,0.0137,0.0294,0.0366,0.0313,0.0298,0.71,0.0344,0.0344,0.0458,0.0344
us_tariffs_2025,MRVL,45,trade_policy_actions,-0.0359,0.0323,"Changes to U.S. or foreign tax, trade policy, government incentives, tariff and import/export regulations may have a material adverse effect on our business, financial condition and results of operati,Additionally, because we do not operate our own manufacturing, assembly, testing or packaging facil",0.7792,procurement_supply_chain,0.7792,0.0028,0.009,0.0,0.0098,0.175,0.008,0.008,0.0,0.0081
us_chip_export_oct2022,ON,45,technology_controls,-0.1089,0.1177,"We are also subject to numerous United States and foreign laws and regulations, including, without limitation, tariffs, trade sanctions, trade barriers, trade embargoes, regulations relating to import,We believe that our operations are in material compliance with applicable trade regulations relatin",0.9301,innovation_ip,0.0653,0.0016,0.0005,0.0,0.0012,0.9301,0.0005,0.0005,0.0,0.0005
us_chip_export_oct2023,ON,45,technology_controls,-0.072,-0.2189,,0.71,innovation_ip,0.0137,0.0294,0.0366,0.0313,0.0298,0.71,0.0344,0.0344,0.0458,0.0344
xinjiang_boycott_2021,ON,45,trade_policy_actions,0.0916,-0.0139,"We work together with our customers, peers, partners and suppliers to promote continual improvement in human rights, labor, environment, health and safety, anti-corruption, ethics and management syste,We work together with our customers, peers, partners and suppliers to promote continual improvement",0.5818,procurement_supply_chain,0.5818,0.0144,0.0307,0.0001,0.0162,0.2787,0.0252,0.0252,0.0025,0.0252
us_chip_export_oct2022,SWKS,45,technology_controls,-0.0752,0.0818,"We are also subject to import/export controls, tariffs, and other trade-related regulations and restrictions in the countries in which we have operations or otherwise do business. These controls, tari,We are also subject to import/export controls, tariffs, and other trade-related regulations and res",0.8469,innovation_ip,0.0908,0.0032,0.0109,0.0,0.0193,0.8469,0.0097,0.0097,0.0,0.0097
us_chip_export_oct2023,SWKS,45,technology_controls,-0.0433,0.0109,,0.71,innovation_ip,0.0137,0.0294,0.0366,0.0313,0.0298,0.71,0.0344,0.0344,0.0458,0.0344
us_chip_export_oct2023,QRVO,45,technology_controls,-0.0423,0.0337,,0.71,innovation_ip,0.0137,0.0294,0.0366,0.0313,0.0298,0.71,0.0344,0.0344,0.0458,0.0344
us_tariffs_2025,QRVO,45,trade_policy_actions,-0.145,0.0796,"Changes in government trade policies, including the imposition of tariffs and export restrictions, have limited and could continue to limit our ability to sell or provide our products to certain custo",0.5818,procurement_supply_chain,0.5818,0.0144,0.0307,0.0001,0.0162,0.2787,0.0252,0.0252,0.0025,0.0252
us_chip_export_oct2022,CRUS,45,technology_controls,-0.0515,0.1265,"There is a risk of further escalation and retaliatory actions between the U.S. and other foreign governments. If significant tariffs or other restrictions are placed on goods exported and/or imported ,The U.S. government also may seek to implement more protective trade measures, not just with respec",0.8449,innovation_ip,0.0425,0.01,0.0233,0.0001,0.0199,0.8449,0.0189,0.0189,0.0025,0.019
us_chip_export_oct2023,CRUS,45,technology_controls,-0.0598,0.0743,,0.71,innovation_ip,0.0137,0.0294,0.0366,0.0313,0.0298,0.71,0.0344,0.0344,0.0458,0.0344
us_chip_export_oct2022,ENTG,45,technology_controls,-0.1017,-0.106,"On December 3, 2024, the Company entered into a definitive agreement to receive funding under the CHIPS and Science Act of 2022 (“CHIPS Act”). The agreement provides the Company with up to $,On December 3, 2024, the Company entered into a definitive agreement to receive funding under the CHIPS and S",0.71,innovation_ip,0.0137,0.0294,0.0366,0.0313,0.0298,0.71,0.0344,0.0344,0.0458,0.0344
us_chip_export_oct2023,ENTG,45,technology_controls,-0.0598,0.0788,,0.71,innovation_ip,0.0137,0.0294,0.0366,0.0313,0.0298,0.71,0.0344,0.0344,0.0458,0.0344
us_chip_export_oct2022,MPWR,45,technology_controls,-0.1473,0.0406,"We and our supply chain, including the end products which contain our products, are also subject to import/export controls, tariffs, and other trade-related regulations and restrictions in the countri,changes in international trade policy, such as tariffs on imports of foreign goods and regulations ",0.8469,innovation_ip,0.0908,0.0032,0.0109,0.0,0.0193,0.8469,0.0097,0.0097,0.0,0.0097
us_chip_export_oct2023,MPWR,45,technology_controls,-0.1229,0.1593,,0.71,innovation_ip,0.0137,0.0294,0.0366,0.0313,0.0298,0.71,0.0344,0.0344,0.0458,0.0344
us_tariffs_2025,MPWR,45,trade_policy_actions,-0.0488,0.2026,"Although consequences of economic uncertainties and macroeconomic conditions, including tariffs and retaliatory measures and announcements regarding same, and other factors could adversely affect our ,Although consequences of economic uncertainties and macroeconomic conditions, including tariffs and",0.5818,procurement_supply_chain,0.5818,0.0144,0.0307,0.0001,0.0162,0.2787,0.0252,0.0252,0.0025,0.0252
us_chip_export_oct2022,MTSI,45,technology_controls,-0.108,0.223,"In August 2022, the U.S. government enacted the CHIPS and Science Act of 2022 (“CHIPS Act”), which provides funding for manufacturing grants and research investments and established a 25% investment t,for certain qualifying investments in U.S. semiconductor manufacturing equipment. On July 4, 2025 t",0.71,innovation_ip,0.0137,0.0294,0.0366,0.0313,0.0298,0.71,0.0344,0.0344,0.0458,0.0344
us_chip_export_oct2023,MTSI,45,technology_controls,-0.0547,0.0533,,0.71,innovation_ip,0.0137,0.0294,0.0366,0.0313,0.0298,0.71,0.0344,0.0344,0.0458,0.0344
us_chip_export_oct2022,ADI,45,technology_controls,-0.0565,0.1168,"trade policy, commercial, travel, export or taxation disputes or restrictions, import, export or sector-based tariffs, changes to export classifications or other restrictions imposed by the U.S. gover,trade policy, commercial, travel, export or taxation disputes or restrictions, import or export tar",0.8449,innovation_ip,0.0425,0.01,0.0233,0.0001,0.0199,0.8449,0.0189,0.0189,0.0025,0.019
us_chip_export_oct2023,ADI,45,technology_controls,-0.0445,0.0585,,0.71,innovation_ip,0.0137,0.0294,0.0366,0.0313,0.0298,0.71,0.0344,0.0344,0.0458,0.0344
russia_invasion_2022,NXPI,45,armed_conflict_instability,-0.0351,-0.0924,"global hostilities, including the invasion of Ukraine by Russia and resulting regional instability, sanctions and any other retaliatory measures taken against Russia, and the continued hostilities and,global hostilities, including the invasion of Ukraine by Russia and resulting regional instability,",0.517,logistics_operations,0.0123,0.0199,0.0345,0.0086,0.517,0.2401,0.0302,0.0302,0.077,0.0302
us_chip_export_oct2022,NXPI,45,technology_controls,-0.09,0.133,"trade disputes between the U.S. and China, potential increase of barriers to international trade, including the imposition of new or increased tariffs, and resulting disruptions to our established sup",0.8449,innovation_ip,0.0425,0.01,0.0233,0.0001,0.0199,0.8449,0.0189,0.0189,0.0025,0.019
us_chip_export_oct2023,NXPI,45,technology_controls,-0.0714,0.0334,,0.71,innovation_ip,0.0137,0.0294,0.0366,0.0313,0.0298,0.71,0.0344,0.0344,0.0458,0.0344
us_tariffs_2025,NXPI,45,trade_policy_actions,-0.0403,0.0881,"global trade disputes, potential increase of barriers to international trade, including the imposition of new or increased tariffs, and resulting disruptions to our established supply chains;,global trade disputes, potential increase of barriers to international trade, including the imposition of ne",0.5818,procurement_supply_chain,0.5818,0.0144,0.0307,0.0001,0.0162,0.2787,0.0252,0.0252,0.0025,0.0252
us_chip_export_oct2022,MCHP,45,technology_controls,-0.102,0.1622,"general economic, industry, public health or political conditions in the U.S. or internationally, including uncertain economic conditions in U.S., China and Europe, changes in tariffs, interest rates,,trade restrictions and increase in tariffs, including those on business in China, or focused on spe",0.8449,innovation_ip,0.0425,0.01,0.0233,0.0001,0.0199,0.8449,0.0189,0.0189,0.0025,0.019
us_chip_export_oct2023,MCHP,45,technology_controls,-0.0365,0.0571,,0.71,innovation_ip,0.0137,0.0294,0.0366,0.0313,0.0298,0.71,0.0344,0.0344,0.0458,0.0344
us_tariffs_2025,MCHP,45,trade_policy_actions,-0.0824,0.2426,"impact of price increases, increased tariffs, raw material availability or other factors affecting our suppliers;,We regularly review the financial viability and performance of our licensees, customers, distributors, resellers and suppliers.  Any downturn in global or regional economic conditions as",0.5818,procurement_supply_chain,0.5818,0.0144,0.0307,0.0001,0.0162,0.2787,0.0252,0.0252,0.0025,0.0252
us_chip_export_oct2022,TER,45,technology_controls,-0.0771,0.2013,"In addition to the risks associated with the tariffs and trade regulations detailed below, we are subject to the following risks associated with doing business in China:,In addition to the risks associated with the tariffs and trade regulations detailed below, we are subject to the following risks a",0.8469,innovation_ip,0.0908,0.0032,0.0109,0.0,0.0193,0.8469,0.0097,0.0097,0.0,0.0097
us_chip_export_oct2023,TER,45,technology_controls,-0.0509,-0.0378,,0.71,innovation_ip,0.0137,0.0294,0.0366,0.0313,0.0298,0.71,0.0344,0.0344,0.0458,0.0344
us_chip_export_oct2022,ACLS,45,technology_controls,-0.1586,0.2462,"Axcelis Technologies, Inc. (“Axcelis” or the “Company”) was incorporated in Delaware in 1995 and is a producer of ion implantation equipment used in the fabrication of semiconductor chips in the Unite,Axcelis Technologies, Inc. (“Axcelis” or the “Company”) was incorporated in Delaware in 1995 and is",0.71,innovation_ip,0.0137,0.0294,0.0366,0.0313,0.0298,0.71,0.0344,0.0344,0.0458,0.0344
us_chip_export_oct2023,ACLS,45,technology_controls,-0.0714,-0.2234,,0.71,innovation_ip,0.0137,0.0294,0.0366,0.0313,0.0298,0.71,0.0344,0.0344,0.0458,0.0344
us_tariffs_2025,ACLS,45,trade_policy_actions,-0.0404,0.2298,"For the three months ending March 31, 2025, the geopolitical environment surrounding trade and tariffs did not have a meaningful impact on our financial results. It is difficult to predict the exact t",0.5818,procurement_supply_chain,0.5818,0.0144,0.0307,0.0001,0.0162,0.2787,0.0252,0.0252,0.0025,0.0252
eu_energy_crisis_peak,FCX,15,resource_energy_disruptions,-0.1208,-0.091,,0.5667,procurement_supply_chain,0.5667,0.058,0.0433,0.0534,0.0479,0.0517,0.0439,0.0439,0.0474,0.0439
opec_price_war_2014,FCX,15,resource_energy_disruptions,-0.1135,-0.273,,0.5667,procurement_supply_chain,0.5667,0.058,0.0433,0.0534,0.0479,0.0517,0.0439,0.0439,0.0474,0.0439
us_china_trade_war_start,FCX,15,trade_policy_actions,-0.0378,-0.1999,,0.5369,procurement_supply_chain,0.5369,0.0498,0.0539,0.052,0.0369,0.057,0.0514,0.0514,0.0592,0.0514
us_tariffs_2025,FCX,15,trade_policy_actions,-0.1168,0.0116,,0.5369,procurement_supply_chain,0.5369,0.0498,0.0539,0.052,0.0369,0.057,0.0514,0.0514,0.0592,0.0514
xinjiang_boycott_2021,FCX,15,trade_policy_actions,0.0418,0.3339,,0.5369,procurement_supply_chain,0.5369,0.0498,0.0539,0.052,0.0369,0.057,0.0514,0.0514,0.0592,0.0514
eu_energy_crisis_peak,NEM,15,resource_energy_disruptions,-0.0359,-0.0087,,0.5667,procurement_supply_chain,0.5667,0.058,0.0433,0.0534,0.0479,0.0517,0.0439,0.0439,0.0474,0.0439
us_china_trade_war_start,NEM,15,trade_policy_actions,-0.0262,-0.1525,,0.5369,procurement_supply_chain,0.5369,0.0498,0.0539,0.052,0.0369,0.057,0.0514,0.0514,0.0592,0.0514
eu_energy_crisis_peak,AA,15,resource_energy_disruptions,-0.118,-0.3044,,0.5667,procurement_supply_chain,0.5667,0.058,0.0433,0.0534,0.0479,0.0517,0.0439,0.0439,0.0474,0.0439
opec_price_war_2014,AA,15,resource_energy_disruptions,-0.0369,-0.1023,,0.5667,procurement_supply_chain,0.5667,0.058,0.0433,0.0534,0.0479,0.0517,0.0439,0.0439,0.0474,0.0439
us_tariffs_2025,AA,15,trade_policy_actions,-0.1615,-0.0704,"Other segment items include costs associated with trading activity, the Alumina segment’s purchase of bauxite from offtake or other supply agreements, the Alumina segment’s commercial shipping service,Other segment items include costs associated with trading activity, the Alumina segment’s purchase ",0.5094,logistics_operations,0.1572,0.0654,0.0419,0.0016,0.5094,0.04,0.0609,0.0609,0.0018,0.0609
xinjiang_boycott_2021,AA,15,trade_policy_actions,0.1297,0.387,,0.5369,procurement_supply_chain,0.5369,0.0498,0.0539,0.052,0.0369,0.057,0.0514,0.0514,0.0592,0.0514
eu_energy_crisis_peak,RS,15,resource_energy_disruptions,-0.0549,-0.0602,,0.5667,procurement_supply_chain,0.5667,0.058,0.0433,0.0534,0.0479,0.0517,0.0439,0.0439,0.0474,0.0439
red_sea_houthi_2023,RS,15,armed_conflict_instability,0.045,0.0551,"Other segment items mainly consist of warehousing and delivery costs, which include among others, third-party freight, gas and oil, utilities & rent, plant supplies, and repairs and maintenance.,Other segment items mainly consist of warehousing and delivery costs, which include among others, third-p",0.9282,logistics_operations,0.002,0.0127,0.0093,0.0003,0.9282,0.0077,0.0131,0.0131,0.0004,0.0131
us_tariffs_2025,RS,15,trade_policy_actions,-0.0463,0.0232,"Gross profit margins for the third quarter and nine months ended September 30, 2025 were 28.3% and 29.2%, respectively, down 1.1 and 0.9 percentage points from the same periods in 2024, respectively. ,We grew our same-store tons sold and our total tons sold increased to a new quarterly record, surpa",0.5369,procurement_supply_chain,0.5369,0.0498,0.0539,0.052,0.0369,0.057,0.0514,0.0514,0.0592,0.0514
xinjiang_boycott_2021,RS,15,trade_policy_actions,0.0695,0.2289,,0.5369,procurement_supply_chain,0.5369,0.0498,0.0539,0.052,0.0369,0.057,0.0514,0.0514,0.0592,0.0514
eu_energy_crisis_peak,CLF,15,resource_energy_disruptions,-0.1025,-0.1676,,0.5667,procurement_supply_chain,0.5667,0.058,0.0433,0.0534,0.0479,0.0517,0.0439,0.0439,0.0474,0.0439
opec_price_war_2014,CLF,15,resource_energy_disruptions,-0.129,-0.1421,,0.5667,procurement_supply_chain,0.5667,0.058,0.0433,0.0534,0.0479,0.0517,0.0439,0.0439,0.0474,0.0439
us_tariffs_2025,CLF,15,trade_policy_actions,-0.0893,-0.1489,"Section 232 of the Trade Expansion Act of 1962 (as amended by the Trade Act of 1974),Section 232 of the Trade Expansion Act of 1962 (as amended by the Trade Act of 1974),Section 232 of the Trade Expansion Act of 1962 (as amended by the Trade Act of 1974),Section 232 of the Trade Expansion Act of 196",0.8776,procurement_supply_chain,0.8776,0.009,0.0181,0.0001,0.013,0.0358,0.0149,0.0149,0.0017,0.0149
xinjiang_boycott_2021,CLF,15,trade_policy_actions,0.3765,0.4004,,0.5369,procurement_supply_chain,0.5369,0.0498,0.0539,0.052,0.0369,0.057,0.0514,0.0514,0.0592,0.0514
eu_energy_crisis_peak,STLD,15,resource_energy_disruptions,-0.1028,-0.1011,,0.5667,procurement_supply_chain,0.5667,0.058,0.0433,0.0534,0.0479,0.0517,0.0439,0.0439,0.0474,0.0439
opec_price_war_2014,STLD,15,resource_energy_disruptions,-0.0299,-0.2466,,0.5667,procurement_supply_chain,0.5667,0.058,0.0433,0.0534,0.0479,0.0517,0.0439,0.0439,0.0474,0.0439
us_tariffs_2025,STLD,15,trade_policy_actions,-0.037,0.0506,,0.5369,procurement_supply_chain,0.5369,0.0498,0.0539,0.052,0.0369,0.057,0.0514,0.0514,0.0592,0.0514
xinjiang_boycott_2021,STLD,15,trade_policy_actions,0.1076,0.3452,,0.5369,procurement_supply_chain,0.5369,0.0498,0.0539,0.052,0.0369,0.057,0.0514,0.0514,0.0592,0.0514
eu_energy_crisis_peak,NUE,15,resource_energy_disruptions,-0.0692,-0.1558,,0.5667,procurement_supply_chain,0.5667,0.058,0.0433,0.0534,0.0479,0.0517,0.0439,0.0439,0.0474,0.0439
us_tariffs_2025,NUE,15,trade_policy_actions,-0.0612,-0.0615,"The Section 232 steel tariffs enacted in 2018 have also been effective in keeping unfairly traded imports out of the U.S. market. However, over time their impact has waned, due to the granting of coun,The Section 232 steel tariffs enacted in 2018 have also been effective in keeping unfairly traded i",0.8776,procurement_supply_chain,0.8776,0.009,0.0181,0.0001,0.013,0.0358,0.0149,0.0149,0.0017,0.0149
xinjiang_boycott_2021,NUE,15,trade_policy_actions,0.1614,0.3845,,0.5369,procurement_supply_chain,0.5369,0.0498,0.0539,0.052,0.0369,0.057,0.0514,0.0514,0.0592,0.0514
covid_lockdown_start,CMC,20,armed_conflict_instability,-0.233,0.038,,0.6542,logistics_operations,0.0106,0.0381,0.0451,0.0337,0.6542,0.044,0.0419,0.0419,0.0486,0.0419
india_pakistan_sindoor,CMC,20,armed_conflict_instability,0.0626,0.0808,,0.6542,logistics_operations,0.0106,0.0381,0.0451,0.0337,0.6542,0.044,0.0419,0.0419,0.0486,0.0419
israel_hamas_2023,CMC,20,armed_conflict_instability,-0.1017,-0.0611,,0.6542,logistics_operations,0.0106,0.0381,0.0451,0.0337,0.6542,0.044,0.0419,0.0419,0.0486,0.0419
notpetya_2017,CMC,20,armed_conflict_instability,0.0762,0.0204,,0.6542,logistics_operations,0.0106,0.0381,0.0451,0.0337,0.6542,0.044,0.0419,0.0419,0.0486,0.0419
red_sea_houthi_2023,CMC,20,armed_conflict_instability,0.0588,0.0928,,0.6542,logistics_operations,0.0106,0.0381,0.0451,0.0337,0.6542,0.044,0.0419,0.0419,0.0486,0.0419
russia_invasion_2022,CMC,20,armed_conflict_instability,0.1176,0.1775,The Russian invasion of Ukraine did not have a direct material adverse impact,0.6542,logistics_operations,0.0106,0.0381,0.0451,0.0337,0.6542,0.044,0.0419,0.0419,0.0486,0.0419
suez_blockage_2021,CMC,20,armed_conflict_instability,0.1583,0.1598,,0.6542,logistics_operations,0.0106,0.0381,0.0451,0.0337,0.6542,0.044,0.0419,0.0419,0.0486,0.0419
us_iran_war_2026,CMC,20,armed_conflict_instability,-0.1016,-0.0975,,0.6542,logistics_operations,0.0106,0.0381,0.0451,0.0337,0.6542,0.044,0.0419,0.0419,0.0486,0.0419
us_tariffs_2025,CMC,20,trade_policy_actions,-0.0689,0.021,"ion. Additionally, trade enforcement laws, such as the tariffs and quotas set forth in Section 232 of the U.S. Trade Expansion Act of 1962 (""Section 232""), which were restored and expanded by Presiden,ion. Additionally, trade enforcement laws, such as the tariffs and quotas set forth in Section 232 ",0.7104,procurement_supply_chain,0.7104,0.0186,0.0361,0.0001,0.0669,0.0752,0.0299,0.0299,0.003,0.0299
eu_energy_crisis_peak,MP,15,resource_energy_disruptions,-0.1147,-0.1643,,0.5667,procurement_supply_chain,0.5667,0.058,0.0433,0.0534,0.0479,0.0517,0.0439,0.0439,0.0474,0.0439
us_tariffs_2025,MP,15,trade_policy_actions,-0.0537,-0.1526,"The cash flows and profitability of the Company’s operations have historically been significantly affected by the market price of rare earth products, which are generally also impacted by taxes and ta,Because the Company’s revenue is primarily derived from the sale of or other arrangements related t",0.8776,procurement_supply_chain,0.8776,0.009,0.0181,0.0001,0.013,0.0358,0.0149,0.0149,0.0017,0.0149
xinjiang_boycott_2021,MP,15,trade_policy_actions,0.0751,-0.1235,,0.5369,procurement_supply_chain,0.5369,0.0498,0.0539,0.052,0.0369,0.057,0.0514,0.0514,0.0592,0.0514
eu_energy_crisis_peak,ALB,15,resource_energy_disruptions,-0.0981,-0.0337,,0.5667,procurement_supply_chain,0.5667,0.058,0.0433,0.0534,0.0479,0.0517,0.0439,0.0439,0.0474,0.0439
us_tariffs_2025,ALB,15,trade_policy_actions,-0.163,-0.1651,"unexpected adverse changes in export regulations, duties, quotas and tariffs and difficulties in obtaining export licenses may occur;,The U.S. and foreign countries may also adopt or increase restrictions on foreign trade or investment, including currency exchange controls, tariffs or other taxes, o",0.9578,procurement_supply_chain,0.9578,0.0014,0.0043,0.0,0.0064,0.0183,0.0039,0.0039,0.0,0.0039
eu_energy_crisis_peak,SQM,15,resource_energy_disruptions,-0.0338,-0.1062,,0.5667,procurement_supply_chain,0.5667,0.058,0.0433,0.0534,0.0479,0.0517,0.0439,0.0439,0.0474,0.0439
opec_price_war_2014,SQM,15,resource_energy_disruptions,-0.0407,-0.0853,,0.5667,procurement_supply_chain,0.5667,0.058,0.0433,0.0534,0.0479,0.0517,0.0439,0.0439,0.0474,0.0439
us_tariffs_2025,SQM,15,trade_policy_actions,-0.1074,-0.1179,,0.5369,procurement_supply_chain,0.5369,0.0498,0.0539,0.052,0.0369,0.057,0.0514,0.0514,0.0592,0.0514
chile_lithium_nationalization,SBUX,25,political_transitions_volatility,0.0532,-0.0659,,0.6673,revenue_market_access,0.008,0.6673,0.0396,0.0371,0.0319,0.0472,0.0398,0.0398,0.0494,0.0398
panama_mine_closure_2023,SBUX,25,political_transitions_volatility,-0.0557,-0.0814,,0.6673,revenue_market_access,0.008,0.6673,0.0396,0.0371,0.0319,0.0472,0.0398,0.0398,0.0494,0.0398
us_tariffs_2025,YUM,25,trade_policy_actions,-0.0808,-0.0707,Our and our Concepts’ franchisees’ restaurants outside the U.S. are subject to national and local laws and regulations which have similarities to those affecting U.S. restaurants but may differ among ,0.6534,procurement_supply_chain,0.6534,0.0555,0.0334,0.0407,0.039,0.0745,0.0344,0.0344,0.0004,0.0344
chile_lithium_nationalization,CMG,25,political_transitions_volatility,0.1323,0.1467,,0.6673,revenue_market_access,0.008,0.6673,0.0396,0.0371,0.0319,0.0472,0.0398,0.0398,0.0494,0.0398
india_demonetization_2016,CMG,25,political_transitions_volatility,0.0567,0.0395,,0.6673,revenue_market_access,0.008,0.6673,0.0396,0.0371,0.0319,0.0472,0.0398,0.0398,0.0494,0.0398
india_demonetization_2016,DPZ,25,political_transitions_volatility,-0.0447,-0.0348,,0.6673,revenue_market_access,0.008,0.6673,0.0396,0.0371,0.0319,0.0472,0.0398,0.0398,0.0494,0.0398
us_tariffs_2025,DPZ,25,trade_policy_actions,-0.0256,0.0375,"Internationally, our franchise stores are subject to national and local laws and regulations that are often similar to those affecting our U.S. stores, including laws and regulations concerning franch",0.6534,procurement_supply_chain,0.6534,0.0555,0.0334,0.0407,0.039,0.0745,0.0344,0.0344,0.0004,0.0344
chile_lithium_nationalization,DNUT,30,political_transitions_volatility,0.0414,0.0421,,0.6673,revenue_market_access,0.008,0.6673,0.0396,0.0371,0.0319,0.0472,0.0398,0.0398,0.0494,0.0398
chile_lithium_nationalization,EL,30,political_transitions_volatility,-0.0496,-0.2691,,0.6673,revenue_market_access,0.008,0.6673,0.0396,0.0371,0.0319,0.0472,0.0398,0.0398,0.0494,0.0398
india_demonetization_2016,EL,30,political_transitions_volatility,-0.0319,-0.023,,0.6673,revenue_market_access,0.008,0.6673,0.0396,0.0371,0.0319,0.0472,0.0398,0.0398,0.0494,0.0398
panama_mine_closure_2023,EL,30,political_transitions_volatility,0.0542,0.1047,,0.6673,revenue_market_access,0.008,0.6673,0.0396,0.0371,0.0319,0.0472,0.0398,0.0398,0.0494,0.0398
chile_lithium_nationalization,TPR,25,political_transitions_volatility,-0.0341,0.0026,,0.6673,revenue_market_access,0.008,0.6673,0.0396,0.0371,0.0319,0.0472,0.0398,0.0398,0.0494,0.0398
india_demonetization_2016,TPR,25,political_transitions_volatility,0.0388,-0.0016,,0.6673,revenue_market_access,0.008,0.6673,0.0396,0.0371,0.0319,0.0472,0.0398,0.0398,0.0494,0.0398
panama_mine_closure_2023,TPR,25,political_transitions_volatility,0.0451,0.2276,,0.6673,revenue_market_access,0.008,0.6673,0.0396,0.0371,0.0319,0.0472,0.0398,0.0398,0.0494,0.0398
us_tariffs_2025,TPR,25,trade_policy_actions,-0.0998,0.1137,"Most of the Company's imported products are subject to tariffs, indirect taxes, quotas and non-tariff trade barriers that may limit the quantity of products that we may import into the U.S. and other ,We face risks associated with potential changes to international trade agreements and the impositio",0.7378,procurement_supply_chain,0.7378,0.0468,0.0354,0.0001,0.021,0.0689,0.0289,0.0289,0.003,0.029
india_demonetization_2016,RL,25,political_transitions_volatility,0.1442,-0.0617,,0.6673,revenue_market_access,0.008,0.6673,0.0396,0.0371,0.0319,0.0472,0.0398,0.0398,0.0494,0.0398
red_sea_houthi_2023,RL,25,armed_conflict_instability,0.0313,0.0238,"Costs associated with shipping goods to customers are accounted for as fulfillment activities and reflected as selling, general, and administrative (""SG&A"") expenses in the consolidated statements of ,Costs associated with shipping goods to customers are accounted for as fulfillment activities and r",0.8933,logistics_operations,0.001,0.0397,0.0108,0.0003,0.8933,0.0089,0.0151,0.0151,0.0005,0.0151
us_tariffs_2025,RL,25,trade_policy_actions,-0.1184,0.1386,"the impact to our business resulting from the potential imposition of additional tariffs, duties, or taxes, changes to existing trade agreements, and other charges or barriers to trade, including thos,the impact to our business resulting from the potential imposition of additional tariffs, duties, o",0.7378,procurement_supply_chain,0.7378,0.0468,0.0354,0.0001,0.021,0.0689,0.0289,0.0289,0.003,0.029
chile_lithium_nationalization,PVH,25,political_transitions_volatility,-0.0331,-0.1016,,0.6673,revenue_market_access,0.008,0.6673,0.0396,0.0371,0.0319,0.0472,0.0398,0.0398,0.0494,0.0398
panama_mine_closure_2023,PVH,25,political_transitions_volatility,0.1538,0.3664,,0.6673,revenue_market_access,0.008,0.6673,0.0396,0.0371,0.0319,0.0472,0.0398,0.0398,0.0494,0.0398
us_tariffs_2025,PVH,25,trade_policy_actions,-0.0916,0.0973,"Inflation and other macroeconomic pressures, such as recently enacted tariffs on goods imported into the United States, elevated interest rates and the risk of recession, continue to create a complex ,Beginning in the first quarter of 2025, the United States government announced additional tariffs o",0.9053,procurement_supply_chain,0.9053,0.0085,0.0095,0.0,0.0117,0.0396,0.0085,0.0085,0.0,0.0085
india_demonetization_2016,VFC,25,political_transitions_volatility,0.0383,0.008,,0.6673,revenue_market_access,0.008,0.6673,0.0396,0.0371,0.0319,0.0472,0.0398,0.0398,0.0494,0.0398
india_pakistan_sindoor,VFC,25,armed_conflict_instability,0.1588,-0.073,"il stores across the globe. We also utilize distribution centers managed by third parties, as necessary, for certain brands and locations. Managing this complexity is made possible by the use of a net,il stores across the globe. We also utilize distribution centers managed by third parties, as neces",0.7318,logistics_operations,0.0291,0.0152,0.1352,0.0046,0.7318,0.0025,0.0262,0.0262,0.003,0.0262
panama_mine_closure_2023,VFC,25,political_transitions_volatility,0.0686,0.0079,,0.6673,revenue_market_access,0.008,0.6673,0.0396,0.0371,0.0319,0.0472,0.0398,0.0398,0.0494,0.0398
us_tariffs_2025,VFC,25,trade_policy_actions,-0.2422,-0.094,"In preparing the interim consolidated financial statements, management makes estimates and assumptions that affect amounts reported in the interim consolidated financial statements and accompanying no,In preparing the interim consolidated financial statements, management makes estimates and assumpti",0.7378,procurement_supply_chain,0.7378,0.0468,0.0354,0.0001,0.021,0.0689,0.0289,0.0289,0.003,0.029
chile_lithium_nationalization,LEVI,25,political_transitions_volatility,-0.0383,-0.0851,,0.6673,revenue_market_access,0.008,0.6673,0.0396,0.0371,0.0319,0.0472,0.0398,0.0398,0.0494,0.0398
red_sea_houthi_2023,LEVI,25,armed_conflict_instability,0.0669,0.0571,Disruption of container shipping traffic through the Red Sea and surrounding waterways are affecting transit times and shipping costs for goods manufactured in Asia and destined to Europe (and to a sm,0.8933,logistics_operations,0.001,0.0397,0.0108,0.0003,0.8933,0.0089,0.0151,0.0151,0.0005,0.0151
us_tariffs_2025,LEVI,25,trade_policy_actions,-0.1076,0.0554,"The Company imports both raw materials and finished garments into all of its geographic regions and, as such, is subject to numerous countries’ complex customs laws and regulations with respect to its,The Company imports both raw materials and finished garments into all of its geographic regions and",0.9053,procurement_supply_chain,0.9053,0.0085,0.0095,0.0,0.0117,0.0396,0.0085,0.0085,0.0,0.0085
chile_lithium_nationalization,CROX,25,political_transitions_volatility,-0.1469,-0.2449,,0.6673,revenue_market_access,0.008,0.6673,0.0396,0.0371,0.0319,0.0472,0.0398,0.0398,0.0494,0.0398
india_demonetization_2016,CROX,25,political_transitions_volatility,0.073,-0.0935,,0.6673,revenue_market_access,0.008,0.6673,0.0396,0.0371,0.0319,0.0472,0.0398,0.0398,0.0494,0.0398
us_tariffs_2025,CROX,25,trade_policy_actions,-0.1071,0.0514,"We continue to operate in an environment where consumers are feeling the effects of elevated interest rates and inflation, among other things, and as a result, they are spending more unpredictably. In,“Risks Related to our Supply Chain — We depend solely on third-party manufacturers located outside ",0.9053,procurement_supply_chain,0.9053,0.0085,0.0095,0.0,0.0117,0.0396,0.0085,0.0085,0.0,0.0085
iran_sanctions_2018,WFC,40,sanctions_financial_restrictions,0.0293,0.0243,,0.6846,financial_treasury,0.0235,0.041,0.0366,0.0397,0.027,0.0386,0.0364,0.0364,0.6846,0.0364
iran_sanctions_2018,BAC,40,sanctions_financial_restrictions,0.0431,-0.0191,,0.6846,financial_treasury,0.0235,0.041,0.0366,0.0397,0.027,0.0386,0.0364,0.0364,0.6846,0.0364
us_tariffs_2025,C,40,trade_policy_actions,-0.106,0.067,"but not limited to, those related to the U.S. government shutdown and tariff and other policies of the U.S. administration and its trading partners. These factors could adversely affect,economic growth and unemployment in the U.S. and other countries and result in volatility and disruptions in finan",0.7032,procurement_supply_chain,0.7032,0.0203,0.0428,0.0001,0.0265,0.0877,0.0351,0.0351,0.0142,0.0351
iran_sanctions_2018,TFC,40,sanctions_financial_restrictions,0.0305,-0.0347,,0.6846,financial_treasury,0.0235,0.041,0.0366,0.0397,0.027,0.0386,0.0364,0.0364,0.6846,0.0364
notpetya_2017,TFC,40,armed_conflict_instability,0.0529,0.0958,"our ability to manage and mitigate physical-security and cybersecurity risks, including denial-of-service attacks, hacking, phishing, social-engineering attacks, malware intrusion, data-corruption att,our ability to manage and mitigate physical-security and cybersecurity risks, including denial-of-s",0.7201,logistics_operations,0.0002,0.0007,0.0212,0.0006,0.7201,0.0541,0.0151,0.0151,0.0874,0.0855
us_tariffs_2025,TFC,40,trade_policy_actions,-0.0859,0.0041,"monetary, fiscal, and trade laws or policies, including tariffs or changes in interest rates;,monetary, fiscal, and trade laws or policies, including tariffs or changes in interest rates;,monetary, fiscal, and trade laws or policies, including tariffs or responses to rates of inflation above target ",0.7032,procurement_supply_chain,0.7032,0.0203,0.0428,0.0001,0.0265,0.0877,0.0351,0.0351,0.0142,0.0351
iran_sanctions_2018,FITB,40,sanctions_financial_restrictions,0.0366,-0.0722,,0.6846,financial_treasury,0.0235,0.041,0.0366,0.0397,0.027,0.0386,0.0364,0.0364,0.6846,0.0364
iran_sanctions_2018,KEY,40,sanctions_financial_restrictions,0.0344,0.044,,0.6846,financial_treasury,0.0235,0.041,0.0366,0.0397,0.027,0.0386,0.0364,0.0364,0.6846,0.0364
us_tariffs_2025,KEY,40,trade_policy_actions,-0.0965,0.0255,"disruption of the U.S. and global financial system and markets, including ongoing volatility in the capital and bond markets and the impact of inflation, tariffs, a prolonged shutdown of the U.S. gove,disruption of the U.S. and global financial system and markets, including ongoing volatility in the",0.7032,procurement_supply_chain,0.7032,0.0203,0.0428,0.0001,0.0265,0.0877,0.0351,0.0351,0.0142,0.0351
iran_sanctions_2018,CFG,40,sanctions_financial_restrictions,0.0339,0.0138,,0.6846,financial_treasury,0.0235,0.041,0.0366,0.0397,0.027,0.0386,0.0364,0.0364,0.6846,0.0364
us_tariffs_2025,CFG,40,trade_policy_actions,-0.1006,0.0128,"Negative economic, business, and political conditions, including as a result of the interest rate environment, supply chain disruptions, tariffs, inflationary pressures, and labor shortages that adver,Negative economic, business, and political conditions, including as a result of the interest rate e",0.7032,procurement_supply_chain,0.7032,0.0203,0.0428,0.0001,0.0265,0.0877,0.0351,0.0351,0.0142,0.0351
us_tariffs_2025,HBAN,40,trade_policy_actions,-0.0986,0.0585,"Despite persistent elevated levels of uncertainty, the market has demonstrated considerable resilience. Broad-based equity indices have been trading in proximity to record highs, while corporate credi,The baseline economic scenario used in the September 30, 2025 ACL determination assumes continued t",0.7032,procurement_supply_chain,0.7032,0.0203,0.0428,0.0001,0.0265,0.0877,0.0351,0.0351,0.0142,0.0351
notpetya_2017,RF,40,armed_conflict_instability,0.0607,0.0486,"Our ability to identify and address cyber-security risks such as data security breaches, malware, ransomware, “denial of service” attacks, “hacking” and identity theft, including account take-overs, a,Our ability to identify and address cyber-security risks such as data security breaches, malware, r",0.7201,logistics_operations,0.0002,0.0007,0.0212,0.0006,0.7201,0.0541,0.0151,0.0151,0.0874,0.0855
iran_sanctions_2018,ZION,40,sanctions_financial_restrictions,0.0336,0.0081,,0.6846,financial_treasury,0.0235,0.041,0.0366,0.0397,0.027,0.0386,0.0364,0.0364,0.6846,0.0364
us_tariffs_2025,ZION,40,trade_policy_actions,-0.0934,-0.0188,"Evolving trade policies and disputes, such as proposed and implemented tariffs and resulting market volatility and uncertainty, including the effects on supply chains, expenses, and revenues for both ,Evolving trade policies and disputes, such as proposed and implemented tariffs and resulting market",0.7032,procurement_supply_chain,0.7032,0.0203,0.0428,0.0001,0.0265,0.0877,0.0351,0.0351,0.0142,0.0351
russia_invasion_2022,BIIB,35,armed_conflict_instability,0.0399,0.0419,"The ongoing geopolitical tensions related to Russia's invasion of Ukraine and the military conflict in the Middle East have resulted in global business disruptions and economic volatility. For example,We will continue to monitor the ongoing conflict between Russia and Ukraine as well as the military",0.9903,logistics_operations,0.0,0.0,0.0007,0.0,0.9903,0.0039,0.0006,0.0006,0.0001,0.0036
us_chip_export_oct2022,BIIB,35,technology_controls,0.0261,0.1745,"The U.S. has imposed a baseline tariff on imports from all countries, subject to certain exceptions. Trade-related tensions between the U.S. and China have led to a series of tariffs and sanctions bei,The U.S. has imposed a baseline tariff on imports from all countries, subject to certain exceptions",0.7148,innovation_ip,0.1109,0.0112,0.0173,0.0,0.1113,0.7148,0.0114,0.0114,0.0001,0.0115
us_tariffs_2025,BIIB,35,trade_policy_actions,-0.0825,-0.058,"Significant portions of our business are conducted in Europe, Asia and other international geographies. Factors such as global health outbreaks, adverse weather events, geopolitical events, tariffs, i,Global disputes and interruptions in international relationships, including tariffs, trade protecti",0.7743,procurement_supply_chain,0.7743,0.0085,0.0246,0.0001,0.0507,0.0793,0.0193,0.0193,0.0045,0.0193
us_chip_export_oct2022,NOW,45,technology_controls,-0.1482,-0.0046,,0.71,innovation_ip,0.0137,0.0294,0.0366,0.0313,0.0298,0.71,0.0344,0.0344,0.0458,0.0344
us_chip_export_oct2022,SNOW,45,technology_controls,-0.1298,-0.165,,0.71,innovation_ip,0.0137,0.0294,0.0366,0.0313,0.0298,0.71,0.0344,0.0344,0.0458,0.0344
us_chip_export_oct2023,SNOW,45,technology_controls,-0.0519,0.0999,,0.71,innovation_ip,0.0137,0.0294,0.0366,0.0313,0.0298,0.71,0.0344,0.0344,0.0458,0.0344
us_chip_export_oct2022,DDOG,45,technology_controls,-0.1405,-0.131,,0.71,innovation_ip,0.0137,0.0294,0.0366,0.0313,0.0298,0.71,0.0344,0.0344,0.0458,0.0344
us_chip_export_oct2023,DDOG,45,technology_controls,-0.0282,0.2902,,0.71,innovation_ip,0.0137,0.0294,0.0366,0.0313,0.0298,0.71,0.0344,0.0344,0.0458,0.0344
us_tariffs_2025,DDOG,45,trade_policy_actions,-0.042,0.1517,"Our results of operations may vary based on the impact of unfavorable changes in our industry or the global economy on us or our customers and potential customers. Unfavorable conditions in the econom,the effects of trade policies, such as trade wars, tariffs or other trade restrictions or the threa",0.54,procurement_supply_chain,0.54,0.0128,0.0135,0.0,0.0137,0.3918,0.0094,0.0094,0.0,0.0094
india_pakistan_sindoor,NET,45,armed_conflict_instability,0.2693,0.4732,". Similarly, following the events in El Paso, Texas, we terminated the account of 8chan, and following escalating, direct threats towards individuals in September 2022, we blocked access to Kiwi Farms,The actual or perceived failure of our products to block malware or prevent a security breach or in",0.6057,logistics_operations,0.0002,0.0007,0.0209,0.0007,0.6057,0.2363,0.015,0.015,0.0212,0.0844
us_chip_export_oct2022,NET,45,technology_controls,-0.1749,-0.1513,"The United States government has implemented, or threatened to implement, tariffs on some or all of the goods imported into the United States from a number of other countries around the world, includi",0.8449,innovation_ip,0.0425,0.01,0.0233,0.0001,0.0199,0.8449,0.0189,0.0189,0.0025,0.019
us_chip_export_oct2023,NET,45,technology_controls,-0.0774,0.2117,,0.71,innovation_ip,0.0137,0.0294,0.0366,0.0313,0.0298,0.71,0.0344,0.0344,0.0458,0.0344
us_tariffs_2025,NET,45,trade_policy_actions,-0.0585,0.2781,"The United States government has implemented, or threatened to implement, tariffs on some or all of the goods imported into the United States from a number of other countries around the world. In resp,Downturns in economic conditions and recessions — including potential stagflation, inflation, risin",0.5818,procurement_supply_chain,0.5818,0.0144,0.0307,0.0001,0.0162,0.2787,0.0252,0.0252,0.0025,0.0252
india_pakistan_sindoor,ZS,45,armed_conflict_instability,0.0467,0.2972,"the actual or perceived failure of our cloud platform to block malware or prevent a security breach or incident could harm our reputation and adversely impact our business;,The Zscaler Zero Trust Exchange is a cloud-native platform, which implements Zero Trust principles to securely connect users, d",0.6057,logistics_operations,0.0002,0.0007,0.0209,0.0007,0.6057,0.2363,0.015,0.015,0.0212,0.0844
us_chip_export_oct2022,ZS,45,technology_controls,-0.2045,-0.1844,"the potential implementation of export controls, tariffs or retaliatory measures on the sales of our products in countries where our customers or potential customers are located.",0.8449,innovation_ip,0.0425,0.01,0.0233,0.0001,0.0199,0.8449,0.0189,0.0189,0.0025,0.019
us_chip_export_oct2023,ZS,45,technology_controls,-0.0435,0.1599,,0.71,innovation_ip,0.0137,0.0294,0.0366,0.0313,0.0298,0.71,0.0344,0.0344,0.0458,0.0344
us_chip_export_oct2022,CRWD,45,technology_controls,-0.1507,-0.1914,,0.71,innovation_ip,0.0137,0.0294,0.0366,0.0313,0.0298,0.71,0.0344,0.0344,0.0458,0.0344
us_chip_export_oct2022,PANW,45,technology_controls,-0.0888,-0.0143,,0.71,innovation_ip,0.0137,0.0294,0.0366,0.0313,0.0298,0.71,0.0344,0.0344,0.0458,0.0344
us_chip_export_oct2023,PANW,45,technology_controls,-0.0369,0.1038,,0.71,innovation_ip,0.0137,0.0294,0.0366,0.0313,0.0298,0.71,0.0344,0.0344,0.0458,0.0344
covid_lockdown_start,FTNT,45,armed_conflict_instability,-0.13,0.1437,"component shortages, including chips and other components, and product inventory shortages, including those caused by factors outside of our control, such as international trade disputes or tariffs, l,any decreases in demand by channel partners or end-customers, including any such decreases caused b",0.6364,innovation_ip,0.0581,0.0209,0.025,0.0,0.2086,0.6364,0.0169,0.0169,0.0001,0.017
notpetya_2017,FTNT,45,armed_conflict_instability,0.0384,-0.0134,"The market for network security products is intensely competitive and dynamic, and we expect competition to continue to intensify. We face many competitors across the different cybersecurity markets. ,The market for network security products is intensely competitive and dynamic, and we expect compet",0.6057,logistics_operations,0.0002,0.0007,0.0209,0.0007,0.6057,0.2363,0.015,0.015,0.0212,0.0844
us_chip_export_oct2022,FTNT,45,technology_controls,-0.0649,0.0132,"costs of complying with, and the risks, reputational damage and other costs of non-compliance with, U.S. or other foreign laws and regulations for foreign operations, including the U.S. Foreign Corrup,costs of complying with, and the risks, reputational damage and other costs of non-compliance with,",0.986,innovation_ip,0.0016,0.0005,0.001,0.0037,0.0016,0.986,0.0018,0.0018,0.0,0.0018
notpetya_2017,OKTA,45,armed_conflict_instability,-0.0691,-0.0154,"., No. 3:22-cv-08627 (filed Dec. 13, 2022) (together, the “California Federal Derivative Actions”). The California Federal Derivative Actions allege, among other things, that the defendants breached t,., No. 3:22-cv-08627 (filed Dec. 13, 2022) (together, the “California Federal Derivative Actions”).",0.6057,logistics_operations,0.0002,0.0007,0.0209,0.0007,0.6057,0.2363,0.015,0.015,0.0212,0.0844
us_chip_export_oct2022,OKTA,45,technology_controls,-0.0856,-0.0719,,0.71,innovation_ip,0.0137,0.0294,0.0366,0.0313,0.0298,0.71,0.0344,0.0344,0.0458,0.0344
us_chip_export_oct2023,OKTA,45,technology_controls,-0.1655,-0.1787,,0.71,innovation_ip,0.0137,0.0294,0.0366,0.0313,0.0298,0.71,0.0344,0.0344,0.0458,0.0344
us_tariffs_2025,OKTA,45,trade_policy_actions,-0.0346,0.1804,"Worldwide economic and political uncertainties and negative trends, including financial and credit market fluctuations, tariffs and increasing trade protectionism, changes in government spending level,Worldwide economic and political uncertainties and negative trends, including financial and credit ",0.5818,procurement_supply_chain,0.5818,0.0144,0.0307,0.0001,0.0162,0.2787,0.0252,0.0252,0.0025,0.0252
india_demonetization_2016,DG,30,political_transitions_volatility,0.1023,0.1142,"Our long history of profitable growth is founded on a commitment to a relatively simple business model: providing a broad base of customers with their basic everyday and household needs, supplemented ,Our long history of profitable growth is founded on a commitment to a relatively simple business mo",0.6673,revenue_market_access,0.008,0.6673,0.0396,0.0371,0.0319,0.0472,0.0398,0.0398,0.0494,0.0398
panama_mine_closure_2023,DG,30,political_transitions_volatility,0.0462,0.0545,,0.6673,revenue_market_access,0.008,0.6673,0.0396,0.0371,0.0319,0.0472,0.0398,0.0398,0.0494,0.0398
russia_invasion_2022,DG,30,armed_conflict_instability,0.0812,0.2698,"failure to maintain the security of our business, customer, employee or vendor information or to comply with privacy laws, or our or one of our vendors falling victim to a cyberattack (which risk is h,risks and challenges associated with sourcing merchandise from suppliers, including, but not limite",0.7694,logistics_operations,0.0012,0.0012,0.0117,0.0,0.7694,0.1696,0.0061,0.0061,0.0,0.0346
us_tariffs_2025,DG,30,trade_policy_actions,-0.0402,0.0376,"expectations regarding tariff, inflationary and labor pressures;,expectations regarding tariff, inflationary and labor pressures;,expectations regarding tariff, inflationary and labor pressures;,expectations regarding tariff, inflationary and labor pressures;,expectations regarding tariff, inflation",0.7378,procurement_supply_chain,0.7378,0.0468,0.0354,0.0001,0.021,0.0689,0.0289,0.0289,0.003,0.029
india_demonetization_2016,DLTR,30,political_transitions_volatility,0.0443,0.1088,,0.6673,revenue_market_access,0.008,0.6673,0.0396,0.0371,0.0319,0.0472,0.0398,0.0398,0.0494,0.0398
panama_mine_closure_2023,DLTR,30,political_transitions_volatility,0.101,0.1653,,0.6673,revenue_market_access,0.008,0.6673,0.0396,0.0371,0.0319,0.0472,0.0398,0.0398,0.0494,0.0398
red_sea_houthi_2023,DLTR,30,armed_conflict_instability,0.044,-0.0015,"Future increases in costs such as the cost of merchandise, wage and benefit costs, ocean shipping rates, domestic freight costs, fuel and energy costs, tariffs, duties and other measures that create b,Our profitability is vulnerable to increases in merchandise, shipping, tariffs, freight and fuel co",0.9099,logistics_operations,0.0048,0.0206,0.0105,0.0,0.9099,0.0161,0.0127,0.0127,0.0,0.0127
us_china_trade_war_start,DLTR,30,trade_policy_actions,0.0251,0.1297,"duties, tariffs or other restrictions on trade, including Section 301 tariffs;",0.7378,procurement_supply_chain,0.7378,0.0468,0.0354,0.0001,0.021,0.0689,0.0289,0.0289,0.003,0.029
us_chip_export_oct2022,DLTR,30,technology_controls,-0.0414,0.1508,"Furthermore, in response to the recent tariffs announced by the United States, China and other countries have imposed or proposed additional tariffs on certain exports from the United States. These an",0.5016,innovation_ip,0.1293,0.0785,0.0644,0.0001,0.0621,0.5016,0.0523,0.0523,0.0071,0.0523
us_tariffs_2025,DLTR,30,trade_policy_actions,-0.0645,0.1162,"The direct and indirect impacts of and challenges associated with the current and potential tariff environment;,Our plans to mitigate the impact of current and potential tariffs and related implementation costs;,The direct and indirect impacts of current and potential tariffs and other trade-related",0.9011,procurement_supply_chain,0.9011,0.0039,0.0028,0.0,0.0242,0.0619,0.002,0.002,0.0,0.002
us_chip_export_oct2022,ROST,25,technology_controls,-0.0623,0.2387,"Changes in U.S. tax, tariff, or trade policy regarding apparel, shoes, and home-related merchandise produced in China and other countries could significantly and adversely affect our business. While w,Changes in U.S. tax, tariff, or trade policy regarding apparel, shoes, and home-related merchandise",0.5016,innovation_ip,0.1293,0.0785,0.0644,0.0001,0.0621,0.5016,0.0523,0.0523,0.0071,0.0523
us_tariffs_2025,ROST,25,trade_policy_actions,0.035,0.1475,"The macroeconomic environment continues to be uncertain. Tariffs remain at elevated levels, inflation persists, and geopolitical conditions and other government actions continue to significantly affec,Cost of goods sold as a percentage of sales for the three month period ended November 1, 2025 incre",0.9053,procurement_supply_chain,0.9053,0.0085,0.0095,0.0,0.0117,0.0396,0.0085,0.0085,0.0,0.0085
chile_lithium_nationalization,BURL,25,political_transitions_volatility,0.0323,-0.1962,,0.6673,revenue_market_access,0.008,0.6673,0.0396,0.0371,0.0319,0.0472,0.0398,0.0398,0.0494,0.0398
india_demonetization_2016,BURL,25,political_transitions_volatility,0.0297,0.2041,"Consumer spending levels and shopping behaviors are affected by various economic conditions, which can affect our business or the retail industry generally as a result. These factors include, among ot,Consumer spending levels and shopping behaviors are affected by various economic conditions, which ",0.6673,revenue_market_access,0.008,0.6673,0.0396,0.0371,0.0319,0.0472,0.0398,0.0398,0.0494,0.0398
chile_lithium_nationalization,ANF,25,political_transitions_volatility,-0.0394,0.306,,0.6673,revenue_market_access,0.008,0.6673,0.0396,0.0371,0.0319,0.0472,0.0398,0.0398,0.0494,0.0398
india_demonetization_2016,ANF,25,political_transitions_volatility,0.0937,-0.11,,0.6673,revenue_market_access,0.008,0.6673,0.0396,0.0371,0.0319,0.0472,0.0398,0.0398,0.0494,0.0398
red_sea_houthi_2023,ANF,25,armed_conflict_instability,0.0999,0.2106,"Cost of sales, exclusive of depreciation and amortization on the Consolidated Statements of Operations and Comprehensive Income (Loss), primarily consists of cost incurred to ready inventory for sale,,risks related to the geopolitical landscape and ongoing armed conflicts, and the impact of such con",0.9099,logistics_operations,0.0048,0.0206,0.0105,0.0,0.9099,0.0161,0.0127,0.0127,0.0,0.0127
us_tariffs_2025,ANF,25,trade_policy_actions,-0.0739,-0.0447,"risks related to global operations, including changes in the economic or political conditions where we sell or source our products or changes in import tariffs o,As a global organization, the Company is subject to the laws and regulations of the U.S. and multiple foreign jurisdictions in which it op",0.9053,procurement_supply_chain,0.9053,0.0085,0.0095,0.0,0.0117,0.0396,0.0085,0.0085,0.0,0.0085
india_demonetization_2016,AEO,25,political_transitions_volatility,0.1001,-0.0159,,0.6673,revenue_market_access,0.008,0.6673,0.0396,0.0371,0.0319,0.0472,0.0398,0.0398,0.0494,0.0398
notpetya_2017,AEO,25,armed_conflict_instability,0.0387,0.0387,"the risks related to our electronic processing of sensitive and confidential personal and business data, including cyberattacks, data breaches, other security incidents, or disruption of information t,the risks related to our electronic processing of sensitive and confidential personal and business ",0.7642,logistics_operations,0.0002,0.0021,0.0234,0.0007,0.7642,0.0568,0.0167,0.0167,0.0247,0.0943
panama_mine_closure_2023,AEO,25,political_transitions_volatility,0.0768,0.2004,,0.6673,revenue_market_access,0.008,0.6673,0.0396,0.0371,0.0319,0.0472,0.0398,0.0398,0.0494,0.0398
red_sea_houthi_2023,AEO,25,armed_conflict_instability,0.0574,-0.0043,"Cost of sales consists of merchandise costs, including design, sourcing, importing and inbound freight costs, as well as markdowns, shrinkage and certain promotional costs (collectively, ""merchandise ,Buying, occupancy and warehousing costs and services consist of compensation, employee benefit expe",0.8933,logistics_operations,0.001,0.0397,0.0108,0.0003,0.8933,0.0089,0.0151,0.0151,0.0005,0.0151
us_tariffs_2025,AEO,25,trade_policy_actions,-0.1091,-0.0417,"the extent to which our suppliers may be impacted by economic conditions and cycles and changing laws and regulatory requirements, including the imposition of, or changes or uncertainties relating to,,risks associated with our international merchandise sourcing strategy subjects us to risks,  includ",0.9053,procurement_supply_chain,0.9053,0.0085,0.0095,0.0,0.0117,0.0396,0.0085,0.0085,0.0,0.0085
xinjiang_boycott_2021,AEO,25,trade_policy_actions,0.0984,0.3591,"Our licensing partners, buying/sourcing agents, and the vendors and factories with which we contract for the manufacture and distribution of our products are also subject to regulation. Our agreements,Our licensing partners, buying/sourcing agents, and the vendors and factories with which we contrac",0.6534,procurement_supply_chain,0.6534,0.0555,0.0334,0.0407,0.039,0.0745,0.0344,0.0344,0.0004,0.0344
us_tariffs_2025,LUMN,50,trade_policy_actions,-0.0647,0.0398,"changes in tax, trade, tariff, pension, healthcare, or other laws or regulations, in governmental support programs, or in general government funding levels, including any adverse impact of a prolonged,changes in tax, trade, tariff, pension, healthcare, or other laws or regulations, in governmental s",0.9062,procurement_supply_chain,0.9062,0.0031,0.01,0.0001,0.0117,0.042,0.009,0.009,0.0,0.009
us_tariffs_2025,D,55,trade_policy_actions,-0.0708,-0.0212,"Virginia Power’s electric distribution and generation operations, including the rates it may charge to jurisdictional customers, as well as wholesale electric transmission rates, tariffs and terms of ,Virginia Power’s electric distribution and generation operations, including the rates it may charge",0.6299,procurement_supply_chain,0.6299,0.0134,0.1736,0.0001,0.0236,0.0708,0.0286,0.0286,0.0028,0.0286
us_tariffs_2025,SRE,55,trade_policy_actions,-0.0656,0.0498,"changes, due to evolving economic, political and other factors, to (i) trade and other foreign policy, including the imposition of tariffs by the U.S. and foreign countries, and (ii) laws and regulati,the impact on affordability of SDG&E’s and SoCalGas’ customer rates and their cost of capital and o",0.6299,procurement_supply_chain,0.6299,0.0134,0.1736,0.0001,0.0236,0.0708,0.0286,0.0286,0.0028,0.0286
us_tariffs_2025,ED,55,trade_policy_actions,-0.0348,-0.0611,"the Companies face risks related to supply chain disruptions, inflation and the imposition of tariffs (or subsequent changes to tariffs once announced or implemented); and,the Companies face risks related to supply chain disruptions, inflation and the imposition of tariffs (or subsequent changes to ",0.6299,procurement_supply_chain,0.6299,0.0134,0.1736,0.0001,0.0236,0.0708,0.0286,0.0286,0.0028,0.0286
us_tariffs_2025,ES,55,trade_policy_actions,-0.1009,0.0084,"Transmission rate base under our FERC-approved tariff primarily consists of our investment in transmission net utility plant less accumulated deferred income taxes.  Under our FERC-approved tariff, in,Transmission rate base under our FERC-approved tariff primarily consists of our investment in trans",0.6299,procurement_supply_chain,0.6299,0.0134,0.1736,0.0001,0.0236,0.0708,0.0286,0.0286,0.0028,0.0286
russia_invasion_2022,WEC,55,armed_conflict_instability,0.0425,0.1706,"Any impacts on the global economy, including from sanctions, and impacts on supply chains and fuel prices, generally, from ongoing, expanding, or escalating regional or international conflicts, includ,Any impacts on the global economy, including from sanctions, and impacts on supply chains and fuel ",0.623,logistics_operations,0.051,0.0078,0.1528,0.0,0.623,0.0896,0.0233,0.0233,0.0058,0.0233
us_tariffs_2025,WEC,55,trade_policy_actions,-0.0412,-0.0277,"The risk of delays and shortages, and increased costs of equipment, materials, or other resources that are critical to our business operations and corporate strategy, as a result of changes to U.S. tr,Risks related to providing service to our data center and other large-scale customers including pro",0.6299,procurement_supply_chain,0.6299,0.0134,0.1736,0.0001,0.0236,0.0708,0.0286,0.0286,0.0028,0.0286
us_tariffs_2025,CMS,55,trade_policy_actions,-0.0473,-0.0432,"MISO Open Access Transmission, Energy, and Operating Reserve Markets Tariff,factors related to project site identification, construction material availability, quality, and pricing, tariffs, embargoes on equipment, supply chain disruptions, schedule delays, interconnection de,While inflationary pres",0.6299,procurement_supply_chain,0.6299,0.0134,0.1736,0.0001,0.0236,0.0708,0.0286,0.0286,0.0028,0.0286
us_tariffs_2025,LNT,55,trade_policy_actions,-0.0631,-0.0352,"economic conditions in IPL’s and WPL’s service territories, including the potential impacts of business or facility closures and tariffs;,disruptions to ongoing operations and the supply of materials, services, equipment and commodities needed to continue to operate and maintain existing assets and ",0.6299,procurement_supply_chain,0.6299,0.0134,0.1736,0.0001,0.0236,0.0708,0.0286,0.0286,0.0028,0.0286
us_tariffs_2025,AES,55,trade_policy_actions,-0.1074,0.0114,"purchases passed through due to higher production, $32 million higher gas prices and transportation costs passed through to the offtaker, and $30 million higher generation due to dispatch and tariff a,Separately, the U.S. maintains a global safeguard tariff (currently 14% ad valorem) on solar cells ",0.8774,procurement_supply_chain,0.8774,0.0026,0.025,0.0,0.0135,0.07,0.0038,0.0038,0.0,0.0038
chile_lithium_nationalization,BG,30,political_transitions_volatility,-0.0384,-0.0359,,0.6673,revenue_market_access,0.008,0.6673,0.0396,0.0371,0.0319,0.0472,0.0398,0.0398,0.0494,0.0398
india_demonetization_2016,BG,30,political_transitions_volatility,-0.0284,0.0354,,0.6673,revenue_market_access,0.008,0.6673,0.0396,0.0371,0.0319,0.0472,0.0398,0.0398,0.0494,0.0398
russia_invasion_2022,BG,30,armed_conflict_instability,0.0716,0.1455,"In the year ended December 31, 2024, the Company recognized an insurance recovery related to the Ukraine-Russia war of $,In the year ended December 31, 2024, the Company recognized an insurance recovery related to the Ukraine-Russia war of $,In the year ended December 31, 2024, the Company recognize",0.6351,logistics_operations,0.0148,0.0614,0.0376,0.0088,0.6351,0.0562,0.0328,0.0328,0.0876,0.0329
us_tariffs_2025,BG,30,trade_policy_actions,-0.0477,0.0258,"changes in government policies and laws affecting our business, including agricultural and trade (including tariff) policies, financial markets regulation and environmental, tax and biofuels regulatio,changes in government policies and laws affecting our business, including agricultural and trade (i",0.9053,procurement_supply_chain,0.9053,0.0085,0.0095,0.0,0.0117,0.0396,0.0085,0.0085,0.0,0.0085
panama_mine_closure_2023,TSN,30,political_transitions_volatility,0.0516,0.143,,0.6673,revenue_market_access,0.008,0.6673,0.0396,0.0371,0.0319,0.0472,0.0398,0.0398,0.0494,0.0398
us_tariffs_2025,TSN,30,trade_policy_actions,-0.0476,-0.1131,"Changes in import and export policies, including trade restrictions, new or increased tariffs or quotas, and customs restrictions, could require us to change the way we conduct business, impose increa,Changes in import and export policies, including trade restrictions, new or increased tariffs or qu",0.7378,procurement_supply_chain,0.7378,0.0468,0.0354,0.0001,0.021,0.0689,0.0289,0.0289,0.003,0.029
india_demonetization_2016,CAG,30,political_transitions_volatility,-0.0545,0.0031,,0.6673,revenue_market_access,0.008,0.6673,0.0396,0.0371,0.0319,0.0472,0.0398,0.0398,0.0494,0.0398
us_tariffs_2025,CAG,30,trade_policy_actions,-0.0262,-0.1243,"). Since that assessment, our stock price has fluctuated and our shares have generally been trading at lower prices, in part due to the announcement of new tariffs, consumer sentiment, and other macro,). Since that assessment, our stock price has fluctuated and our shares have generally been trading",0.8122,procurement_supply_chain,0.8122,0.0792,0.0076,0.0,0.0009,0.0739,0.0087,0.0087,0.0001,0.0087
india_demonetization_2016,SJM,30,political_transitions_volatility,-0.0285,-0.0304,,0.6673,revenue_market_access,0.008,0.6673,0.0396,0.0371,0.0319,0.0472,0.0398,0.0398,0.0494,0.0398
panama_mine_closure_2023,SJM,30,political_transitions_volatility,0.0596,0.1605,,0.6673,revenue_market_access,0.008,0.6673,0.0396,0.0371,0.0319,0.0472,0.0398,0.0398,0.0494,0.0398
us_tariffs_2025,SJM,30,trade_policy_actions,-0.0285,-0.049,"timing, duration, and extent of new or increased tariffs on imports and exports and the expected retaliatory measures on U.S. goods and the impact on our business are uncertain.,timing, duration, and extent of new or increased tariffs on imports and exports and the expected retaliatory measures on U",0.7378,procurement_supply_chain,0.7378,0.0468,0.0354,0.0001,0.021,0.0689,0.0289,0.0289,0.003,0.029
india_demonetization_2016,GIS,30,political_transitions_volatility,-0.0378,-0.0207,,0.6673,revenue_market_access,0.008,0.6673,0.0396,0.0371,0.0319,0.0472,0.0398,0.0398,0.0494,0.0398
russia_invasion_2022,GIS,30,armed_conflict_instability,0.0413,0.0717,"sanctions imposed on Russia for its invasion of Ukraine),,sanctions imposed on Russia for its invasion of Ukraine),",0.6351,logistics_operations,0.0148,0.0614,0.0376,0.0088,0.6351,0.0562,0.0328,0.0328,0.0876,0.0329
chile_lithium_nationalization,HSY,30,political_transitions_volatility,0.0496,0.0058,,0.6673,revenue_market_access,0.008,0.6673,0.0396,0.0371,0.0319,0.0472,0.0398,0.0398,0.0494,0.0398
notpetya_2017,SPG,60,armed_conflict_instability,-0.0255,0.0064,"We face risks associated with security breaches through cyber-attacks, cyber intrusions or otherwise, as well as other significant disruptions of our computer systems, hardware, technology infrastruct,We face risks associated with security breaches through cyber-attacks, cyber intrusions or otherwis",0.7259,logistics_operations,0.0002,0.0005,0.097,0.0006,0.7259,0.0493,0.014,0.014,0.0198,0.0788
us_chip_export_oct2022,ASML,45,technology_controls,-0.127,0.37,,0.71,innovation_ip,0.0137,0.0294,0.0366,0.0313,0.0298,0.71,0.0344,0.0344,0.0458,0.0344
us_chip_export_oct2022,AMD,45,technology_controls,-0.0428,0.2589,,0.71,innovation_ip,0.0137,0.0294,0.0366,0.0313,0.0298,0.71,0.0344,0.0344,0.0458,0.0344
us_chip_export_oct2023,AMD,45,technology_controls,-0.033,0.178,,0.71,innovation_ip,0.0137,0.0294,0.0366,0.0313,0.0298,0.71,0.0344,0.0344,0.0458,0.0344
us_chip_export_oct2022,PLTR,45,technology_controls,-0.0761,-0.0933,,0.71,innovation_ip,0.0137,0.0294,0.0366,0.0313,0.0298,0.71,0.0344,0.0344,0.0458,0.0344
us_chip_export_oct2023,PLTR,45,technology_controls,-0.0673,0.1121,,0.71,innovation_ip,0.0137,0.0294,0.0366,0.0313,0.0298,0.71,0.0344,0.0344,0.0458,0.0344
chile_lithium_nationalization,BABA,25,political_transitions_volatility,-0.0691,-0.0713,,0.6673,revenue_market_access,0.008,0.6673,0.0396,0.0371,0.0319,0.0472,0.0398,0.0398,0.0494,0.0398
india_demonetization_2016,BABA,25,political_transitions_volatility,-0.0886,-0.1062,,0.6673,revenue_market_access,0.008,0.6673,0.0396,0.0371,0.0319,0.0472,0.0398,0.0398,0.0494,0.0398
panama_mine_closure_2023,BABA,25,political_transitions_volatility,-0.0568,-0.0441,,0.6673,revenue_market_access,0.008,0.6673,0.0396,0.0371,0.0319,0.0472,0.0398,0.0398,0.0494,0.0398
iran_sanctions_2018,HSBC,40,sanctions_financial_restrictions,0.0321,0.0021,,0.6846,financial_treasury,0.0235,0.041,0.0366,0.0397,0.027,0.0386,0.0364,0.0364,0.6846,0.0364
india_pakistan_sindoor,GEV,20,armed_conflict_instability,0.064,0.197,,0.6542,logistics_operations,0.0106,0.0381,0.0451,0.0337,0.6542,0.044,0.0419,0.0419,0.0486,0.0419
us_iran_war_2026,GEV,20,armed_conflict_instability,-0.0498,0.1311,,0.6542,logistics_operations,0.0106,0.0381,0.0451,0.0337,0.6542,0.044,0.0419,0.0419,0.0486,0.0419
chile_lithium_nationalization,TM,25,political_transitions_volatility,0.0278,0.0912,,0.6673,revenue_market_access,0.008,0.6673,0.0396,0.0371,0.0319,0.0472,0.0398,0.0398,0.0494,0.0398
eu_energy_crisis_peak,SHEL,10,resource_energy_disruptions,-0.0301,-0.0678,,0.5667,procurement_supply_chain,0.5667,0.058,0.0433,0.0534,0.0479,0.0517,0.0439,0.0439,0.0474,0.0439
opec_price_war_2014,SHEL,10,resource_energy_disruptions,-0.0594,-0.1176,,0.5667,procurement_supply_chain,0.5667,0.058,0.0433,0.0534,0.0479,0.0517,0.0439,0.0439,0.0474,0.0439
us_tariffs_2025,SHEL,10,trade_policy_actions,-0.1214,-0.0733,,0.5369,procurement_supply_chain,0.5369,0.0498,0.0539,0.052,0.0369,0.057,0.0514,0.0514,0.0592,0.0514
xinjiang_boycott_2021,SHEL,10,trade_policy_actions,-0.0283,-0.0055,,0.5369,procurement_supply_chain,0.5369,0.0498,0.0539,0.052,0.0369,0.057,0.0514,0.0514,0.0592,0.0514
iran_sanctions_2018,RY,40,sanctions_financial_restrictions,0.0293,-0.0114,,0.6846,financial_treasury,0.0235,0.041,0.0366,0.0397,0.027,0.0386,0.0364,0.0364,0.6846,0.0364
eu_energy_crisis_peak,RTNTF,15,resource_energy_disruptions,-0.1048,-0.085,,0.5667,procurement_supply_chain,0.5667,0.058,0.0433,0.0534,0.0479,0.0517,0.0439,0.0439,0.0474,0.0439
us_tariffs_2025,RTNTF,15,trade_policy_actions,-0.1085,0.05,,0.5369,procurement_supply_chain,0.5369,0.0498,0.0539,0.052,0.0369,0.057,0.0514,0.0514,0.0592,0.0514
xinjiang_boycott_2021,RTNTF,15,trade_policy_actions,0.0494,0.1975,,0.5369,procurement_supply_chain,0.5369,0.0498,0.0539,0.052,0.0369,0.057,0.0514,0.0514,0.0592,0.0514
us_chip_export_oct2022,ANET,45,technology_controls,-0.1378,0.1638,,0.71,innovation_ip,0.0137,0.0294,0.0366,0.0313,0.0298,0.71,0.0344,0.0344,0.0458,0.0344
us_chip_export_oct2023,ANET,45,technology_controls,-0.0252,0.1223,,0.71,innovation_ip,0.0137,0.0294,0.0366,0.0313,0.0298,0.71,0.0344,0.0344,0.0458,0.0344
eu_energy_crisis_peak,BHP,15,resource_energy_disruptions,-0.0892,-0.0708,,0.5667,procurement_supply_chain,0.5667,0.058,0.0433,0.0534,0.0479,0.0517,0.0439,0.0439,0.0474,0.0439
us_tariffs_2025,BHP,15,trade_policy_actions,-0.0737,0.0553,,0.5369,procurement_supply_chain,0.5369,0.0498,0.0539,0.052,0.0369,0.057,0.0514,0.0514,0.0592,0.0514
eu_energy_crisis_peak,TTE,10,resource_energy_disruptions,-0.0541,-0.0663,,0.5667,procurement_supply_chain,0.5667,0.058,0.0433,0.0534,0.0479,0.0517,0.0439,0.0439,0.0474,0.0439
opec_price_war_2014,TTE,10,resource_energy_disruptions,-0.0713,-0.1761,,0.5667,procurement_supply_chain,0.5667,0.058,0.0433,0.0534,0.0479,0.0517,0.0439,0.0439,0.0474,0.0439
us_tariffs_2025,TTE,10,trade_policy_actions,-0.1182,-0.0806,,0.5369,procurement_supply_chain,0.5369,0.0498,0.0539,0.052,0.0369,0.057,0.0514,0.0514,0.0592,0.0514
us_chip_export_oct2022,APH,45,technology_controls,-0.0445,0.136,,0.71,innovation_ip,0.0137,0.0294,0.0366,0.0313,0.0298,0.71,0.0344,0.0344,0.0458,0.0344
us_chip_export_oct2023,APH,45,technology_controls,-0.0526,0.0779,,0.71,innovation_ip,0.0137,0.0294,0.0366,0.0313,0.0298,0.71,0.0344,0.0344,0.0458,0.0344
iran_sanctions_2018,TD,40,sanctions_financial_restrictions,0.0324,0.0157,,0.6846,financial_treasury,0.0235,0.041,0.0366,0.0397,0.027,0.0386,0.0364,0.0364,0.6846,0.0364
covid_lockdown_start,ETN,20,armed_conflict_instability,-0.1772,-0.0656,,0.6542,logistics_operations,0.0106,0.0381,0.0451,0.0337,0.6542,0.044,0.0419,0.0419,0.0486,0.0419
india_pakistan_sindoor,ETN,20,armed_conflict_instability,0.089,0.0961,,0.6542,logistics_operations,0.0106,0.0381,0.0451,0.0337,0.6542,0.044,0.0419,0.0419,0.0486,0.0419
notpetya_2017,ETN,20,armed_conflict_instability,0.0288,-0.0353,,0.6542,logistics_operations,0.0106,0.0381,0.0451,0.0337,0.6542,0.044,0.0419,0.0419,0.0486,0.0419
russia_invasion_2022,ETN,20,armed_conflict_instability,0.031,-0.0242,,0.6542,logistics_operations,0.0106,0.0381,0.0451,0.0337,0.6542,0.044,0.0419,0.0419,0.0486,0.0419
suez_blockage_2021,ETN,20,armed_conflict_instability,0.0506,0.0944,,0.6542,logistics_operations,0.0106,0.0381,0.0451,0.0337,0.6542,0.044,0.0419,0.0419,0.0486,0.0419
us_iran_war_2026,ETN,20,armed_conflict_instability,-0.0587,0.0724,,0.6542,logistics_operations,0.0106,0.0381,0.0451,0.0337,0.6542,0.044,0.0419,0.0419,0.0486,0.0419
us_chip_export_oct2022,SHOP,45,technology_controls,-0.0423,0.3447,,0.71,innovation_ip,0.0137,0.0294,0.0366,0.0313,0.0298,0.71,0.0344,0.0344,0.0458,0.0344
us_chip_export_oct2023,SHOP,45,technology_controls,-0.0336,0.3537,,0.71,innovation_ip,0.0137,0.0294,0.0366,0.0313,0.0298,0.71,0.0344,0.0344,0.0458,0.0344
covid_lockdown_start,UNP,20,armed_conflict_instability,-0.1871,0.0758,,0.6542,logistics_operations,0.0106,0.0381,0.0451,0.0337,0.6542,0.044,0.0419,0.0419,0.0486,0.0419
india_pakistan_sindoor,UNP,20,armed_conflict_instability,0.0678,0.0468,,0.6542,logistics_operations,0.0106,0.0381,0.0451,0.0337,0.6542,0.044,0.0419,0.0419,0.0486,0.0419
israel_hamas_2023,UNP,20,armed_conflict_instability,0.0413,0.0921,,0.6542,logistics_operations,0.0106,0.0381,0.0451,0.0337,0.6542,0.044,0.0419,0.0419,0.0486,0.0419
russia_invasion_2022,UNP,20,armed_conflict_instability,0.0604,0.0164,,0.6542,logistics_operations,0.0106,0.0381,0.0451,0.0337,0.6542,0.044,0.0419,0.0419,0.0486,0.0419
suez_blockage_2021,UNP,20,armed_conflict_instability,0.0629,0.0745,,0.6542,logistics_operations,0.0106,0.0381,0.0451,0.0337,0.6542,0.044,0.0419,0.0419,0.0486,0.0419
us_iran_war_2026,UNP,20,armed_conflict_instability,-0.0429,-0.0488,,0.6542,logistics_operations,0.0106,0.0381,0.0451,0.0337,0.6542,0.044,0.0419,0.0419,0.0486,0.0419
eu_energy_crisis_peak,RIO,15,resource_energy_disruptions,-0.0874,-0.0377,,0.5667,procurement_supply_chain,0.5667,0.058,0.0433,0.0534,0.0479,0.0517,0.0439,0.0439,0.0474,0.0439
opec_price_war_2014,RIO,15,resource_energy_disruptions,-0.0451,-0.0748,,0.5667,procurement_supply_chain,0.5667,0.058,0.0433,0.0534,0.0479,0.0517,0.0439,0.0439,0.0474,0.0439
us_tariffs_2025,RIO,15,trade_policy_actions,-0.0716,0.0476,,0.5369,procurement_supply_chain,0.5369,0.0498,0.0539,0.052,0.0369,0.057,0.0514,0.0514,0.0592,0.0514
xinjiang_boycott_2021,RIO,15,trade_policy_actions,0.0388,0.2222,,0.5369,procurement_supply_chain,0.5369,0.0498,0.0539,0.052,0.0369,0.057,0.0514,0.0514,0.0592,0.0514
us_chip_export_oct2022,UBER,45,technology_controls,-0.1197,0.0317,,0.71,innovation_ip,0.0137,0.0294,0.0366,0.0313,0.0298,0.71,0.0344,0.0344,0.0458,0.0344
eu_energy_crisis_peak,SCCO,15,resource_energy_disruptions,-0.1106,-0.0759,,0.5667,procurement_supply_chain,0.5667,0.058,0.0433,0.0534,0.0479,0.0517,0.0439,0.0439,0.0474,0.0439
opec_price_war_2014,SCCO,15,resource_energy_disruptions,-0.0261,-0.1452,,0.5667,procurement_supply_chain,0.5667,0.058,0.0433,0.0534,0.0479,0.0517,0.0439,0.0439,0.0474,0.0439
us_tariffs_2025,SCCO,15,trade_policy_actions,-0.1053,-0.0063,,0.5369,procurement_supply_chain,0.5369,0.0498,0.0539,0.052,0.0369,0.057,0.0514,0.0514,0.0592,0.0514
covid_lockdown_start,HTHIY,20,armed_conflict_instability,-0.1793,-0.1177,,0.6542,logistics_operations,0.0106,0.0381,0.0451,0.0337,0.6542,0.044,0.0419,0.0419,0.0486,0.0419
israel_hamas_2023,HTHIY,20,armed_conflict_instability,0.0284,0.1633,,0.6542,logistics_operations,0.0106,0.0381,0.0451,0.0337,0.6542,0.044,0.0419,0.0419,0.0486,0.0419
red_sea_houthi_2023,HTHIY,20,armed_conflict_instability,0.0356,0.1594,,0.6542,logistics_operations,0.0106,0.0381,0.0451,0.0337,0.6542,0.044,0.0419,0.0419,0.0486,0.0419
russia_invasion_2022,HTHIY,20,armed_conflict_instability,-0.0344,-0.0182,,0.6542,logistics_operations,0.0106,0.0381,0.0451,0.0337,0.6542,0.044,0.0419,0.0419,0.0486,0.0419
us_iran_war_2026,HTHIY,20,armed_conflict_instability,-0.0746,-0.0458,,0.6542,logistics_operations,0.0106,0.0381,0.0451,0.0337,0.6542,0.044,0.0419,0.0419,0.0486,0.0419
us_chip_export_oct2023,GLW,45,technology_controls,-0.0472,0.0108,,0.71,innovation_ip,0.0137,0.0294,0.0366,0.0313,0.0298,0.71,0.0344,0.0344,0.0458,0.0344
india_demonetization_2016,BUD,30,political_transitions_volatility,-0.0927,-0.0889,,0.6673,revenue_market_access,0.008,0.6673,0.0396,0.0371,0.0319,0.0472,0.0398,0.0398,0.0494,0.0398
chile_lithium_nationalization,PDD,25,political_transitions_volatility,-0.0512,-0.0022,,0.6673,revenue_market_access,0.008,0.6673,0.0396,0.0371,0.0319,0.0472,0.0398,0.0398,0.0494,0.0398
panama_mine_closure_2023,PDD,25,political_transitions_volatility,0.0321,0.0887,,0.6673,revenue_market_access,0.008,0.6673,0.0396,0.0371,0.0319,0.0472,0.0398,0.0398,0.0494,0.0398
us_chip_export_oct2022,WDC,45,technology_controls,-0.0565,0.0313,,0.71,innovation_ip,0.0137,0.0294,0.0366,0.0313,0.0298,0.71,0.0344,0.0344,0.0458,0.0344
us_chip_export_oct2023,WDC,45,technology_controls,-0.0267,0.072,,0.71,innovation_ip,0.0137,0.0294,0.0366,0.0313,0.0298,0.71,0.0344,0.0344,0.0458,0.0344
opec_price_war_2014,PBR,10,resource_energy_disruptions,-0.1679,-0.3604,,0.5667,procurement_supply_chain,0.5667,0.058,0.0433,0.0534,0.0479,0.0517,0.0439,0.0439,0.0474,0.0439
us_china_trade_war_start,PBR,10,trade_policy_actions,0.0259,0.0303,,0.5369,procurement_supply_chain,0.5369,0.0498,0.0539,0.052,0.0369,0.057,0.0514,0.0514,0.0592,0.0514
us_tariffs_2025,PBR,10,trade_policy_actions,-0.1515,-0.1432,,0.5369,procurement_supply_chain,0.5369,0.0498,0.0539,0.052,0.0369,0.057,0.0514,0.0514,0.0592,0.0514
xinjiang_boycott_2021,PBR,10,trade_policy_actions,0.0587,0.1318,,0.5369,procurement_supply_chain,0.5369,0.0498,0.0539,0.052,0.0369,0.057,0.0514,0.0514,0.0592,0.0514
us_chip_export_oct2022,STX,45,technology_controls,-0.04,0.0151,,0.71,innovation_ip,0.0137,0.0294,0.0366,0.0313,0.0298,0.71,0.0344,0.0344,0.0458,0.0344
iran_sanctions_2018,HDB,40,sanctions_financial_restrictions,0.0507,0.1168,,0.6846,financial_treasury,0.0235,0.041,0.0366,0.0397,0.027,0.0386,0.0364,0.0364,0.6846,0.0364
india_demonetization_2016,UL,30,political_transitions_volatility,-0.0557,-0.0426,,0.6673,revenue_market_access,0.008,0.6673,0.0396,0.0371,0.0319,0.0472,0.0398,0.0398,0.0494,0.0398
us_chip_export_oct2022,ATEYY,45,technology_controls,-0.0648,0.3149,,0.71,innovation_ip,0.0137,0.0294,0.0366,0.0313,0.0298,0.71,0.0344,0.0344,0.0458,0.0344
us_chip_export_oct2023,ATEYY,45,technology_controls,-0.0403,0.0568,,0.71,innovation_ip,0.0137,0.0294,0.0366,0.0313,0.0298,0.71,0.0344,0.0344,0.0458,0.0344
chile_lithium_nationalization,BTI,30,political_transitions_volatility,0.0313,-0.1096,,0.6673,revenue_market_access,0.008,0.6673,0.0396,0.0371,0.0319,0.0472,0.0398,0.0398,0.0494,0.0398
india_demonetization_2016,BTI,30,political_transitions_volatility,-0.0594,-0.0115,,0.6673,revenue_market_access,0.008,0.6673,0.0396,0.0371,0.0319,0.0472,0.0398,0.0398,0.0494,0.0398
panama_mine_closure_2023,BTI,30,political_transitions_volatility,-0.0268,-0.0423,,0.6673,revenue_market_access,0.008,0.6673,0.0396,0.0371,0.0319,0.0472,0.0398,0.0398,0.0494,0.0398
covid_lockdown_start,VRT,20,armed_conflict_instability,-0.477,-0.0526,,0.6542,logistics_operations,0.0106,0.0381,0.0451,0.0337,0.6542,0.044,0.0419,0.0419,0.0486,0.0419
india_pakistan_sindoor,VRT,20,armed_conflict_instability,0.1461,0.2414,,0.6542,logistics_operations,0.0106,0.0381,0.0451,0.0337,0.6542,0.044,0.0419,0.0419,0.0486,0.0419
russia_invasion_2022,VRT,20,armed_conflict_instability,-0.0718,0.0872,,0.6542,logistics_operations,0.0106,0.0381,0.0451,0.0337,0.6542,0.044,0.0419,0.0419,0.0486,0.0419
us_iran_war_2026,VRT,20,armed_conflict_instability,0.0371,0.2185,,0.6542,logistics_operations,0.0106,0.0381,0.0451,0.0337,0.6542,0.044,0.0419,0.0419,0.0486,0.0419
covid_lockdown_start,PH,20,armed_conflict_instability,-0.3059,-0.103,,0.6542,logistics_operations,0.0106,0.0381,0.0451,0.0337,0.6542,0.044,0.0419,0.0419,0.0486,0.0419
india_pakistan_sindoor,PH,20,armed_conflict_instability,0.0862,0.0506,,0.6542,logistics_operations,0.0106,0.0381,0.0451,0.0337,0.6542,0.044,0.0419,0.0419,0.0486,0.0419
notpetya_2017,PH,20,armed_conflict_instability,0.0315,0.0307,,0.6542,logistics_operations,0.0106,0.0381,0.0451,0.0337,0.6542,0.044,0.0419,0.0419,0.0486,0.0419
suez_blockage_2021,PH,20,armed_conflict_instability,0.038,0.0327,,0.6542,logistics_operations,0.0106,0.0381,0.0451,0.0337,0.6542,0.044,0.0419,0.0419,0.0486,0.0419
us_iran_war_2026,PH,20,armed_conflict_instability,-0.0763,-0.024,,0.6542,logistics_operations,0.0106,0.0381,0.0451,0.0337,0.6542,0.044,0.0419,0.0419,0.0486,0.0419
iran_sanctions_2018,COF,40,sanctions_financial_restrictions,0.0541,0.0658,,0.6846,financial_treasury,0.0235,0.041,0.0366,0.0397,0.027,0.0386,0.0364,0.0364,0.6846,0.0364
us_chip_export_oct2022,SONY,45,technology_controls,-0.0328,0.2105,,0.71,innovation_ip,0.0137,0.0294,0.0366,0.0313,0.0298,0.71,0.0344,0.0344,0.0458,0.0344
eu_energy_crisis_peak,BP,10,resource_energy_disruptions,-0.0371,-0.0612,,0.5667,procurement_supply_chain,0.5667,0.058,0.0433,0.0534,0.0479,0.0517,0.0439,0.0439,0.0474,0.0439
opec_price_war_2014,BP,10,resource_energy_disruptions,-0.0387,-0.1354,,0.5667,procurement_supply_chain,0.5667,0.058,0.0433,0.0534,0.0479,0.0517,0.0439,0.0439,0.0474,0.0439
us_tariffs_2025,BP,10,trade_policy_actions,-0.1748,-0.1094,,0.5369,procurement_supply_chain,0.5369,0.0498,0.0539,0.052,0.0369,0.057,0.0514,0.0514,0.0592,0.0514
covid_lockdown_start,TT,20,armed_conflict_instability,-0.2203,-0.214,,0.6542,logistics_operations,0.0106,0.0381,0.0451,0.0337,0.6542,0.044,0.0419,0.0419,0.0486,0.0419
india_pakistan_sindoor,TT,20,armed_conflict_instability,0.0305,0.0328,,0.6542,logistics_operations,0.0106,0.0381,0.0451,0.0337,0.6542,0.044,0.0419,0.0419,0.0486,0.0419
russia_invasion_2022,TT,20,armed_conflict_instability,0.0301,0.0119,,0.6542,logistics_operations,0.0106,0.0381,0.0451,0.0337,0.6542,0.044,0.0419,0.0419,0.0486,0.0419
suez_blockage_2021,TT,20,armed_conflict_instability,0.0413,0.1147,,0.6542,logistics_operations,0.0106,0.0381,0.0451,0.0337,0.6542,0.044,0.0419,0.0419,0.0486,0.0419
us_iran_war_2026,TT,20,armed_conflict_instability,-0.073,0.0203,,0.6542,logistics_operations,0.0106,0.0381,0.0451,0.0337,0.6542,0.044,0.0419,0.0419,0.0486,0.0419
iran_sanctions_2018,BN,40,sanctions_financial_restrictions,0.0288,0.0486,,0.6846,financial_treasury,0.0235,0.041,0.0366,0.0397,0.027,0.0386,0.0364,0.0364,0.6846,0.0364
iran_sanctions_2018,CM,40,sanctions_financial_restrictions,0.0309,-0.0027,,0.6846,financial_treasury,0.0235,0.041,0.0366,0.0397,0.027,0.0386,0.0364,0.0364,0.6846,0.0364
eu_energy_crisis_peak,AEM,15,resource_energy_disruptions,-0.0368,-0.0245,,0.5667,procurement_supply_chain,0.5667,0.058,0.0433,0.0534,0.0479,0.0517,0.0439,0.0439,0.0474,0.0439
opec_price_war_2014,AEM,15,resource_energy_disruptions,-0.0877,0.1447,,0.5667,procurement_supply_chain,0.5667,0.058,0.0433,0.0534,0.0479,0.0517,0.0439,0.0439,0.0474,0.0439
us_china_trade_war_start,AEM,15,trade_policy_actions,-0.0288,-0.2413,,0.5369,procurement_supply_chain,0.5369,0.0498,0.0539,0.052,0.0369,0.057,0.0514,0.0514,0.0592,0.0514
chile_lithium_nationalization,MAR,25,political_transitions_volatility,-0.0482,0.0231,,0.6673,revenue_market_access,0.008,0.6673,0.0396,0.0371,0.0319,0.0472,0.0398,0.0398,0.0494,0.0398
india_demonetization_2016,MAR,25,political_transitions_volatility,0.0642,0.1665,,0.6673,revenue_market_access,0.008,0.6673,0.0396,0.0371,0.0319,0.0472,0.0398,0.0398,0.0494,0.0398
us_chip_export_oct2023,ADBE,45,technology_controls,-0.0367,0.1023,,0.71,innovation_ip,0.0137,0.0294,0.0366,0.0313,0.0298,0.71,0.0344,0.0344,0.0458,0.0344
eu_energy_crisis_peak,EQNR,10,resource_energy_disruptions,-0.064,-0.1545,,0.5667,procurement_supply_chain,0.5667,0.058,0.0433,0.0534,0.0479,0.0517,0.0439,0.0439,0.0474,0.0439
opec_price_war_2014,EQNR,10,resource_energy_disruptions,-0.1709,-0.2423,,0.5667,procurement_supply_chain,0.5667,0.058,0.0433,0.0534,0.0479,0.0517,0.0439,0.0439,0.0474,0.0439
us_tariffs_2025,EQNR,10,trade_policy_actions,-0.1248,-0.1195,,0.5369,procurement_supply_chain,0.5369,0.0498,0.0539,0.052,0.0369,0.057,0.0514,0.0514,0.0592,0.0514
covid_lockdown_start,PWR,20,armed_conflict_instability,-0.1653,0.0272,,0.6542,logistics_operations,0.0106,0.0381,0.0451,0.0337,0.6542,0.044,0.0419,0.0419,0.0486,0.0419
india_pakistan_sindoor,PWR,20,armed_conflict_instability,0.0604,0.1149,,0.6542,logistics_operations,0.0106,0.0381,0.0451,0.0337,0.6542,0.044,0.0419,0.0419,0.0486,0.0419
russia_invasion_2022,PWR,20,armed_conflict_instability,0.0334,0.2172,,0.6542,logistics_operations,0.0106,0.0381,0.0451,0.0337,0.6542,0.044,0.0419,0.0419,0.0486,0.0419
suez_blockage_2021,PWR,20,armed_conflict_instability,0.0629,0.1827,,0.6542,logistics_operations,0.0106,0.0381,0.0451,0.0337,0.6542,0.044,0.0419,0.0419,0.0486,0.0419
eu_energy_crisis_peak,CNQ,10,resource_energy_disruptions,-0.033,-0.0464,,0.5667,procurement_supply_chain,0.5667,0.058,0.0433,0.0534,0.0479,0.0517,0.0439,0.0439,0.0474,0.0439
opec_price_war_2014,CNQ,10,resource_energy_disruptions,-0.118,-0.2711,,0.5667,procurement_supply_chain,0.5667,0.058,0.0433,0.0534,0.0479,0.0517,0.0439,0.0439,0.0474,0.0439
us_tariffs_2025,CNQ,10,trade_policy_actions,-0.1151,-0.0172,,0.5369,procurement_supply_chain,0.5369,0.0498,0.0539,0.052,0.0369,0.057,0.0514,0.0514,0.0592,0.0514
xinjiang_boycott_2021,CNQ,10,trade_policy_actions,0.0259,0.1034,,0.5369,procurement_supply_chain,0.5369,0.0498,0.0539,0.052,0.0369,0.057,0.0514,0.0514,0.0592,0.0514
iran_sanctions_2018,KKR,40,sanctions_financial_restrictions,-0.0399,0.0792,,0.6846,financial_treasury,0.0235,0.041,0.0366,0.0397,0.027,0.0386,0.0364,0.0364,0.6846,0.0364
chile_lithium_nationalization,MELI,25,political_transitions_volatility,-0.0378,-0.0179,,0.6673,revenue_market_access,0.008,0.6673,0.0396,0.0371,0.0319,0.0472,0.0398,0.0398,0.0494,0.0398
india_demonetization_2016,MELI,25,political_transitions_volatility,-0.1085,-0.116,,0.6673,revenue_market_access,0.008,0.6673,0.0396,0.0371,0.0319,0.0472,0.0398,0.0398,0.0494,0.0398
covid_lockdown_start,CMI,20,armed_conflict_instability,-0.1248,0.0309,,0.6542,logistics_operations,0.0106,0.0381,0.0451,0.0337,0.6542,0.044,0.0419,0.0419,0.0486,0.0419
india_pakistan_sindoor,CMI,20,armed_conflict_instability,0.1171,0.0608,,0.6542,logistics_operations,0.0106,0.0381,0.0451,0.0337,0.6542,0.044,0.0419,0.0419,0.0486,0.0419
notpetya_2017,CMI,20,armed_conflict_instability,0.0373,0.0076,,0.6542,logistics_operations,0.0106,0.0381,0.0451,0.0337,0.6542,0.044,0.0419,0.0419,0.0486,0.0419
russia_invasion_2022,CMI,20,armed_conflict_instability,0.0281,-0.0352,,0.6542,logistics_operations,0.0106,0.0381,0.0451,0.0337,0.6542,0.044,0.0419,0.0419,0.0486,0.0419
suez_blockage_2021,CMI,20,armed_conflict_instability,0.0314,0.0214,,0.6542,logistics_operations,0.0106,0.0381,0.0451,0.0337,0.6542,0.044,0.0419,0.0419,0.0486,0.0419
us_iran_war_2026,CMI,20,armed_conflict_instability,-0.0577,0.0543,,0.6542,logistics_operations,0.0106,0.0381,0.0451,0.0337,0.6542,0.044,0.0419,0.0419,0.0486,0.0419
iran_sanctions_2018,ICE,40,sanctions_financial_restrictions,0.0261,0.0682,,0.6846,financial_treasury,0.0235,0.041,0.0366,0.0397,0.027,0.0386,0.0364,0.0364,0.6846,0.0364
us_chip_export_oct2022,SNPS,45,technology_controls,-0.0958,0.0615,,0.71,innovation_ip,0.0137,0.0294,0.0366,0.0313,0.0298,0.71,0.0344,0.0344,0.0458,0.0344
us_chip_export_oct2023,SNPS,45,technology_controls,-0.0488,0.1228,,0.71,innovation_ip,0.0137,0.0294,0.0366,0.0313,0.0298,0.71,0.0344,0.0344,0.0458,0.0344
us_chip_export_oct2022,CDNS,45,technology_controls,-0.0721,0.0385,,0.71,innovation_ip,0.0137,0.0294,0.0366,0.0313,0.0298,0.71,0.0344,0.0344,0.0458,0.0344
us_chip_export_oct2023,CDNS,45,technology_controls,-0.0504,0.1008,,0.71,innovation_ip,0.0137,0.0294,0.0366,0.0313,0.0298,0.71,0.0344,0.0344,0.0458,0.0344
covid_lockdown_start,JCI,20,armed_conflict_instability,-0.2461,-0.2022,,0.6542,logistics_operations,0.0106,0.0381,0.0451,0.0337,0.6542,0.044,0.0419,0.0419,0.0486,0.0419
india_pakistan_sindoor,JCI,20,armed_conflict_instability,0.0735,0.1393,,0.6542,logistics_operations,0.0106,0.0381,0.0451,0.0337,0.6542,0.044,0.0419,0.0419,0.0486,0.0419
notpetya_2017,JCI,20,armed_conflict_instability,0.0337,-0.0641,,0.6542,logistics_operations,0.0106,0.0381,0.0451,0.0337,0.6542,0.044,0.0419,0.0419,0.0486,0.0419
red_sea_houthi_2023,JCI,20,armed_conflict_instability,0.082,0.0048,,0.6542,logistics_operations,0.0106,0.0381,0.0451,0.0337,0.6542,0.044,0.0419,0.0419,0.0486,0.0419
suez_blockage_2021,JCI,20,armed_conflict_instability,0.0392,0.1032,,0.6542,logistics_operations,0.0106,0.0381,0.0451,0.0337,0.6542,0.044,0.0419,0.0419,0.0486,0.0419
us_iran_war_2026,JCI,20,armed_conflict_instability,-0.0777,-0.0126,,0.6542,logistics_operations,0.0106,0.0381,0.0451,0.0337,0.6542,0.044,0.0419,0.0419,0.0486,0.0419
covid_lockdown_start,CSX,20,armed_conflict_instability,-0.1259,0.0542,,0.6542,logistics_operations,0.0106,0.0381,0.0451,0.0337,0.6542,0.044,0.0419,0.0419,0.0486,0.0419
india_pakistan_sindoor,CSX,20,armed_conflict_instability,0.0938,0.1348,,0.6542,logistics_operations,0.0106,0.0381,0.0451,0.0337,0.6542,0.044,0.0419,0.0419,0.0486,0.0419
notpetya_2017,CSX,20,armed_conflict_instability,0.0332,-0.0491,,0.6542,logistics_operations,0.0106,0.0381,0.0451,0.0337,0.6542,0.044,0.0419,0.0419,0.0486,0.0419
russia_invasion_2022,CSX,20,armed_conflict_instability,0.0534,0.037,,0.6542,logistics_operations,0.0106,0.0381,0.0451,0.0337,0.6542,0.044,0.0419,0.0419,0.0486,0.0419
suez_blockage_2021,CSX,20,armed_conflict_instability,0.0371,0.0891,,0.6542,logistics_operations,0.0106,0.0381,0.0451,0.0337,0.6542,0.044,0.0419,0.0419,0.0486,0.0419
us_iran_war_2026,CSX,20,armed_conflict_instability,-0.049,-0.0042,,0.6542,logistics_operations,0.0106,0.0381,0.0451,0.0337,0.6542,0.044,0.0419,0.0419,0.0486,0.0419
opec_price_war_2014,SHW,15,resource_energy_disruptions,0.0261,0.1186,,0.5667,procurement_supply_chain,0.5667,0.058,0.0433,0.0534,0.0479,0.0517,0.0439,0.0439,0.0474,0.0439
us_tariffs_2025,SHW,15,trade_policy_actions,-0.0492,0.022,,0.5369,procurement_supply_chain,0.5369,0.0498,0.0539,0.052,0.0369,0.057,0.0514,0.0514,0.0592,0.0514
covid_lockdown_start,BAESY,20,armed_conflict_instability,-0.1977,-0.0804,,0.6542,logistics_operations,0.0106,0.0381,0.0451,0.0337,0.6542,0.044,0.0419,0.0419,0.0486,0.0419
israel_hamas_2023,BAESY,20,armed_conflict_instability,0.0886,0.1034,,0.6542,logistics_operations,0.0106,0.0381,0.0451,0.0337,0.6542,0.044,0.0419,0.0419,0.0486,0.0419
notpetya_2017,BAESY,20,armed_conflict_instability,-0.0266,-0.0774,,0.6542,logistics_operations,0.0106,0.0381,0.0451,0.0337,0.6542,0.044,0.0419,0.0419,0.0486,0.0419
red_sea_houthi_2023,BAESY,20,armed_conflict_instability,0.0353,0.106,,0.6542,logistics_operations,0.0106,0.0381,0.0451,0.0337,0.6542,0.044,0.0419,0.0419,0.0486,0.0419
russia_invasion_2022,BAESY,20,armed_conflict_instability,0.0695,0.1057,,0.6542,logistics_operations,0.0106,0.0381,0.0451,0.0337,0.6542,0.044,0.0419,0.0419,0.0486,0.0419
suez_blockage_2021,BAESY,20,armed_conflict_instability,0.0311,0.0397,,0.6542,logistics_operations,0.0106,0.0381,0.0451,0.0337,0.6542,0.044,0.0419,0.0419,0.0486,0.0419
us_iran_war_2026,BAESY,20,armed_conflict_instability,0.042,0.0488,,0.6542,logistics_operations,0.0106,0.0381,0.0451,0.0337,0.6542,0.044,0.0419,0.0419,0.0486,0.0419
opec_price_war_2014,EPD,10,resource_energy_disruptions,-0.0526,-0.1904,,0.5667,procurement_supply_chain,0.5667,0.058,0.0433,0.0534,0.0479,0.0517,0.0439,0.0439,0.0474,0.0439
us_china_trade_war_start,EPD,10,trade_policy_actions,0.0271,0.0567,,0.5369,procurement_supply_chain,0.5369,0.0498,0.0539,0.052,0.0369,0.057,0.0514,0.0514,0.0592,0.0514
us_tariffs_2025,EPD,10,trade_policy_actions,-0.128,-0.0349,,0.5369,procurement_supply_chain,0.5369,0.0498,0.0539,0.052,0.0369,0.057,0.0514,0.0514,0.0592,0.0514
us_chip_export_oct2022,IFNNY,45,technology_controls,-0.0398,0.3897,,0.71,innovation_ip,0.0137,0.0294,0.0366,0.0313,0.0298,0.71,0.0344,0.0344,0.0458,0.0344
us_chip_export_oct2023,IFNNY,45,technology_controls,-0.0726,0.1675,,0.71,innovation_ip,0.0137,0.0294,0.0366,0.0313,0.0298,0.71,0.0344,0.0344,0.0458,0.0344
eu_energy_crisis_peak,E,10,resource_energy_disruptions,-0.027,-0.053,,0.5667,procurement_supply_chain,0.5667,0.058,0.0433,0.0534,0.0479,0.0517,0.0439,0.0439,0.0474,0.0439
opec_price_war_2014,E,10,resource_energy_disruptions,-0.095,-0.2255,,0.5667,procurement_supply_chain,0.5667,0.058,0.0433,0.0534,0.0479,0.0517,0.0439,0.0439,0.0474,0.0439
us_tariffs_2025,E,10,trade_policy_actions,-0.1374,-0.0347,,0.5369,procurement_supply_chain,0.5369,0.0498,0.0539,0.052,0.0369,0.057,0.0514,0.0514,0.0592,0.0514
covid_lockdown_start,EMR,20,armed_conflict_instability,-0.211,0.0148,,0.6542,logistics_operations,0.0106,0.0381,0.0451,0.0337,0.6542,0.044,0.0419,0.0419,0.0486,0.0419
india_pakistan_sindoor,EMR,20,armed_conflict_instability,0.1057,0.1733,,0.6542,logistics_operations,0.0106,0.0381,0.0451,0.0337,0.6542,0.044,0.0419,0.0419,0.0486,0.0419
russia_invasion_2022,EMR,20,armed_conflict_instability,0.0358,0.0654,,0.6542,logistics_operations,0.0106,0.0381,0.0451,0.0337,0.6542,0.044,0.0419,0.0419,0.0486,0.0419
suez_blockage_2021,EMR,20,armed_conflict_instability,0.0449,0.0421,,0.6542,logistics_operations,0.0106,0.0381,0.0451,0.0337,0.6542,0.044,0.0419,0.0419,0.0486,0.0419
us_iran_war_2026,EMR,20,armed_conflict_instability,-0.0639,-0.0411,,0.6542,logistics_operations,0.0106,0.0381,0.0451,0.0337,0.6542,0.044,0.0419,0.0419,0.0486,0.0419
iran_sanctions_2018,ING,40,sanctions_financial_restrictions,-0.0358,-0.1111,,0.6846,financial_treasury,0.0235,0.041,0.0366,0.0397,0.027,0.0386,0.0364,0.0364,0.6846,0.0364
covid_lockdown_start,ITW,20,armed_conflict_instability,-0.1052,-0.0135,,0.6542,logistics_operations,0.0106,0.0381,0.0451,0.0337,0.6542,0.044,0.0419,0.0419,0.0486,0.0419
notpetya_2017,ITW,20,armed_conflict_instability,0.0273,-0.0063,,0.6542,logistics_operations,0.0106,0.0381,0.0451,0.0337,0.6542,0.044,0.0419,0.0419,0.0486,0.0419
suez_blockage_2021,ITW,20,armed_conflict_instability,0.0423,0.0928,,0.6542,logistics_operations,0.0106,0.0381,0.0451,0.0337,0.6542,0.044,0.0419,0.0419,0.0486,0.0419
us_iran_war_2026,ITW,20,armed_conflict_instability,-0.0483,-0.0573,,0.6542,logistics_operations,0.0106,0.0381,0.0451,0.0337,0.6542,0.044,0.0419,0.0419,0.0486,0.0419
eu_energy_crisis_peak,CRH,15,resource_energy_disruptions,-0.03,-0.1234,,0.5667,procurement_supply_chain,0.5667,0.058,0.0433,0.0534,0.0479,0.0517,0.0439,0.0439,0.0474,0.0439
opec_price_war_2014,CRH,15,resource_energy_disruptions,0.0479,-0.0167,,0.5667,procurement_supply_chain,0.5667,0.058,0.0433,0.0534,0.0479,0.0517,0.0439,0.0439,0.0474,0.0439
xinjiang_boycott_2021,CRH,15,trade_policy_actions,0.0595,0.1369,,0.5369,procurement_supply_chain,0.5369,0.0498,0.0539,0.052,0.0369,0.057,0.0514,0.0514,0.0592,0.0514
india_demonetization_2016,ORLY,25,political_transitions_volatility,0.0326,0.1,,0.6673,revenue_market_access,0.008,0.6673,0.0396,0.0371,0.0319,0.0472,0.0398,0.0398,0.0494,0.0398
covid_lockdown_start,CP,20,armed_conflict_instability,-0.1419,0.0474,,0.6542,logistics_operations,0.0106,0.0381,0.0451,0.0337,0.6542,0.044,0.0419,0.0419,0.0486,0.0419
india_pakistan_sindoor,CP,20,armed_conflict_instability,0.1011,0.086,,0.6542,logistics_operations,0.0106,0.0381,0.0451,0.0337,0.6542,0.044,0.0419,0.0419,0.0486,0.0419
red_sea_houthi_2023,CP,20,armed_conflict_instability,0.047,0.0621,,0.6542,logistics_operations,0.0106,0.0381,0.0451,0.0337,0.6542,0.044,0.0419,0.0419,0.0486,0.0419
russia_invasion_2022,CP,20,armed_conflict_instability,0.0778,0.1114,,0.6542,logistics_operations,0.0106,0.0381,0.0451,0.0337,0.6542,0.044,0.0419,0.0419,0.0486,0.0419
suez_blockage_2021,CP,20,armed_conflict_instability,0.0465,0.0817,,0.6542,logistics_operations,0.0106,0.0381,0.0451,0.0337,0.6542,0.044,0.0419,0.0419,0.0486,0.0419
us_iran_war_2026,CP,20,armed_conflict_instability,-0.0421,-0.0597,,0.6542,logistics_operations,0.0106,0.0381,0.0451,0.0337,0.6542,0.044,0.0419,0.0419,0.0486,0.0419
eu_energy_crisis_peak,SU,10,resource_energy_disruptions,-0.0625,-0.0648,,0.5667,procurement_supply_chain,0.5667,0.058,0.0433,0.0534,0.0479,0.0517,0.0439,0.0439,0.0474,0.0439
opec_price_war_2014,SU,10,resource_energy_disruptions,-0.0925,-0.1565,,0.5667,procurement_supply_chain,0.5667,0.058,0.0433,0.0534,0.0479,0.0517,0.0439,0.0439,0.0474,0.0439
us_tariffs_2025,SU,10,trade_policy_actions,-0.1257,-0.0802,,0.5369,procurement_supply_chain,0.5369,0.0498,0.0539,0.052,0.0369,0.057,0.0514,0.0514,0.0592,0.0514
opec_price_war_2014,ECL,15,resource_energy_disruptions,-0.0414,-0.1012,,0.5667,procurement_supply_chain,0.5667,0.058,0.0433,0.0534,0.0479,0.0517,0.0439,0.0439,0.0474,0.0439
us_tariffs_2025,ECL,15,trade_policy_actions,-0.0635,0.0089,,0.5369,procurement_supply_chain,0.5369,0.0498,0.0539,0.052,0.0369,0.057,0.0514,0.0514,0.0592,0.0514
xinjiang_boycott_2021,ECL,15,trade_policy_actions,0.0269,0.0961,,0.5369,procurement_supply_chain,0.5369,0.0498,0.0539,0.052,0.0369,0.057,0.0514,0.0514,0.0592,0.0514
chile_lithium_nationalization,HLT,25,political_transitions_volatility,-0.0358,-0.0276,,0.6673,revenue_market_access,0.008,0.6673,0.0396,0.0371,0.0319,0.0472,0.0398,0.0398,0.0494,0.0398
india_demonetization_2016,HLT,25,political_transitions_volatility,0.0511,0.1901,,0.6673,revenue_market_access,0.008,0.6673,0.0396,0.0371,0.0319,0.0472,0.0398,0.0398,0.0494,0.0398
chile_lithium_nationalization,MNST,30,political_transitions_volatility,0.045,0.1244,,0.6673,revenue_market_access,0.008,0.6673,0.0396,0.0371,0.0319,0.0472,0.0398,0.0398,0.0494,0.0398
india_demonetization_2016,MNST,30,political_transitions_volatility,-0.0819,0.0008,,0.6673,revenue_market_access,0.008,0.6673,0.0396,0.0371,0.0319,0.0472,0.0398,0.0398,0.0494,0.0398
covid_lockdown_start,MMM,20,armed_conflict_instability,-0.0694,-0.0198,,0.6542,logistics_operations,0.0106,0.0381,0.0451,0.0337,0.6542,0.044,0.0419,0.0419,0.0486,0.0419
india_pakistan_sindoor,MMM,20,armed_conflict_instability,0.0666,0.044,,0.6542,logistics_operations,0.0106,0.0381,0.0451,0.0337,0.6542,0.044,0.0419,0.0419,0.0486,0.0419
russia_invasion_2022,MMM,20,armed_conflict_instability,0.032,0.0435,,0.6542,logistics_operations,0.0106,0.0381,0.0451,0.0337,0.6542,0.044,0.0419,0.0419,0.0486,0.0419
suez_blockage_2021,MMM,20,armed_conflict_instability,0.0335,0.0696,,0.6542,logistics_operations,0.0106,0.0381,0.0451,0.0337,0.6542,0.044,0.0419,0.0419,0.0486,0.0419
us_iran_war_2026,MMM,20,armed_conflict_instability,-0.0828,-0.0772,,0.6542,logistics_operations,0.0106,0.0381,0.0451,0.0337,0.6542,0.044,0.0419,0.0419,0.0486,0.0419
eu_energy_crisis_peak,VALE,15,resource_energy_disruptions,-0.0952,0.0476,,0.5667,procurement_supply_chain,0.5667,0.058,0.0433,0.0534,0.0479,0.0517,0.0439,0.0439,0.0474,0.0439
opec_price_war_2014,VALE,15,resource_energy_disruptions,-0.096,-0.0831,,0.5667,procurement_supply_chain,0.5667,0.058,0.0433,0.0534,0.0479,0.0517,0.0439,0.0439,0.0474,0.0439
us_tariffs_2025,VALE,15,trade_policy_actions,-0.1219,-0.0278,,0.5369,procurement_supply_chain,0.5369,0.0498,0.0539,0.052,0.0369,0.057,0.0514,0.0514,0.0592,0.0514
xinjiang_boycott_2021,VALE,15,trade_policy_actions,0.0413,0.3092,,0.5369,procurement_supply_chain,0.5369,0.0498,0.0539,0.052,0.0369,0.057,0.0514,0.0514,0.0592,0.0514
us_chip_export_oct2022,MSI,45,technology_controls,-0.0721,0.144,,0.71,innovation_ip,0.0137,0.0294,0.0366,0.0313,0.0298,0.71,0.0344,0.0344,0.0458,0.0344
us_chip_export_oct2023,MSI,45,technology_controls,-0.029,0.1007,,0.71,innovation_ip,0.0137,0.0294,0.0366,0.0313,0.0298,0.71,0.0344,0.0344,0.0458,0.0344
us_chip_export_oct2023,CIEN,45,technology_controls,-0.0533,0.0321,,0.71,innovation_ip,0.0137,0.0294,0.0366,0.0313,0.0298,0.71,0.0344,0.0344,0.0458,0.0344
covid_lockdown_start,NSC,20,armed_conflict_instability,-0.1356,0.0297,,0.6542,logistics_operations,0.0106,0.0381,0.0451,0.0337,0.6542,0.044,0.0419,0.0419,0.0486,0.0419
india_pakistan_sindoor,NSC,20,armed_conflict_instability,0.0964,0.1509,,0.6542,logistics_operations,0.0106,0.0381,0.0451,0.0337,0.6542,0.044,0.0419,0.0419,0.0486,0.0419
israel_hamas_2023,NSC,20,armed_conflict_instability,0.0838,0.1155,,0.6542,logistics_operations,0.0106,0.0381,0.0451,0.0337,0.6542,0.044,0.0419,0.0419,0.0486,0.0419
notpetya_2017,NSC,20,armed_conflict_instability,0.0305,-0.0079,,0.6542,logistics_operations,0.0106,0.0381,0.0451,0.0337,0.6542,0.044,0.0419,0.0419,0.0486,0.0419
russia_invasion_2022,NSC,20,armed_conflict_instability,0.0707,0.0182,,0.6542,logistics_operations,0.0106,0.0381,0.0451,0.0337,0.6542,0.044,0.0419,0.0419,0.0486,0.0419
suez_blockage_2021,NSC,20,armed_conflict_instability,0.0385,0.1027,,0.6542,logistics_operations,0.0106,0.0381,0.0451,0.0337,0.6542,0.044,0.0419,0.0419,0.0486,0.0419
us_iran_war_2026,NSC,20,armed_conflict_instability,-0.0391,-0.0478,,0.6542,logistics_operations,0.0106,0.0381,0.0451,0.0337,0.6542,0.044,0.0419,0.0419,0.0486,0.0419
iran_sanctions_2018,APO,40,sanctions_financial_restrictions,-0.0329,0.0491,,0.6846,financial_treasury,0.0235,0.041,0.0366,0.0397,0.027,0.0386,0.0364,0.0364,0.6846,0.0364
covid_lockdown_start,CTAS,20,armed_conflict_instability,-0.2892,-0.2036,,0.6542,logistics_operations,0.0106,0.0381,0.0451,0.0337,0.6542,0.044,0.0419,0.0419,0.0486,0.0419
israel_hamas_2023,CTAS,20,armed_conflict_instability,0.0475,0.1196,,0.6542,logistics_operations,0.0106,0.0381,0.0451,0.0337,0.6542,0.044,0.0419,0.0419,0.0486,0.0419
red_sea_houthi_2023,CTAS,20,armed_conflict_instability,0.0654,0.0821,,0.6542,logistics_operations,0.0106,0.0381,0.0451,0.0337,0.6542,0.044,0.0419,0.0419,0.0486,0.0419
india_demonetization_2016,RCL,25,political_transitions_volatility,0.0698,0.1049,,0.6673,revenue_market_access,0.008,0.6673,0.0396,0.0371,0.0319,0.0472,0.0398,0.0398,0.0494,0.0398
panama_mine_closure_2023,RCL,25,political_transitions_volatility,0.0814,0.1678,,0.6673,revenue_market_access,0.008,0.6673,0.0396,0.0371,0.0319,0.0472,0.0398,0.0398,0.0494,0.0398
covid_lockdown_start,CNI,20,armed_conflict_instability,-0.0968,-0.0016,,0.6542,logistics_operations,0.0106,0.0381,0.0451,0.0337,0.6542,0.044,0.0419,0.0419,0.0486,0.0419
india_pakistan_sindoor,CNI,20,armed_conflict_instability,0.0665,0.0271,,0.6542,logistics_operations,0.0106,0.0381,0.0451,0.0337,0.6542,0.044,0.0419,0.0419,0.0486,0.0419
red_sea_houthi_2023,CNI,20,armed_conflict_instability,0.038,0.0303,,0.6542,logistics_operations,0.0106,0.0381,0.0451,0.0337,0.6542,0.044,0.0419,0.0419,0.0486,0.0419
us_iran_war_2026,CNI,20,armed_conflict_instability,-0.0377,0.0042,,0.6542,logistics_operations,0.0106,0.0381,0.0451,0.0337,0.6542,0.044,0.0419,0.0419,0.0486,0.0419
eu_energy_crisis_peak,APD,15,resource_energy_disruptions,-0.0599,-0.1074,,0.5667,procurement_supply_chain,0.5667,0.058,0.0433,0.0534,0.0479,0.0517,0.0439,0.0439,0.0474,0.0439
us_tariffs_2025,APD,15,trade_policy_actions,-0.0839,-0.0696,,0.5369,procurement_supply_chain,0.5369,0.0498,0.0539,0.052,0.0369,0.057,0.0514,0.0514,0.0592,0.0514
opec_price_war_2014,B,15,resource_energy_disruptions,-0.106,-0.174,,0.5667,procurement_supply_chain,0.5667,0.058,0.0433,0.0534,0.0479,0.0517,0.0439,0.0439,0.0474,0.0439
us_china_trade_war_start,B,15,trade_policy_actions,-0.033,-0.2494,,0.5369,procurement_supply_chain,0.5369,0.0498,0.0539,0.052,0.0369,0.057,0.0514,0.0514,0.0592,0.0514
us_tariffs_2025,B,15,trade_policy_actions,-0.0314,-0.0752,,0.5369,procurement_supply_chain,0.5369,0.0498,0.0539,0.052,0.0369,0.057,0.0514,0.0514,0.0592,0.0514
covid_lockdown_start,BE,20,armed_conflict_instability,-0.5987,0.0353,,0.6542,logistics_operations,0.0106,0.0381,0.0451,0.0337,0.6542,0.044,0.0419,0.0419,0.0486,0.0419
india_pakistan_sindoor,BE,20,armed_conflict_instability,0.225,0.3158,,0.6542,logistics_operations,0.0106,0.0381,0.0451,0.0337,0.6542,0.044,0.0419,0.0419,0.0486,0.0419
israel_hamas_2023,BE,20,armed_conflict_instability,0.1132,0.1554,,0.6542,logistics_operations,0.0106,0.0381,0.0451,0.0337,0.6542,0.044,0.0419,0.0419,0.0486,0.0419
red_sea_houthi_2023,BE,20,armed_conflict_instability,0.0479,-0.2028,,0.6542,logistics_operations,0.0106,0.0381,0.0451,0.0337,0.6542,0.044,0.0419,0.0419,0.0486,0.0419
russia_invasion_2022,BE,20,armed_conflict_instability,0.0899,0.1627,,0.6542,logistics_operations,0.0106,0.0381,0.0451,0.0337,0.6542,0.044,0.0419,0.0419,0.0486,0.0419
suez_blockage_2021,BE,20,armed_conflict_instability,-0.0497,-0.1862,,0.6542,logistics_operations,0.0106,0.0381,0.0451,0.0337,0.6542,0.044,0.0419,0.0419,0.0486,0.0419
us_iran_war_2026,BE,20,armed_conflict_instability,-0.0279,0.407,,0.6542,logistics_operations,0.0106,0.0381,0.0451,0.0337,0.6542,0.044,0.0419,0.0419,0.0486,0.0419
covid_lockdown_start,PCAR,20,armed_conflict_instability,-0.1079,0.0547,,0.6542,logistics_operations,0.0106,0.0381,0.0451,0.0337,0.6542,0.044,0.0419,0.0419,0.0486,0.0419
india_pakistan_sindoor,PCAR,20,armed_conflict_instability,0.0705,0.0291,,0.6542,logistics_operations,0.0106,0.0381,0.0451,0.0337,0.6542,0.044,0.0419,0.0419,0.0486,0.0419
israel_hamas_2023,PCAR,20,armed_conflict_instability,-0.0273,0.0531,,0.6542,logistics_operations,0.0106,0.0381,0.0451,0.0337,0.6542,0.044,0.0419,0.0419,0.0486,0.0419
notpetya_2017,PCAR,20,armed_conflict_instability,0.0572,0.0702,,0.6542,logistics_operations,0.0106,0.0381,0.0451,0.0337,0.6542,0.044,0.0419,0.0419,0.0486,0.0419
us_iran_war_2026,PCAR,20,armed_conflict_instability,-0.043,-0.0052,,0.6542,logistics_operations,0.0106,0.0381,0.0451,0.0337,0.6542,0.044,0.0419,0.0419,0.0486,0.0419
covid_lockdown_start,RSG,20,armed_conflict_instability,-0.1686,-0.1575,,0.6542,logistics_operations,0.0106,0.0381,0.0451,0.0337,0.6542,0.044,0.0419,0.0419,0.0486,0.0419
india_pakistan_sindoor,RSG,20,armed_conflict_instability,-0.0546,-0.0144,,0.6542,logistics_operations,0.0106,0.0381,0.0451,0.0337,0.6542,0.044,0.0419,0.0419,0.0486,0.0419
israel_hamas_2023,RSG,20,armed_conflict_instability,0.0266,0.1046,,0.6542,logistics_operations,0.0106,0.0381,0.0451,0.0337,0.6542,0.044,0.0419,0.0419,0.0486,0.0419
russia_invasion_2022,RSG,20,armed_conflict_instability,0.0747,0.1556,,0.6542,logistics_operations,0.0106,0.0381,0.0451,0.0337,0.6542,0.044,0.0419,0.0419,0.0486,0.0419
suez_blockage_2021,RSG,20,armed_conflict_instability,0.0373,0.1343,,0.6542,logistics_operations,0.0106,0.0381,0.0451,0.0337,0.6542,0.044,0.0419,0.0419,0.0486,0.0419
us_chip_export_oct2022,ASX,45,technology_controls,-0.0731,0.2192,,0.71,innovation_ip,0.0137,0.0294,0.0366,0.0313,0.0298,0.71,0.0344,0.0344,0.0458,0.0344
iran_sanctions_2018,MFC,40,sanctions_financial_restrictions,0.0341,-0.0012,,0.6846,financial_treasury,0.0235,0.041,0.0366,0.0397,0.027,0.0386,0.0364,0.0364,0.6846,0.0364
covid_lockdown_start,RELX,20,armed_conflict_instability,-0.1867,0.0148,,0.6542,logistics_operations,0.0106,0.0381,0.0451,0.0337,0.6542,0.044,0.0419,0.0419,0.0486,0.0419
red_sea_houthi_2023,RELX,20,armed_conflict_instability,0.028,0.0825,,0.6542,logistics_operations,0.0106,0.0381,0.0451,0.0337,0.6542,0.044,0.0419,0.0419,0.0486,0.0419
russia_invasion_2022,RELX,20,armed_conflict_instability,0.0327,0.0748,,0.6542,logistics_operations,0.0106,0.0381,0.0451,0.0337,0.6542,0.044,0.0419,0.0419,0.0486,0.0419
us_iran_war_2026,RELX,20,armed_conflict_instability,0.0256,-0.0023,,0.6542,logistics_operations,0.0106,0.0381,0.0451,0.0337,0.6542,0.044,0.0419,0.0419,0.0486,0.0419
us_china_trade_war_start,WPM,15,trade_policy_actions,-0.03,-0.1874,,0.5369,procurement_supply_chain,0.5369,0.0498,0.0539,0.052,0.0369,0.057,0.0514,0.0514,0.0592,0.0514
us_tariffs_2025,WPM,15,trade_policy_actions,-0.0391,0.0143,,0.5369,procurement_supply_chain,0.5369,0.0498,0.0539,0.052,0.0369,0.057,0.0514,0.0514,0.0592,0.0514
us_chip_export_oct2022,TEL,45,technology_controls,-0.0582,0.1121,,0.71,innovation_ip,0.0137,0.0294,0.0366,0.0313,0.0298,0.71,0.0344,0.0344,0.0458,0.0344
us_chip_export_oct2023,TEL,45,technology_controls,-0.0519,0.0522,,0.71,innovation_ip,0.0137,0.0294,0.0366,0.0313,0.0298,0.71,0.0344,0.0344,0.0458,0.0344
us_chip_export_oct2022,COHR,45,technology_controls,-0.1645,-0.01,,0.71,innovation_ip,0.0137,0.0294,0.0366,0.0313,0.0298,0.71,0.0344,0.0344,0.0458,0.0344
us_chip_export_oct2023,COHR,45,technology_controls,-0.0771,0.0965,,0.71,innovation_ip,0.0137,0.0294,0.0366,0.0313,0.0298,0.71,0.0344,0.0344,0.0458,0.0344
opec_price_war_2014,IMO,10,resource_energy_disruptions,-0.0627,-0.2314,,0.5667,procurement_supply_chain,0.5667,0.058,0.0433,0.0534,0.0479,0.0517,0.0439,0.0439,0.0474,0.0439
us_tariffs_2025,IMO,10,trade_policy_actions,-0.1213,-0.0163,,0.5369,procurement_supply_chain,0.5369,0.0498,0.0539,0.052,0.0369,0.057,0.0514,0.0514,0.0592,0.0514
us_chip_export_oct2022,UI,45,technology_controls,-0.0286,-0.0099,,0.71,innovation_ip,0.0137,0.0294,0.0366,0.0313,0.0298,0.71,0.0344,0.0344,0.0458,0.0344
us_chip_export_oct2023,UI,45,technology_controls,-0.0559,-0.0392,,0.71,innovation_ip,0.0137,0.0294,0.0366,0.0313,0.0298,0.71,0.0344,0.0344,0.0458,0.0344
iran_sanctions_2018,NWG,40,sanctions_financial_restrictions,0.071,-0.075,,0.6846,financial_treasury,0.0235,0.041,0.0366,0.0397,0.027,0.0386,0.0364,0.0364,0.6846,0.0364
covid_lockdown_start,FIX,20,armed_conflict_instability,-0.1766,-0.264,,0.6542,logistics_operations,0.0106,0.0381,0.0451,0.0337,0.6542,0.044,0.0419,0.0419,0.0486,0.0419
india_pakistan_sindoor,FIX,20,armed_conflict_instability,0.0818,0.1581,,0.6542,logistics_operations,0.0106,0.0381,0.0451,0.0337,0.6542,0.044,0.0419,0.0419,0.0486,0.0419
israel_hamas_2023,FIX,20,armed_conflict_instability,-0.0505,0.1521,,0.6542,logistics_operations,0.0106,0.0381,0.0451,0.0337,0.6542,0.044,0.0419,0.0419,0.0486,0.0419
russia_invasion_2022,FIX,20,armed_conflict_instability,0.0373,0.063,,0.6542,logistics_operations,0.0106,0.0381,0.0451,0.0337,0.6542,0.044,0.0419,0.0419,0.0486,0.0419
suez_blockage_2021,FIX,20,armed_conflict_instability,0.0517,0.1881,,0.6542,logistics_operations,0.0106,0.0381,0.0451,0.0337,0.6542,0.044,0.0419,0.0419,0.0486,0.0419
us_iran_war_2026,FIX,20,armed_conflict_instability,-0.0394,0.1553,,0.6542,logistics_operations,0.0106,0.0381,0.0451,0.0337,0.6542,0.044,0.0419,0.0419,0.0486,0.0419
covid_lockdown_start,URI,20,armed_conflict_instability,-0.3021,0.0402,,0.6542,logistics_operations,0.0106,0.0381,0.0451,0.0337,0.6542,0.044,0.0419,0.0419,0.0486,0.0419
india_pakistan_sindoor,URI,20,armed_conflict_instability,0.0972,0.085,,0.6542,logistics_operations,0.0106,0.0381,0.0451,0.0337,0.6542,0.044,0.0419,0.0419,0.0486,0.0419
notpetya_2017,URI,20,armed_conflict_instability,0.0803,0.0901,,0.6542,logistics_operations,0.0106,0.0381,0.0451,0.0337,0.6542,0.044,0.0419,0.0419,0.0486,0.0419
russia_invasion_2022,URI,20,armed_conflict_instability,0.0659,0.0409,,0.6542,logistics_operations,0.0106,0.0381,0.0451,0.0337,0.6542,0.044,0.0419,0.0419,0.0486,0.0419
suez_blockage_2021,URI,20,armed_conflict_instability,0.111,0.1093,,0.6542,logistics_operations,0.0106,0.0381,0.0451,0.0337,0.6542,0.044,0.0419,0.0419,0.0486,0.0419
us_chip_export_oct2022,LITE,45,technology_controls,-0.0963,-0.227,,0.71,innovation_ip,0.0137,0.0294,0.0366,0.0313,0.0298,0.71,0.0344,0.0344,0.0458,0.0344
us_chip_export_oct2023,LITE,45,technology_controls,-0.0652,0.0448,,0.71,innovation_ip,0.0137,0.0294,0.0366,0.0313,0.0298,0.71,0.0344,0.0344,0.0458,0.0344
us_chip_export_oct2022,MSTR,45,technology_controls,-0.0499,-0.2278,,0.71,innovation_ip,0.0137,0.0294,0.0366,0.0313,0.0298,0.71,0.0344,0.0344,0.0458,0.0344
us_chip_export_oct2023,MSTR,45,technology_controls,0.2667,0.5119,,0.71,innovation_ip,0.0137,0.0294,0.0366,0.0313,0.0298,0.71,0.0344,0.0344,0.0458,0.0344
panama_mine_closure_2023,AZO,25,political_transitions_volatility,0.0265,-0.0213,,0.6673,revenue_market_access,0.008,0.6673,0.0396,0.0371,0.0319,0.0472,0.0398,0.0398,0.0494,0.0398
us_chip_export_oct2022,KEYS,45,technology_controls,-0.0423,0.0673,,0.71,innovation_ip,0.0137,0.0294,0.0366,0.0313,0.0298,0.71,0.0344,0.0344,0.0458,0.0344
us_chip_export_oct2023,KEYS,45,technology_controls,-0.0549,0.066,,0.71,innovation_ip,0.0137,0.0294,0.0366,0.0313,0.0298,0.71,0.0344,0.0344,0.0458,0.0344
us_chip_export_oct2023,NOK,45,technology_controls,-0.068,0.0304,,0.71,innovation_ip,0.0137,0.0294,0.0366,0.0313,0.0298,0.71,0.0344,0.0344,0.0458,0.0344
chile_lithium_nationalization,CVNA,25,political_transitions_volatility,-0.0825,0.96,,0.6673,revenue_market_access,0.008,0.6673,0.0396,0.0371,0.0319,0.0472,0.0398,0.0398,0.0494,0.0398
panama_mine_closure_2023,CVNA,25,political_transitions_volatility,0.2258,0.456,,0.6673,revenue_market_access,0.008,0.6673,0.0396,0.0371,0.0319,0.0472,0.0398,0.0398,0.0494,0.0398
panama_mine_closure_2023,BMWKY,25,political_transitions_volatility,0.0278,0.0587,,0.6673,revenue_market_access,0.008,0.6673,0.0396,0.0371,0.0319,0.0472,0.0398,0.0398,0.0494,0.0398
opec_price_war_2014,MPLX,10,resource_energy_disruptions,-0.0752,-0.023,,0.5667,procurement_supply_chain,0.5667,0.058,0.0433,0.0534,0.0479,0.0517,0.0439,0.0439,0.0474,0.0439
us_tariffs_2025,MPLX,10,trade_policy_actions,-0.1043,-0.023,,0.5369,procurement_supply_chain,0.5369,0.0498,0.0539,0.052,0.0369,0.057,0.0514,0.0514,0.0592,0.0514
xinjiang_boycott_2021,MPLX,10,trade_policy_actions,0.0252,0.1595,,0.5369,procurement_supply_chain,0.5369,0.0498,0.0539,0.052,0.0369,0.057,0.0514,0.0514,0.0592,0.0514
iran_sanctions_2018,AJG,40,sanctions_financial_restrictions,-0.0269,-0.0401,,0.6846,financial_treasury,0.0235,0.041,0.0366,0.0397,0.027,0.0386,0.0364,0.0364,0.6846,0.0364
covid_lockdown_start,GWW,20,armed_conflict_instability,-0.141,-0.0589,,0.6542,logistics_operations,0.0106,0.0381,0.0451,0.0337,0.6542,0.044,0.0419,0.0419,0.0486,0.0419
india_pakistan_sindoor,GWW,20,armed_conflict_instability,0.0272,-0.0041,,0.6542,logistics_operations,0.0106,0.0381,0.0451,0.0337,0.6542,0.044,0.0419,0.0419,0.0486,0.0419
notpetya_2017,GWW,20,armed_conflict_instability,0.052,-0.0513,,0.6542,logistics_operations,0.0106,0.0381,0.0451,0.0337,0.6542,0.044,0.0419,0.0419,0.0486,0.0419
russia_invasion_2022,GWW,20,armed_conflict_instability,0.0322,0.1183,,0.6542,logistics_operations,0.0106,0.0381,0.0451,0.0337,0.6542,0.044,0.0419,0.0419,0.0486,0.0419
us_iran_war_2026,GWW,20,armed_conflict_instability,-0.0257,0.0093,,0.6542,logistics_operations,0.0106,0.0381,0.0451,0.0337,0.6542,0.044,0.0419,0.0419,0.0486,0.0419
eu_energy_crisis_peak,OKE,10,resource_energy_disruptions,-0.0662,-0.1781,,0.5667,procurement_supply_chain,0.5667,0.058,0.0433,0.0534,0.0479,0.0517,0.0439,0.0439,0.0474,0.0439
opec_price_war_2014,OKE,10,resource_energy_disruptions,-0.0863,-0.2999,,0.5667,procurement_supply_chain,0.5667,0.058,0.0433,0.0534,0.0479,0.0517,0.0439,0.0439,0.0474,0.0439
us_tariffs_2025,OKE,10,trade_policy_actions,-0.1545,-0.1321,,0.5369,procurement_supply_chain,0.5369,0.0498,0.0539,0.052,0.0369,0.057,0.0514,0.0514,0.0592,0.0514
xinjiang_boycott_2021,OKE,10,trade_policy_actions,0.0394,0.1163,,0.5369,procurement_supply_chain,0.5369,0.0498,0.0539,0.052,0.0369,0.057,0.0514,0.0514,0.0592,0.0514
eu_energy_crisis_peak,LNG,10,resource_energy_disruptions,-0.0322,0.0008,,0.5667,procurement_supply_chain,0.5667,0.058,0.0433,0.0534,0.0479,0.0517,0.0439,0.0439,0.0474,0.0439
us_china_trade_war_start,LNG,10,trade_policy_actions,-0.0618,-0.0698,,0.5369,procurement_supply_chain,0.5369,0.0498,0.0539,0.052,0.0369,0.057,0.0514,0.0514,0.0592,0.0514
us_tariffs_2025,LNG,10,trade_policy_actions,-0.0716,0.0068,,0.5369,procurement_supply_chain,0.5369,0.0498,0.0539,0.052,0.0369,0.057,0.0514,0.0514,0.0592,0.0514
eu_energy_crisis_peak,CCJ,10,resource_energy_disruptions,0.081,-0.0476,,0.5667,procurement_supply_chain,0.5667,0.058,0.0433,0.0534,0.0479,0.0517,0.0439,0.0439,0.0474,0.0439
opec_price_war_2014,CCJ,10,resource_energy_disruptions,-0.1219,-0.2336,,0.5667,procurement_supply_chain,0.5667,0.058,0.0433,0.0534,0.0479,0.0517,0.0439,0.0439,0.0474,0.0439
us_tariffs_2025,CCJ,10,trade_policy_actions,-0.057,0.2147,,0.5369,procurement_supply_chain,0.5369,0.0498,0.0539,0.052,0.0369,0.057,0.0514,0.0514,0.0592,0.0514
covid_lockdown_start,AME,20,armed_conflict_instability,-0.1482,-0.018,,0.6542,logistics_operations,0.0106,0.0381,0.0451,0.0337,0.6542,0.044,0.0419,0.0419,0.0486,0.0419
india_pakistan_sindoor,AME,20,armed_conflict_instability,0.0569,0.0429,,0.6542,logistics_operations,0.0106,0.0381,0.0451,0.0337,0.6542,0.044,0.0419,0.0419,0.0486,0.0419
russia_invasion_2022,AME,20,armed_conflict_instability,0.027,0.0385,,0.6542,logistics_operations,0.0106,0.0381,0.0451,0.0337,0.6542,0.044,0.0419,0.0419,0.0486,0.0419
suez_blockage_2021,AME,20,armed_conflict_instability,0.0474,0.125,,0.6542,logistics_operations,0.0106,0.0381,0.0451,0.0337,0.6542,0.044,0.0419,0.0419,0.0486,0.0419
us_iran_war_2026,AME,20,armed_conflict_instability,-0.0592,-0.0188,,0.6542,logistics_operations,0.0106,0.0381,0.0451,0.0337,0.6542,0.044,0.0419,0.0419,0.0486,0.0419
us_tariffs_2025,CTVA,15,trade_policy_actions,-0.085,0.067,,0.5369,procurement_supply_chain,0.5369,0.0498,0.0539,0.052,0.0369,0.057,0.0514,0.0514,0.0592,0.0514
covid_lockdown_start,FERG,20,armed_conflict_instability,-0.3242,-0.2685,,0.6542,logistics_operations,0.0106,0.0381,0.0451,0.0337,0.6542,0.044,0.0419,0.0419,0.0486,0.0419
india_pakistan_sindoor,FERG,20,armed_conflict_instability,0.0412,0.2836,,0.6542,logistics_operations,0.0106,0.0381,0.0451,0.0337,0.6542,0.044,0.0419,0.0419,0.0486,0.0419
us_iran_war_2026,FERG,20,armed_conflict_instability,-0.1124,-0.0036,,0.6542,logistics_operations,0.0106,0.0381,0.0451,0.0337,0.6542,0.044,0.0419,0.0419,0.0486,0.0419
us_chip_export_oct2022,INFY,45,technology_controls,0.044,0.1537,,0.71,innovation_ip,0.0137,0.0294,0.0366,0.0313,0.0298,0.71,0.0344,0.0344,0.0458,0.0344
india_pakistan_sindoor,FAST,20,armed_conflict_instability,0.0256,0.0431,,0.6542,logistics_operations,0.0106,0.0381,0.0451,0.0337,0.6542,0.044,0.0419,0.0419,0.0486,0.0419
israel_hamas_2023,FAST,20,armed_conflict_instability,0.067,0.0922,,0.6542,logistics_operations,0.0106,0.0381,0.0451,0.0337,0.6542,0.044,0.0419,0.0419,0.0486,0.0419
notpetya_2017,FAST,20,armed_conflict_instability,0.0489,0.0313,,0.6542,logistics_operations,0.0106,0.0381,0.0451,0.0337,0.6542,0.044,0.0419,0.0419,0.0486,0.0419
russia_invasion_2022,FAST,20,armed_conflict_instability,0.0533,0.1635,,0.6542,logistics_operations,0.0106,0.0381,0.0451,0.0337,0.6542,0.044,0.0419,0.0419,0.0486,0.0419
suez_blockage_2021,FAST,20,armed_conflict_instability,0.0612,0.142,,0.6542,logistics_operations,0.0106,0.0381,0.0451,0.0337,0.6542,0.044,0.0419,0.0419,0.0486,0.0419
india_pakistan_sindoor,CARR,20,armed_conflict_instability,0.0481,0.0069,,0.6542,logistics_operations,0.0106,0.0381,0.0451,0.0337,0.6542,0.044,0.0419,0.0419,0.0486,0.0419
russia_invasion_2022,CARR,20,armed_conflict_instability,0.0262,-0.0228,,0.6542,logistics_operations,0.0106,0.0381,0.0451,0.0337,0.6542,0.044,0.0419,0.0419,0.0486,0.0419
suez_blockage_2021,CARR,20,armed_conflict_instability,0.0514,0.0769,,0.6542,logistics_operations,0.0106,0.0381,0.0451,0.0337,0.6542,0.044,0.0419,0.0419,0.0486,0.0419
us_iran_war_2026,CARR,20,armed_conflict_instability,-0.0882,0.004,,0.6542,logistics_operations,0.0106,0.0381,0.0451,0.0337,0.6542,0.044,0.0419,0.0419,0.0486,0.0419
chile_lithium_nationalization,SE,25,political_transitions_volatility,-0.0512,-0.2459,,0.6673,revenue_market_access,0.008,0.6673,0.0396,0.0371,0.0319,0.0472,0.0398,0.0398,0.0494,0.0398
panama_mine_closure_2023,SE,25,political_transitions_volatility,-0.0433,-0.0657,,0.6673,revenue_market_access,0.008,0.6673,0.0396,0.0371,0.0319,0.0472,0.0398,0.0398,0.0494,0.0398
us_chip_export_oct2023,GRMN,45,technology_controls,-0.042,0.1326,,0.71,innovation_ip,0.0137,0.0294,0.0366,0.0313,0.0298,0.71,0.0344,0.0344,0.0458,0.0344
covid_lockdown_start,FER,20,armed_conflict_instability,-0.3017,-0.2362,,0.6542,logistics_operations,0.0106,0.0381,0.0451,0.0337,0.6542,0.044,0.0419,0.0419,0.0486,0.0419
india_pakistan_sindoor,FER,20,armed_conflict_instability,0.0318,0.0238,,0.6542,logistics_operations,0.0106,0.0381,0.0451,0.0337,0.6542,0.044,0.0419,0.0419,0.0486,0.0419
israel_hamas_2023,FER,20,armed_conflict_instability,0.1115,0.1296,,0.6542,logistics_operations,0.0106,0.0381,0.0451,0.0337,0.6542,0.044,0.0419,0.0419,0.0486,0.0419
russia_invasion_2022,FER,20,armed_conflict_instability,-0.0796,-0.0885,,0.6542,logistics_operations,0.0106,0.0381,0.0451,0.0337,0.6542,0.044,0.0419,0.0419,0.0486,0.0419
us_iran_war_2026,FER,20,armed_conflict_instability,-0.1136,-0.0282,,0.6542,logistics_operations,0.0106,0.0381,0.0451,0.0337,0.6542,0.044,0.0419,0.0419,0.0486,0.0419
opec_price_war_2014,CVE,10,resource_energy_disruptions,-0.1123,-0.1987,,0.5667,procurement_supply_chain,0.5667,0.058,0.0433,0.0534,0.0479,0.0517,0.0439,0.0439,0.0474,0.0439
us_tariffs_2025,CVE,10,trade_policy_actions,-0.1446,-0.0285,,0.5369,procurement_supply_chain,0.5369,0.0498,0.0539,0.052,0.0369,0.057,0.0514,0.0514,0.0592,0.0514
india_pakistan_sindoor,RKLB,20,armed_conflict_instability,0.0825,0.3477,,0.6542,logistics_operations,0.0106,0.0381,0.0451,0.0337,0.6542,0.044,0.0419,0.0419,0.0486,0.0419
red_sea_houthi_2023,RKLB,20,armed_conflict_instability,0.18,0.0521,,0.6542,logistics_operations,0.0106,0.0381,0.0451,0.0337,0.6542,0.044,0.0419,0.0419,0.0486,0.0419
russia_invasion_2022,RKLB,20,armed_conflict_instability,-0.1426,-0.1982,,0.6542,logistics_operations,0.0106,0.0381,0.0451,0.0337,0.6542,0.044,0.0419,0.0419,0.0486,0.0419
suez_blockage_2021,RKLB,20,armed_conflict_instability,-0.0563,-0.1498,,0.6542,logistics_operations,0.0106,0.0381,0.0451,0.0337,0.6542,0.044,0.0419,0.0419,0.0486,0.0419
us_iran_war_2026,RKLB,20,armed_conflict_instability,0.0344,0.0452,,0.6542,logistics_operations,0.0106,0.0381,0.0451,0.0337,0.6542,0.044,0.0419,0.0419,0.0486,0.0419
us_chip_export_oct2022,ADSK,45,technology_controls,-0.0253,0.0803,,0.71,innovation_ip,0.0137,0.0294,0.0366,0.0313,0.0298,0.71,0.0344,0.0344,0.0458,0.0344
us_chip_export_oct2023,ADSK,45,technology_controls,-0.0418,-0.0007,,0.71,innovation_ip,0.0137,0.0294,0.0366,0.0313,0.0298,0.71,0.0344,0.0344,0.0458,0.0344
eu_energy_crisis_peak,AU,15,resource_energy_disruptions,-0.0652,-0.0305,,0.5667,procurement_supply_chain,0.5667,0.058,0.0433,0.0534,0.0479,0.0517,0.0439,0.0439,0.0474,0.0439
opec_price_war_2014,AU,15,resource_energy_disruptions,-0.1253,0.0739,,0.5667,procurement_supply_chain,0.5667,0.058,0.0433,0.0534,0.0479,0.0517,0.0439,0.0439,0.0474,0.0439
us_tariffs_2025,AU,15,trade_policy_actions,-0.0314,0.0758,,0.5369,procurement_supply_chain,0.5369,0.0498,0.0539,0.052,0.0369,0.057,0.0514,0.0514,0.0592,0.0514
xinjiang_boycott_2021,AU,15,trade_policy_actions,0.0914,0.1128,,0.5369,procurement_supply_chain,0.5369,0.0498,0.0539,0.052,0.0369,0.057,0.0514,0.0514,0.0592,0.0514
eu_energy_crisis_peak,FNV,15,resource_energy_disruptions,-0.0423,-0.0628,,0.5667,procurement_supply_chain,0.5667,0.058,0.0433,0.0534,0.0479,0.0517,0.0439,0.0439,0.0474,0.0439
opec_price_war_2014,FNV,15,resource_energy_disruptions,-0.0684,-0.055,,0.5667,procurement_supply_chain,0.5667,0.058,0.0433,0.0534,0.0479,0.0517,0.0439,0.0439,0.0474,0.0439
us_tariffs_2025,FNV,15,trade_policy_actions,-0.0432,0.0129,,0.5369,procurement_supply_chain,0.5369,0.0498,0.0539,0.052,0.0369,0.057,0.0514,0.0514,0.0592,0.0514
xinjiang_boycott_2021,FNV,15,trade_policy_actions,0.0255,0.196,,0.5369,procurement_supply_chain,0.5369,0.0498,0.0539,0.052,0.0369,0.057,0.0514,0.0514,0.0592,0.0514
panama_mine_closure_2023,DHI,25,political_transitions_volatility,0.0379,0.2304,,0.6673,revenue_market_access,0.008,0.6673,0.0396,0.0371,0.0319,0.0472,0.0398,0.0398,0.0494,0.0398
covid_lockdown_start,ODFL,20,armed_conflict_instability,-0.0611,0.1771,,0.6542,logistics_operations,0.0106,0.0381,0.0451,0.0337,0.6542,0.044,0.0419,0.0419,0.0486,0.0419
india_pakistan_sindoor,ODFL,20,armed_conflict_instability,0.1032,0.0073,,0.6542,logistics_operations,0.0106,0.0381,0.0451,0.0337,0.6542,0.044,0.0419,0.0419,0.0486,0.0419
notpetya_2017,ODFL,20,armed_conflict_instability,0.0512,0.0452,,0.6542,logistics_operations,0.0106,0.0381,0.0451,0.0337,0.6542,0.044,0.0419,0.0419,0.0486,0.0419
red_sea_houthi_2023,ODFL,20,armed_conflict_instability,0.0507,-0.0052,,0.6542,logistics_operations,0.0106,0.0381,0.0451,0.0337,0.6542,0.044,0.0419,0.0419,0.0486,0.0419
russia_invasion_2022,ODFL,20,armed_conflict_instability,0.1022,-0.1032,,0.6542,logistics_operations,0.0106,0.0381,0.0451,0.0337,0.6542,0.044,0.0419,0.0419,0.0486,0.0419
suez_blockage_2021,ODFL,20,armed_conflict_instability,0.0387,0.1402,,0.6542,logistics_operations,0.0106,0.0381,0.0451,0.0337,0.6542,0.044,0.0419,0.0419,0.0486,0.0419
us_iran_war_2026,ODFL,20,armed_conflict_instability,-0.0274,0.0377,,0.6542,logistics_operations,0.0106,0.0381,0.0451,0.0337,0.6542,0.044,0.0419,0.0419,0.0486,0.0419
chile_lithium_nationalization,EBAY,25,political_transitions_volatility,0.0503,0.0292,,0.6673,revenue_market_access,0.008,0.6673,0.0396,0.0371,0.0319,0.0472,0.0398,0.0398,0.0494,0.0398
covid_lockdown_start,ROK,20,armed_conflict_instability,-0.1919,0.0644,,0.6542,logistics_operations,0.0106,0.0381,0.0451,0.0337,0.6542,0.044,0.0419,0.0419,0.0486,0.0419
india_pakistan_sindoor,ROK,20,armed_conflict_instability,0.0861,0.1398,,0.6542,logistics_operations,0.0106,0.0381,0.0451,0.0337,0.6542,0.044,0.0419,0.0419,0.0486,0.0419
notpetya_2017,ROK,20,armed_conflict_instability,0.0259,0.0393,,0.6542,logistics_operations,0.0106,0.0381,0.0451,0.0337,0.6542,0.044,0.0419,0.0419,0.0486,0.0419
suez_blockage_2021,ROK,20,armed_conflict_instability,0.0345,0.0302,,0.6542,logistics_operations,0.0106,0.0381,0.0451,0.0337,0.6542,0.044,0.0419,0.0419,0.0486,0.0419
us_iran_war_2026,ROK,20,armed_conflict_instability,-0.0783,-0.0054,,0.6542,logistics_operations,0.0106,0.0381,0.0451,0.0337,0.6542,0.044,0.0419,0.0419,0.0486,0.0419
covid_lockdown_start,WAB,20,armed_conflict_instability,-0.2691,-0.0732,,0.6542,logistics_operations,0.0106,0.0381,0.0451,0.0337,0.6542,0.044,0.0419,0.0419,0.0486,0.0419
india_pakistan_sindoor,WAB,20,armed_conflict_instability,0.0742,0.0555,,0.6542,logistics_operations,0.0106,0.0381,0.0451,0.0337,0.6542,0.044,0.0419,0.0419,0.0486,0.0419
notpetya_2017,WAB,20,armed_conflict_instability,0.0371,-0.1739,,0.6542,logistics_operations,0.0106,0.0381,0.0451,0.0337,0.6542,0.044,0.0419,0.0419,0.0486,0.0419
red_sea_houthi_2023,WAB,20,armed_conflict_instability,0.0371,0.0777,,0.6542,logistics_operations,0.0106,0.0381,0.0451,0.0337,0.6542,0.044,0.0419,0.0419,0.0486,0.0419
suez_blockage_2021,WAB,20,armed_conflict_instability,0.0772,0.0965,,0.6542,logistics_operations,0.0106,0.0381,0.0451,0.0337,0.6542,0.044,0.0419,0.0419,0.0486,0.0419
us_iran_war_2026,WAB,20,armed_conflict_instability,-0.0642,0.0164,,0.6542,logistics_operations,0.0106,0.0381,0.0451,0.0337,0.6542,0.044,0.0419,0.0419,0.0486,0.0419
chile_lithium_nationalization,ABEV,30,political_transitions_volatility,-0.0278,0.0069,,0.6673,revenue_market_access,0.008,0.6673,0.0396,0.0371,0.0319,0.0472,0.0398,0.0398,0.0494,0.0398
india_demonetization_2016,ABEV,30,political_transitions_volatility,-0.0883,-0.1449,,0.6673,revenue_market_access,0.008,0.6673,0.0396,0.0371,0.0319,0.0472,0.0398,0.0398,0.0494,0.0398
panama_mine_closure_2023,ABEV,30,political_transitions_volatility,0.0287,0.0455,,0.6673,revenue_market_access,0.008,0.6673,0.0396,0.0371,0.0319,0.0472,0.0398,0.0398,0.0494,0.0398
eu_energy_crisis_peak,MT,15,resource_energy_disruptions,-0.0339,-0.0944,,0.5667,procurement_supply_chain,0.5667,0.058,0.0433,0.0534,0.0479,0.0517,0.0439,0.0439,0.0474,0.0439
opec_price_war_2014,MT,15,resource_energy_disruptions,-0.0272,-0.2114,,0.5667,procurement_supply_chain,0.5667,0.058,0.0433,0.0534,0.0479,0.0517,0.0439,0.0439,0.0474,0.0439
us_tariffs_2025,MT,15,trade_policy_actions,-0.0722,0.0674,,0.5369,procurement_supply_chain,0.5369,0.0498,0.0539,0.052,0.0369,0.057,0.0514,0.0514,0.0592,0.0514
xinjiang_boycott_2021,MT,15,trade_policy_actions,0.1134,0.2344,,0.5369,procurement_supply_chain,0.5369,0.0498,0.0539,0.052,0.0369,0.057,0.0514,0.0514,0.0592,0.0514
us_chip_export_oct2022,CLS,45,technology_controls,-0.04,0.2458,,0.71,innovation_ip,0.0137,0.0294,0.0366,0.0313,0.0298,0.71,0.0344,0.0344,0.0458,0.0344
us_chip_export_oct2023,CLS,45,technology_controls,-0.0462,0.0004,,0.71,innovation_ip,0.0137,0.0294,0.0366,0.0313,0.0298,0.71,0.0344,0.0344,0.0458,0.0344
covid_lockdown_start,DAL,20,armed_conflict_instability,-0.4495,-0.4732,,0.6542,logistics_operations,0.0106,0.0381,0.0451,0.0337,0.6542,0.044,0.0419,0.0419,0.0486,0.0419
india_pakistan_sindoor,DAL,20,armed_conflict_instability,0.1198,0.045,,0.6542,logistics_operations,0.0106,0.0381,0.0451,0.0337,0.6542,0.044,0.0419,0.0419,0.0486,0.0419
israel_hamas_2023,DAL,20,armed_conflict_instability,-0.0671,-0.0108,,0.6542,logistics_operations,0.0106,0.0381,0.0451,0.0337,0.6542,0.044,0.0419,0.0419,0.0486,0.0419
notpetya_2017,DAL,20,armed_conflict_instability,0.0282,-0.06,,0.6542,logistics_operations,0.0106,0.0381,0.0451,0.0337,0.6542,0.044,0.0419,0.0419,0.0486,0.0419
red_sea_houthi_2023,DAL,20,armed_conflict_instability,-0.0286,-0.0756,,0.6542,logistics_operations,0.0106,0.0381,0.0451,0.0337,0.6542,0.044,0.0419,0.0419,0.0486,0.0419
russia_invasion_2022,DAL,20,armed_conflict_instability,-0.0935,-0.0793,,0.6542,logistics_operations,0.0106,0.0381,0.0451,0.0337,0.6542,0.044,0.0419,0.0419,0.0486,0.0419
suez_blockage_2021,DAL,20,armed_conflict_instability,0.0714,-0.0096,,0.6542,logistics_operations,0.0106,0.0381,0.0451,0.0337,0.6542,0.044,0.0419,0.0419,0.0486,0.0419
us_iran_war_2026,DAL,20,armed_conflict_instability,-0.0779,0.0913,,0.6542,logistics_operations,0.0106,0.0381,0.0451,0.0337,0.6542,0.044,0.0419,0.0419,0.0486,0.0419
iran_sanctions_2018,PYPL,40,sanctions_financial_restrictions,0.0273,0.1351,,0.6846,financial_treasury,0.0235,0.041,0.0366,0.0397,0.027,0.0386,0.0364,0.0364,0.6846,0.0364
us_chip_export_oct2022,STM,45,technology_controls,-0.0645,0.1708,,0.71,innovation_ip,0.0137,0.0294,0.0366,0.0313,0.0298,0.71,0.0344,0.0344,0.0458,0.0344
us_chip_export_oct2023,STM,45,technology_controls,-0.0708,0.0979,,0.71,innovation_ip,0.0137,0.0294,0.0366,0.0313,0.0298,0.71,0.0344,0.0344,0.0458,0.0344
india_demonetization_2016,DEO,30,political_transitions_volatility,-0.0437,-0.0159,,0.6673,revenue_market_access,0.008,0.6673,0.0396,0.0371,0.0319,0.0472,0.0398,0.0398,0.0494,0.0398
india_demonetization_2016,KR,30,political_transitions_volatility,0.1324,0.1437,,0.6673,revenue_market_access,0.008,0.6673,0.0396,0.0371,0.0319,0.0472,0.0398,0.0398,0.0494,0.0398
chile_lithium_nationalization,CCEP,30,political_transitions_volatility,0.0471,0.0425,,0.6673,revenue_market_access,0.008,0.6673,0.0396,0.0371,0.0319,0.0472,0.0398,0.0398,0.0494,0.0398
india_demonetization_2016,CCEP,30,political_transitions_volatility,-0.1002,-0.1701,,0.6673,revenue_market_access,0.008,0.6673,0.0396,0.0371,0.0319,0.0472,0.0398,0.0398,0.0494,0.0398
panama_mine_closure_2023,CCEP,30,political_transitions_volatility,0.0373,0.0918,,0.6673,revenue_market_access,0.008,0.6673,0.0396,0.0371,0.0319,0.0472,0.0398,0.0398,0.0494,0.0398
covid_lockdown_start,WCN,20,armed_conflict_instability,-0.1002,-0.0877,,0.6542,logistics_operations,0.0106,0.0381,0.0451,0.0337,0.6542,0.044,0.0419,0.0419,0.0486,0.0419
india_pakistan_sindoor,WCN,20,armed_conflict_instability,-0.061,-0.0639,,0.6542,logistics_operations,0.0106,0.0381,0.0451,0.0337,0.6542,0.044,0.0419,0.0419,0.0486,0.0419
russia_invasion_2022,WCN,20,armed_conflict_instability,0.0781,0.1895,,0.6542,logistics_operations,0.0106,0.0381,0.0451,0.0337,0.6542,0.044,0.0419,0.0419,0.0486,0.0419
suez_blockage_2021,WCN,20,armed_conflict_instability,0.0297,0.1785,,0.6542,logistics_operations,0.0106,0.0381,0.0451,0.0337,0.6542,0.044,0.0419,0.0419,0.0486,0.0419
us_chip_export_oct2022,XYZ,45,technology_controls,-0.1028,0.1465,,0.71,innovation_ip,0.0137,0.0294,0.0366,0.0313,0.0298,0.71,0.0344,0.0344,0.0458,0.0344
iran_sanctions_2018,BBD,40,sanctions_financial_restrictions,-0.0309,-0.2192,,0.6846,financial_treasury,0.0235,0.041,0.0366,0.0397,0.027,0.0386,0.0364,0.0364,0.6846,0.0364
iran_sanctions_2018,AMP,40,sanctions_financial_restrictions,0.0287,0.0941,,0.6846,financial_treasury,0.0235,0.041,0.0366,0.0397,0.027,0.0386,0.0364,0.0364,0.6846,0.0364
india_pakistan_sindoor,TYHOY,20,armed_conflict_instability,0.0669,-0.0138,,0.6542,logistics_operations,0.0106,0.0381,0.0451,0.0337,0.6542,0.044,0.0419,0.0419,0.0486,0.0419
us_iran_war_2026,TYHOY,20,armed_conflict_instability,-0.0922,-0.1263,,0.6542,logistics_operations,0.0106,0.0381,0.0451,0.0337,0.6542,0.044,0.0419,0.0419,0.0486,0.0419
chile_lithium_nationalization,JD,25,political_transitions_volatility,-0.0398,-0.021,,0.6673,revenue_market_access,0.008,0.6673,0.0396,0.0371,0.0319,0.0472,0.0398,0.0398,0.0494,0.0398
india_demonetization_2016,JD,25,political_transitions_volatility,0.0381,0.0173,,0.6673,revenue_market_access,0.008,0.6673,0.0396,0.0371,0.0319,0.0472,0.0398,0.0398,0.0494,0.0398
panama_mine_closure_2023,JD,25,political_transitions_volatility,-0.0724,-0.0984,,0.6673,revenue_market_access,0.008,0.6673,0.0396,0.0371,0.0319,0.0472,0.0398,0.0398,0.0494,0.0398
covid_lockdown_start,TRI,20,armed_conflict_instability,-0.1718,0.0215,,0.6542,logistics_operations,0.0106,0.0381,0.0451,0.0337,0.6542,0.044,0.0419,0.0419,0.0486,0.0419
red_sea_houthi_2023,TRI,20,armed_conflict_instability,0.0305,0.0704,,0.6542,logistics_operations,0.0106,0.0381,0.0451,0.0337,0.6542,0.044,0.0419,0.0419,0.0486,0.0419
russia_invasion_2022,TRI,20,armed_conflict_instability,0.0379,0.083,,0.6542,logistics_operations,0.0106,0.0381,0.0451,0.0337,0.6542,0.044,0.0419,0.0419,0.0486,0.0419
us_iran_war_2026,TRI,20,armed_conflict_instability,0.1567,-0.0874,,0.6542,logistics_operations,0.0106,0.0381,0.0451,0.0337,0.6542,0.044,0.0419,0.0419,0.0486,0.0419
covid_lockdown_start,ESLT,20,armed_conflict_instability,-0.0706,-0.0066,,0.6542,logistics_operations,0.0106,0.0381,0.0451,0.0337,0.6542,0.044,0.0419,0.0419,0.0486,0.0419
india_pakistan_sindoor,ESLT,20,armed_conflict_instability,-0.0881,0.0579,,0.6542,logistics_operations,0.0106,0.0381,0.0451,0.0337,0.6542,0.044,0.0419,0.0419,0.0486,0.0419
israel_hamas_2023,ESLT,20,armed_conflict_instability,-0.0621,-0.0271,,0.6542,logistics_operations,0.0106,0.0381,0.0451,0.0337,0.6542,0.044,0.0419,0.0419,0.0486,0.0419
red_sea_houthi_2023,ESLT,20,armed_conflict_instability,0.0544,0.0057,,0.6542,logistics_operations,0.0106,0.0381,0.0451,0.0337,0.6542,0.044,0.0419,0.0419,0.0486,0.0419
russia_invasion_2022,ESLT,20,armed_conflict_instability,0.1641,0.243,,0.6542,logistics_operations,0.0106,0.0381,0.0451,0.0337,0.6542,0.044,0.0419,0.0419,0.0486,0.0419
suez_blockage_2021,ESLT,20,armed_conflict_instability,0.0378,-0.0151,,0.6542,logistics_operations,0.0106,0.0381,0.0451,0.0337,0.6542,0.044,0.0419,0.0419,0.0486,0.0419
us_iran_war_2026,ESLT,20,armed_conflict_instability,0.1736,0.1986,,0.6542,logistics_operations,0.0106,0.0381,0.0451,0.0337,0.6542,0.044,0.0419,0.0419,0.0486,0.0419
eu_energy_crisis_peak,GFI,15,resource_energy_disruptions,-0.05,-0.0114,,0.5667,procurement_supply_chain,0.5667,0.058,0.0433,0.0534,0.0479,0.0517,0.0439,0.0439,0.0474,0.0439
opec_price_war_2014,GFI,15,resource_energy_disruptions,-0.0813,0.2242,,0.5667,procurement_supply_chain,0.5667,0.058,0.0433,0.0534,0.0479,0.0517,0.0439,0.0439,0.0474,0.0439
us_china_trade_war_start,GFI,15,trade_policy_actions,-0.0404,-0.3288,,0.5369,procurement_supply_chain,0.5369,0.0498,0.0539,0.052,0.0369,0.057,0.0514,0.0514,0.0592,0.0514
us_tariffs_2025,GFI,15,trade_policy_actions,-0.0519,-0.0853,,0.5369,procurement_supply_chain,0.5369,0.0498,0.0539,0.052,0.0369,0.057,0.0514,0.0514,0.0592,0.0514
xinjiang_boycott_2021,GFI,15,trade_policy_actions,0.0521,0.1042,,0.5369,procurement_supply_chain,0.5369,0.0498,0.0539,0.052,0.0369,0.057,0.0514,0.0514,0.0592,0.0514
india_demonetization_2016,FMX,30,political_transitions_volatility,-0.1596,-0.2153,,0.6673,revenue_market_access,0.008,0.6673,0.0396,0.0371,0.0319,0.0472,0.0398,0.0398,0.0494,0.0398
iran_sanctions_2018,SLF,40,sanctions_financial_restrictions,0.0522,0.0154,,0.6846,financial_treasury,0.0235,0.041,0.0366,0.0397,0.027,0.0386,0.0364,0.0364,0.6846,0.0364
covid_lockdown_start,EME,20,armed_conflict_instability,-0.2748,-0.068,,0.6542,logistics_operations,0.0106,0.0381,0.0451,0.0337,0.6542,0.044,0.0419,0.0419,0.0486,0.0419
india_pakistan_sindoor,EME,20,armed_conflict_instability,0.0747,0.1172,,0.6542,logistics_operations,0.0106,0.0381,0.0451,0.0337,0.6542,0.044,0.0419,0.0419,0.0486,0.0419
suez_blockage_2021,EME,20,armed_conflict_instability,0.0748,0.1661,,0.6542,logistics_operations,0.0106,0.0381,0.0451,0.0337,0.6542,0.044,0.0419,0.0419,0.0486,0.0419
chile_lithium_nationalization,KDP,30,political_transitions_volatility,-0.056,-0.1148,,0.6673,revenue_market_access,0.008,0.6673,0.0396,0.0371,0.0319,0.0472,0.0398,0.0398,0.0494,0.0398
india_demonetization_2016,KDP,30,political_transitions_volatility,-0.0597,0.026,,0.6673,revenue_market_access,0.008,0.6673,0.0396,0.0371,0.0319,0.0472,0.0398,0.0398,0.0494,0.0398
eu_energy_crisis_peak,KGC,15,resource_energy_disruptions,-0.0409,0.0731,,0.5667,procurement_supply_chain,0.5667,0.058,0.0433,0.0534,0.0479,0.0517,0.0439,0.0439,0.0474,0.0439
us_china_trade_war_start,KGC,15,trade_policy_actions,-0.0407,-0.2646,,0.5369,procurement_supply_chain,0.5369,0.0498,0.0539,0.052,0.0369,0.057,0.0514,0.0514,0.0592,0.0514
us_china_trade_war_start,VMC,15,trade_policy_actions,-0.0328,-0.1541,,0.5369,procurement_supply_chain,0.5369,0.0498,0.0539,0.052,0.0369,0.057,0.0514,0.0514,0.0592,0.0514
xinjiang_boycott_2021,VMC,15,trade_policy_actions,0.0511,0.191,,0.5369,procurement_supply_chain,0.5369,0.0498,0.0539,0.052,0.0369,0.057,0.0514,0.0514,0.0592,0.0514
iran_sanctions_2018,KB,40,sanctions_financial_restrictions,-0.0265,-0.0853,,0.6846,financial_treasury,0.0235,0.041,0.0366,0.0397,0.027,0.0386,0.0364,0.0364,0.6846,0.0364
us_chip_export_oct2023,ERIC,45,technology_controls,-0.0411,0.0844,,0.71,innovation_ip,0.0137,0.0294,0.0366,0.0313,0.0298,0.71,0.0344,0.0344,0.0458,0.0344
india_pakistan_sindoor,SYM,20,armed_conflict_instability,0.2467,0.5138,,0.6542,logistics_operations,0.0106,0.0381,0.0451,0.0337,0.6542,0.044,0.0419,0.0419,0.0486,0.0419
israel_hamas_2023,SYM,20,armed_conflict_instability,0.2504,0.0657,,0.6542,logistics_operations,0.0106,0.0381,0.0451,0.0337,0.6542,0.044,0.0419,0.0419,0.0486,0.0419
us_iran_war_2026,SYM,20,armed_conflict_instability,-0.0829,0.0325,,0.6542,logistics_operations,0.0106,0.0381,0.0451,0.0337,0.6542,0.044,0.0419,0.0419,0.0486,0.0419
chile_lithium_nationalization,CPNG,25,political_transitions_volatility,0.0425,0.0495,,0.6673,revenue_market_access,0.008,0.6673,0.0396,0.0371,0.0319,0.0472,0.0398,0.0398,0.0494,0.0398
panama_mine_closure_2023,CPNG,25,political_transitions_volatility,-0.0423,0.028,,0.6673,revenue_market_access,0.008,0.6673,0.0396,0.0371,0.0319,0.0472,0.0398,0.0398,0.0494,0.0398
covid_lockdown_start,HEI,20,armed_conflict_instability,-0.3153,-0.1397,,0.6542,logistics_operations,0.0106,0.0381,0.0451,0.0337,0.6542,0.044,0.0419,0.0419,0.0486,0.0419
israel_hamas_2023,HEI,20,armed_conflict_instability,0.0368,0.064,,0.6542,logistics_operations,0.0106,0.0381,0.0451,0.0337,0.6542,0.044,0.0419,0.0419,0.0486,0.0419
notpetya_2017,HEI,20,armed_conflict_instability,0.0481,0.1968,,0.6542,logistics_operations,0.0106,0.0381,0.0451,0.0337,0.6542,0.044,0.0419,0.0419,0.0486,0.0419
russia_invasion_2022,HEI,20,armed_conflict_instability,0.0448,0.092,,0.6542,logistics_operations,0.0106,0.0381,0.0451,0.0337,0.6542,0.044,0.0419,0.0419,0.0486,0.0419
us_iran_war_2026,HEI,20,armed_conflict_instability,-0.0287,-0.0609,,0.6542,logistics_operations,0.0106,0.0381,0.0451,0.0337,0.6542,0.044,0.0419,0.0419,0.0486,0.0419
us_chip_export_oct2023,ROP,45,technology_controls,-0.0348,0.0518,,0.71,innovation_ip,0.0137,0.0294,0.0366,0.0313,0.0298,0.71,0.0344,0.0344,0.0458,0.0344
eu_energy_crisis_peak,MLM,15,resource_energy_disruptions,-0.0298,-0.0914,,0.5667,procurement_supply_chain,0.5667,0.058,0.0433,0.0534,0.0479,0.0517,0.0439,0.0439,0.0474,0.0439
opec_price_war_2014,MLM,15,resource_energy_disruptions,-0.0601,-0.1336,,0.5667,procurement_supply_chain,0.5667,0.058,0.0433,0.0534,0.0479,0.0517,0.0439,0.0439,0.0474,0.0439
xinjiang_boycott_2021,MLM,15,trade_policy_actions,0.0421,0.1561,,0.5369,procurement_supply_chain,0.5369,0.0498,0.0539,0.052,0.0369,0.057,0.0514,0.0514,0.0592,0.0514
us_chip_export_oct2023,HPE,45,technology_controls,-0.0995,-0.0271,,0.71,innovation_ip,0.0137,0.0294,0.0366,0.0313,0.0298,0.71,0.0344,0.0344,0.0458,0.0344
india_demonetization_2016,QSR,25,political_transitions_volatility,-0.0431,0.0513,,0.6673,revenue_market_access,0.008,0.6673,0.0396,0.0371,0.0319,0.0472,0.0398,0.0398,0.0494,0.0398
panama_mine_closure_2023,QSR,25,political_transitions_volatility,0.0399,0.1217,,0.6673,revenue_market_access,0.008,0.6673,0.0396,0.0371,0.0319,0.0472,0.0398,0.0398,0.0494,0.0398
chile_lithium_nationalization,CCL,25,political_transitions_volatility,-0.0461,0.3055,,0.6673,revenue_market_access,0.008,0.6673,0.0396,0.0371,0.0319,0.0472,0.0398,0.0398,0.0494,0.0398
panama_mine_closure_2023,CCL,25,political_transitions_volatility,0.1278,0.1982,,0.6673,revenue_market_access,0.008,0.6673,0.0396,0.0371,0.0319,0.0472,0.0398,0.0398,0.0494,0.0398
chile_lithium_nationalization,CUK,25,political_transitions_volatility,-0.0554,0.2771,,0.6673,revenue_market_access,0.008,0.6673,0.0396,0.0371,0.0319,0.0472,0.0398,0.0398,0.0494,0.0398
panama_mine_closure_2023,CUK,25,political_transitions_volatility,0.1345,0.2055,,0.6673,revenue_market_access,0.008,0.6673,0.0396,0.0371,0.0319,0.0472,0.0398,0.0398,0.0494,0.0398
india_pakistan_sindoor,KBGGY,20,armed_conflict_instability,-0.0649,0.1913,,0.6542,logistics_operations,0.0106,0.0381,0.0451,0.0337,0.6542,0.044,0.0419,0.0419,0.0486,0.0419
us_iran_war_2026,KBGGY,20,armed_conflict_instability,0.0528,0.0339,,0.6542,logistics_operations,0.0106,0.0381,0.0451,0.0337,0.6542,0.044,0.0419,0.0419,0.0486,0.0419
us_chip_export_oct2023,JBL,45,technology_controls,-0.0942,-0.1609,,0.71,innovation_ip,0.0137,0.0294,0.0366,0.0313,0.0298,0.71,0.0344,0.0344,0.0458,0.0344
eu_energy_crisis_peak,NTR,15,resource_energy_disruptions,-0.0841,-0.1478,,0.5667,procurement_supply_chain,0.5667,0.058,0.0433,0.0534,0.0479,0.0517,0.0439,0.0439,0.0474,0.0439
us_tariffs_2025,NTR,15,trade_policy_actions,-0.0308,0.1504,,0.5369,procurement_supply_chain,0.5369,0.0498,0.0539,0.052,0.0369,0.057,0.0514,0.0514,0.0592,0.0514
chile_lithium_nationalization,TCOM,25,political_transitions_volatility,-0.0528,-0.0687,,0.6673,revenue_market_access,0.008,0.6673,0.0396,0.0371,0.0319,0.0472,0.0398,0.0398,0.0494,0.0398
india_demonetization_2016,TCOM,25,political_transitions_volatility,-0.0356,-0.0659,,0.6673,revenue_market_access,0.008,0.6673,0.0396,0.0371,0.0319,0.0472,0.0398,0.0398,0.0494,0.0398
panama_mine_closure_2023,TCOM,25,political_transitions_volatility,-0.0695,0.0607,,0.6673,revenue_market_access,0.008,0.6673,0.0396,0.0371,0.0319,0.0472,0.0398,0.0398,0.0494,0.0398
panama_mine_closure_2023,LVS,25,political_transitions_volatility,-0.0585,0.0439,,0.6673,revenue_market_access,0.008,0.6673,0.0396,0.0371,0.0319,0.0472,0.0398,0.0398,0.0494,0.0398
us_chip_export_oct2022,CRDO,45,technology_controls,-0.0318,0.3139,,0.71,innovation_ip,0.0137,0.0294,0.0366,0.0313,0.0298,0.71,0.0344,0.0344,0.0458,0.0344
us_chip_export_oct2023,CRDO,45,technology_controls,-0.0499,0.2565,,0.71,innovation_ip,0.0137,0.0294,0.0366,0.0313,0.0298,0.71,0.0344,0.0344,0.0458,0.0344
us_chip_export_oct2022,GFS,45,technology_controls,-0.0532,0.3293,,0.71,innovation_ip,0.0137,0.0294,0.0366,0.0313,0.0298,0.71,0.0344,0.0344,0.0458,0.0344
us_chip_export_oct2023,GFS,45,technology_controls,-0.037,-0.0271,,0.71,innovation_ip,0.0137,0.0294,0.0366,0.0313,0.0298,0.71,0.0344,0.0344,0.0458,0.0344
covid_lockdown_start,IR,20,armed_conflict_instability,-0.1818,0.1648,,0.6542,logistics_operations,0.0106,0.0381,0.0451,0.0337,0.6542,0.044,0.0419,0.0419,0.0486,0.0419
india_pakistan_sindoor,IR,20,armed_conflict_instability,0.0691,0.0327,,0.6542,logistics_operations,0.0106,0.0381,0.0451,0.0337,0.6542,0.044,0.0419,0.0419,0.0486,0.0419
suez_blockage_2021,IR,20,armed_conflict_instability,0.0615,0.0482,,0.6542,logistics_operations,0.0106,0.0381,0.0451,0.0337,0.6542,0.044,0.0419,0.0419,0.0486,0.0419
us_iran_war_2026,IR,20,armed_conflict_instability,-0.0793,-0.0616,,0.6542,logistics_operations,0.0106,0.0381,0.0451,0.0337,0.6542,0.044,0.0419,0.0419,0.0486,0.0419
iran_sanctions_2018,IX,40,sanctions_financial_restrictions,-0.0346,-0.1215,,0.6846,financial_treasury,0.0235,0.041,0.0366,0.0397,0.027,0.0386,0.0364,0.0364,0.6846,0.0364
covid_lockdown_start,CPRT,20,armed_conflict_instability,-0.1128,-0.091,,0.6542,logistics_operations,0.0106,0.0381,0.0451,0.0337,0.6542,0.044,0.0419,0.0419,0.0486,0.0419
israel_hamas_2023,CPRT,20,armed_conflict_instability,0.0404,0.1343,,0.6542,logistics_operations,0.0106,0.0381,0.0451,0.0337,0.6542,0.044,0.0419,0.0419,0.0486,0.0419
chile_lithium_nationalization,KMB,30,political_transitions_volatility,0.052,-0.0219,,0.6673,revenue_market_access,0.008,0.6673,0.0396,0.0371,0.0319,0.0472,0.0398,0.0398,0.0494,0.0398
india_demonetization_2016,GELHY,25,political_transitions_volatility,-0.0313,-0.0393,,0.6673,revenue_market_access,0.008,0.6673,0.0396,0.0371,0.0319,0.0472,0.0398,0.0398,0.0494,0.0398
panama_mine_closure_2023,GELHY,25,political_transitions_volatility,-0.1101,-0.1118,,0.6673,revenue_market_access,0.008,0.6673,0.0396,0.0371,0.0319,0.0472,0.0398,0.0398,0.0494,0.0398
us_tariffs_2025,VG,10,trade_policy_actions,-0.1235,-0.012,,0.5369,procurement_supply_chain,0.5369,0.0498,0.0539,0.052,0.0369,0.057,0.0514,0.0514,0.0592,0.0514
us_chip_export_oct2022,FLEX,45,technology_controls,-0.0485,0.141,,0.71,innovation_ip,0.0137,0.0294,0.0366,0.0313,0.0298,0.71,0.0344,0.0344,0.0458,0.0344
us_chip_export_oct2023,FLEX,45,technology_controls,-0.0813,-0.01,,0.71,innovation_ip,0.0137,0.0294,0.0366,0.0313,0.0298,0.71,0.0344,0.0344,0.0458,0.0344
opec_price_war_2014,TS,10,resource_energy_disruptions,-0.1188,-0.2555,,0.5667,procurement_supply_chain,0.5667,0.058,0.0433,0.0534,0.0479,0.0517,0.0439,0.0439,0.0474,0.0439
us_tariffs_2025,TS,10,trade_policy_actions,-0.1677,-0.1208,,0.5369,procurement_supply_chain,0.5369,0.0498,0.0539,0.052,0.0369,0.057,0.0514,0.0514,0.0592,0.0514
xinjiang_boycott_2021,TS,10,trade_policy_actions,0.0272,0.0593,,0.5369,procurement_supply_chain,0.5369,0.0498,0.0539,0.052,0.0369,0.057,0.0514,0.0514,0.0592,0.0514
covid_lockdown_start,AXON,20,armed_conflict_instability,-0.13,0.17,,0.6542,logistics_operations,0.0106,0.0381,0.0451,0.0337,0.6542,0.044,0.0419,0.0419,0.0486,0.0419
india_pakistan_sindoor,AXON,20,armed_conflict_instability,0.2105,0.2916,,0.6542,logistics_operations,0.0106,0.0381,0.0451,0.0337,0.6542,0.044,0.0419,0.0419,0.0486,0.0419
israel_hamas_2023,AXON,20,armed_conflict_instability,0.1019,0.1328,,0.6542,logistics_operations,0.0106,0.0381,0.0451,0.0337,0.6542,0.044,0.0419,0.0419,0.0486,0.0419
russia_invasion_2022,AXON,20,armed_conflict_instability,0.0768,0.0203,,0.6542,logistics_operations,0.0106,0.0381,0.0451,0.0337,0.6542,0.044,0.0419,0.0419,0.0486,0.0419
us_iran_war_2026,AXON,20,armed_conflict_instability,0.0307,-0.2978,,0.6542,logistics_operations,0.0106,0.0381,0.0451,0.0337,0.6542,0.044,0.0419,0.0419,0.0486,0.0419
iran_sanctions_2018,CBOE,40,sanctions_financial_restrictions,0.0561,0.0209,,0.6846,financial_treasury,0.0235,0.041,0.0366,0.0397,0.027,0.0386,0.0364,0.0364,0.6846,0.0364
covid_lockdown_start,DOV,20,armed_conflict_instability,-0.2689,-0.0789,,0.6542,logistics_operations,0.0106,0.0381,0.0451,0.0337,0.6542,0.044,0.0419,0.0419,0.0486,0.0419
india_pakistan_sindoor,DOV,20,armed_conflict_instability,0.0771,0.0229,,0.6542,logistics_operations,0.0106,0.0381,0.0451,0.0337,0.6542,0.044,0.0419,0.0419,0.0486,0.0419
notpetya_2017,DOV,20,armed_conflict_instability,0.0445,0.1112,,0.6542,logistics_operations,0.0106,0.0381,0.0451,0.0337,0.6542,0.044,0.0419,0.0419,0.0486,0.0419
suez_blockage_2021,DOV,20,armed_conflict_instability,0.0356,0.1289,,0.6542,logistics_operations,0.0106,0.0381,0.0451,0.0337,0.6542,0.044,0.0419,0.0419,0.0486,0.0419
us_iran_war_2026,DOV,20,armed_conflict_instability,-0.0643,-0.0311,,0.6542,logistics_operations,0.0106,0.0381,0.0451,0.0337,0.6542,0.044,0.0419,0.0419,0.0486,0.0419
india_demonetization_2016,EXPE,25,political_transitions_volatility,-0.0252,-0.0937,,0.6673,revenue_market_access,0.008,0.6673,0.0396,0.0371,0.0319,0.0472,0.0398,0.0398,0.0494,0.0398
russia_invasion_2022,OTIS,20,armed_conflict_instability,0.0338,0.0124,,0.6542,logistics_operations,0.0106,0.0381,0.0451,0.0337,0.6542,0.044,0.0419,0.0419,0.0486,0.0419
suez_blockage_2021,OTIS,20,armed_conflict_instability,0.0415,0.1658,,0.6542,logistics_operations,0.0106,0.0381,0.0451,0.0337,0.6542,0.044,0.0419,0.0419,0.0486,0.0419
us_iran_war_2026,OTIS,20,armed_conflict_instability,-0.0539,-0.1152,,0.6542,logistics_operations,0.0106,0.0381,0.0451,0.0337,0.6542,0.044,0.0419,0.0419,0.0486,0.0419
eu_energy_crisis_peak,CQP,10,resource_energy_disruptions,-0.0507,-0.0204,,0.5667,procurement_supply_chain,0.5667,0.058,0.0433,0.0534,0.0479,0.0517,0.0439,0.0439,0.0474,0.0439
opec_price_war_2014,CQP,10,resource_energy_disruptions,-0.0331,-0.0484,,0.5667,procurement_supply_chain,0.5667,0.058,0.0433,0.0534,0.0479,0.0517,0.0439,0.0439,0.0474,0.0439
us_tariffs_2025,CQP,10,trade_policy_actions,-0.1208,-0.0864,,0.5369,procurement_supply_chain,0.5369,0.0498,0.0539,0.052,0.0369,0.057,0.0514,0.0514,0.0592,0.0514
eu_energy_crisis_peak,TPL,10,resource_energy_disruptions,0.0293,0.0929,,0.5667,procurement_supply_chain,0.5667,0.058,0.0433,0.0534,0.0479,0.0517,0.0439,0.0439,0.0474,0.0439
opec_price_war_2014,TPL,10,resource_energy_disruptions,-0.0652,-0.2793,,0.5667,procurement_supply_chain,0.5667,0.058,0.0433,0.0534,0.0479,0.0517,0.0439,0.0439,0.0474,0.0439
us_china_trade_war_start,TPL,10,trade_policy_actions,0.0999,0.1024,,0.5369,procurement_supply_chain,0.5369,0.0498,0.0539,0.052,0.0369,0.057,0.0514,0.0514,0.0592,0.0514
us_tariffs_2025,TPL,10,trade_policy_actions,-0.0919,0.0184,,0.5369,procurement_supply_chain,0.5369,0.0498,0.0539,0.052,0.0369,0.057,0.0514,0.0514,0.0592,0.0514
xinjiang_boycott_2021,TPL,10,trade_policy_actions,0.0693,0.0817,,0.5369,procurement_supply_chain,0.5369,0.0498,0.0539,0.052,0.0369,0.057,0.0514,0.0514,0.0592,0.0514
iran_sanctions_2018,RJF,40,sanctions_financial_restrictions,0.0296,0.0601,,0.6846,financial_treasury,0.0235,0.041,0.0366,0.0397,0.027,0.0386,0.0364,0.0364,0.6846,0.0364
us_chip_export_oct2022,TDY,45,technology_controls,-0.0265,0.1969,,0.71,innovation_ip,0.0137,0.0294,0.0366,0.0313,0.0298,0.71,0.0344,0.0344,0.0458,0.0344
us_chip_export_oct2023,TDY,45,technology_controls,-0.0581,-0.0267,,0.71,innovation_ip,0.0137,0.0294,0.0366,0.0313,0.0298,0.71,0.0344,0.0344,0.0458,0.0344
covid_lockdown_start,MTZ,20,armed_conflict_instability,-0.3093,-0.0402,,0.6542,logistics_operations,0.0106,0.0381,0.0451,0.0337,0.6542,0.044,0.0419,0.0419,0.0486,0.0419
india_pakistan_sindoor,MTZ,20,armed_conflict_instability,0.0828,0.1268,,0.6542,logistics_operations,0.0106,0.0381,0.0451,0.0337,0.6542,0.044,0.0419,0.0419,0.0486,0.0419
israel_hamas_2023,MTZ,20,armed_conflict_instability,-0.0502,-0.2025,,0.6542,logistics_operations,0.0106,0.0381,0.0451,0.0337,0.6542,0.044,0.0419,0.0419,0.0486,0.0419
russia_invasion_2022,MTZ,20,armed_conflict_instability,-0.155,-0.1336,,0.6542,logistics_operations,0.0106,0.0381,0.0451,0.0337,0.6542,0.044,0.0419,0.0419,0.0486,0.0419
suez_blockage_2021,MTZ,20,armed_conflict_instability,0.0392,0.2349,,0.6542,logistics_operations,0.0106,0.0381,0.0451,0.0337,0.6542,0.044,0.0419,0.0419,0.0486,0.0419
eu_energy_crisis_peak,TECK,15,resource_energy_disruptions,-0.0998,-0.1077,,0.5667,procurement_supply_chain,0.5667,0.058,0.0433,0.0534,0.0479,0.0517,0.0439,0.0439,0.0474,0.0439
opec_price_war_2014,TECK,15,resource_energy_disruptions,-0.1333,-0.2468,,0.5667,procurement_supply_chain,0.5667,0.058,0.0433,0.0534,0.0479,0.0517,0.0439,0.0439,0.0474,0.0439
us_tariffs_2025,TECK,15,trade_policy_actions,-0.1117,-0.0295,,0.5369,procurement_supply_chain,0.5369,0.0498,0.0539,0.052,0.0369,0.057,0.0514,0.0514,0.0592,0.0514
xinjiang_boycott_2021,TECK,15,trade_policy_actions,0.0379,0.3339,,0.5369,procurement_supply_chain,0.5369,0.0498,0.0539,0.052,0.0369,0.057,0.0514,0.0514,0.0592,0.0514
covid_lockdown_start,RYAAY,20,armed_conflict_instability,-0.3124,-0.2133,,0.6542,logistics_operations,0.0106,0.0381,0.0451,0.0337,0.6542,0.044,0.0419,0.0419,0.0486,0.0419
israel_hamas_2023,RYAAY,20,armed_conflict_instability,-0.0485,0.1783,,0.6542,logistics_operations,0.0106,0.0381,0.0451,0.0337,0.6542,0.044,0.0419,0.0419,0.0486,0.0419
red_sea_houthi_2023,RYAAY,20,armed_conflict_instability,0.0328,0.0312,,0.6542,logistics_operations,0.0106,0.0381,0.0451,0.0337,0.6542,0.044,0.0419,0.0419,0.0486,0.0419
russia_invasion_2022,RYAAY,20,armed_conflict_instability,-0.1093,-0.1359,,0.6542,logistics_operations,0.0106,0.0381,0.0451,0.0337,0.6542,0.044,0.0419,0.0419,0.0486,0.0419
suez_blockage_2021,RYAAY,20,armed_conflict_instability,0.0437,0.0743,,0.6542,logistics_operations,0.0106,0.0381,0.0451,0.0337,0.6542,0.044,0.0419,0.0419,0.0486,0.0419
us_iran_war_2026,RYAAY,20,armed_conflict_instability,-0.0658,-0.0732,,0.6542,logistics_operations,0.0106,0.0381,0.0451,0.0337,0.6542,0.044,0.0419,0.0419,0.0486,0.0419
eu_energy_crisis_peak,EC,10,resource_energy_disruptions,-0.0565,-0.1094,,0.5667,procurement_supply_chain,0.5667,0.058,0.0433,0.0534,0.0479,0.0517,0.0439,0.0439,0.0474,0.0439
opec_price_war_2014,EC,10,resource_energy_disruptions,-0.2086,-0.3428,,0.5667,procurement_supply_chain,0.5667,0.058,0.0433,0.0534,0.0479,0.0517,0.0439,0.0439,0.0474,0.0439
us_tariffs_2025,EC,10,trade_policy_actions,-0.1177,-0.1128,,0.5369,procurement_supply_chain,0.5369,0.0498,0.0539,0.052,0.0369,0.057,0.0514,0.0514,0.0592,0.0514
covid_lockdown_start,HUBB,20,armed_conflict_instability,-0.2081,-0.0278,,0.6542,logistics_operations,0.0106,0.0381,0.0451,0.0337,0.6542,0.044,0.0419,0.0419,0.0486,0.0419
india_pakistan_sindoor,HUBB,20,armed_conflict_instability,0.0945,0.1269,,0.6542,logistics_operations,0.0106,0.0381,0.0451,0.0337,0.6542,0.044,0.0419,0.0419,0.0486,0.0419
russia_invasion_2022,HUBB,20,armed_conflict_instability,0.0322,0.053,,0.6542,logistics_operations,0.0106,0.0381,0.0451,0.0337,0.6542,0.044,0.0419,0.0419,0.0486,0.0419
suez_blockage_2021,HUBB,20,armed_conflict_instability,0.0536,0.1129,,0.6542,logistics_operations,0.0106,0.0381,0.0451,0.0337,0.6542,0.044,0.0419,0.0419,0.0486,0.0419
us_iran_war_2026,HUBB,20,armed_conflict_instability,-0.0467,0.0664,,0.6542,logistics_operations,0.0106,0.0381,0.0451,0.0337,0.6542,0.044,0.0419,0.0419,0.0486,0.0419
covid_lockdown_start,UAL,20,armed_conflict_instability,-0.5667,-0.4787,,0.6542,logistics_operations,0.0106,0.0381,0.0451,0.0337,0.6542,0.044,0.0419,0.0419,0.0486,0.0419
india_pakistan_sindoor,UAL,20,armed_conflict_instability,0.0483,-0.0143,,0.6542,logistics_operations,0.0106,0.0381,0.0451,0.0337,0.6542,0.044,0.0419,0.0419,0.0486,0.0419
israel_hamas_2023,UAL,20,armed_conflict_instability,-0.0548,-0.043,,0.6542,logistics_operations,0.0106,0.0381,0.0451,0.0337,0.6542,0.044,0.0419,0.0419,0.0486,0.0419
russia_invasion_2022,UAL,20,armed_conflict_instability,-0.0837,-0.0377,,0.6542,logistics_operations,0.0106,0.0381,0.0451,0.0337,0.6542,0.044,0.0419,0.0419,0.0486,0.0419
suez_blockage_2021,UAL,20,armed_conflict_instability,0.0708,-0.0201,,0.6542,logistics_operations,0.0106,0.0381,0.0451,0.0337,0.6542,0.044,0.0419,0.0419,0.0486,0.0419
us_iran_war_2026,UAL,20,armed_conflict_instability,-0.1108,-0.0856,,0.6542,logistics_operations,0.0106,0.0381,0.0451,0.0337,0.6542,0.044,0.0419,0.0419,0.0486,0.0419
covid_lockdown_start,XYL,20,armed_conflict_instability,-0.1058,-0.0715,,0.6542,logistics_operations,0.0106,0.0381,0.0451,0.0337,0.6542,0.044,0.0419,0.0419,0.0486,0.0419
india_pakistan_sindoor,XYL,20,armed_conflict_instability,0.036,0.0311,,0.6542,logistics_operations,0.0106,0.0381,0.0451,0.0337,0.6542,0.044,0.0419,0.0419,0.0486,0.0419
suez_blockage_2021,XYL,20,armed_conflict_instability,0.0446,0.1689,,0.6542,logistics_operations,0.0106,0.0381,0.0451,0.0337,0.6542,0.044,0.0419,0.0419,0.0486,0.0419
us_iran_war_2026,XYL,20,armed_conflict_instability,-0.0466,0.0008,,0.6542,logistics_operations,0.0106,0.0381,0.0451,0.0337,0.6542,0.044,0.0419,0.0419,0.0486,0.0419
us_chip_export_oct2022,WDAY,45,technology_controls,-0.0869,-0.0402,,0.71,innovation_ip,0.0137,0.0294,0.0366,0.0313,0.0298,0.71,0.0344,0.0344,0.0458,0.0344
us_chip_export_oct2023,WDAY,45,technology_controls,-0.0261,0.2083,,0.71,innovation_ip,0.0137,0.0294,0.0366,0.0313,0.0298,0.71,0.0344,0.0344,0.0458,0.0344
india_demonetization_2016,CASY,25,political_transitions_volatility,0.047,0.0787,,0.6673,revenue_market_access,0.008,0.6673,0.0396,0.0371,0.0319,0.0472,0.0398,0.0398,0.0494,0.0398
eu_energy_crisis_peak,FTI,10,resource_energy_disruptions,-0.0291,0.0723,,0.5667,procurement_supply_chain,0.5667,0.058,0.0433,0.0534,0.0479,0.0517,0.0439,0.0439,0.0474,0.0439
opec_price_war_2014,FTI,10,resource_energy_disruptions,-0.0991,-0.2242,,0.5667,procurement_supply_chain,0.5667,0.058,0.0433,0.0534,0.0479,0.0517,0.0439,0.0439,0.0474,0.0439
us_tariffs_2025,FTI,10,trade_policy_actions,-0.1974,-0.0328,,0.5369,procurement_supply_chain,0.5369,0.0498,0.0539,0.052,0.0369,0.057,0.0514,0.0514,0.0592,0.0514
india_demonetization_2016,STZ,30,political_transitions_volatility,-0.0848,-0.0891,,0.6673,revenue_market_access,0.008,0.6673,0.0396,0.0371,0.0319,0.0472,0.0398,0.0398,0.0494,0.0398
eu_energy_crisis_peak,DOW,15,resource_energy_disruptions,-0.0826,-0.165,,0.5667,procurement_supply_chain,0.5667,0.058,0.0433,0.0534,0.0479,0.0517,0.0439,0.0439,0.0474,0.0439
us_tariffs_2025,DOW,15,trade_policy_actions,-0.1442,-0.143,,0.5369,procurement_supply_chain,0.5369,0.0498,0.0539,0.052,0.0369,0.057,0.0514,0.0514,0.0592,0.0514
xinjiang_boycott_2021,DOW,15,trade_policy_actions,0.0306,0.1128,,0.5369,procurement_supply_chain,0.5369,0.0498,0.0539,0.052,0.0369,0.057,0.0514,0.0514,0.0592,0.0514
chile_lithium_nationalization,ROL,25,political_transitions_volatility,0.0426,0.0215,,0.6673,revenue_market_access,0.008,0.6673,0.0396,0.0371,0.0319,0.0472,0.0398,0.0398,0.0494,0.0398
panama_mine_closure_2023,ROL,25,political_transitions_volatility,0.0255,0.0971,,0.6673,revenue_market_access,0.008,0.6673,0.0396,0.0371,0.0319,0.0472,0.0398,0.0398,0.0494,0.0398
covid_lockdown_start,CW,20,armed_conflict_instability,-0.2237,-0.1029,,0.6542,logistics_operations,0.0106,0.0381,0.0451,0.0337,0.6542,0.044,0.0419,0.0419,0.0486,0.0419
india_pakistan_sindoor,CW,20,armed_conflict_instability,0.1098,0.2901,,0.6542,logistics_operations,0.0106,0.0381,0.0451,0.0337,0.6542,0.044,0.0419,0.0419,0.0486,0.0419
israel_hamas_2023,CW,20,armed_conflict_instability,0.0624,0.0914,,0.6542,logistics_operations,0.0106,0.0381,0.0451,0.0337,0.6542,0.044,0.0419,0.0419,0.0486,0.0419
notpetya_2017,CW,20,armed_conflict_instability,0.032,0.0842,,0.6542,logistics_operations,0.0106,0.0381,0.0451,0.0337,0.6542,0.044,0.0419,0.0419,0.0486,0.0419
russia_invasion_2022,CW,20,armed_conflict_instability,0.1379,0.1041,,0.6542,logistics_operations,0.0106,0.0381,0.0451,0.0337,0.6542,0.044,0.0419,0.0419,0.0486,0.0419
suez_blockage_2021,CW,20,armed_conflict_instability,0.0516,0.1217,,0.6542,logistics_operations,0.0106,0.0381,0.0451,0.0337,0.6542,0.044,0.0419,0.0419,0.0486,0.0419
iran_sanctions_2018,SYF,40,sanctions_financial_restrictions,0.0342,0.0432,,0.6846,financial_treasury,0.0235,0.041,0.0366,0.0397,0.027,0.0386,0.0364,0.0364,0.6846,0.0364
us_chip_export_oct2022,ZM,45,technology_controls,-0.0561,0.0659,,0.71,innovation_ip,0.0137,0.0294,0.0366,0.0313,0.0298,0.71,0.0344,0.0344,0.0458,0.0344
us_chip_export_oct2023,ZM,45,technology_controls,-0.0266,0.0644,,0.71,innovation_ip,0.0137,0.0294,0.0366,0.0313,0.0298,0.71,0.0344,0.0344,0.0458,0.0344
us_chip_export_oct2023,CTSH,45,technology_controls,-0.0301,0.0483,,0.71,innovation_ip,0.0137,0.0294,0.0366,0.0313,0.0298,0.71,0.0344,0.0344,0.0458,0.0344
india_demonetization_2016,KHC,30,political_transitions_volatility,-0.0815,-0.0125,,0.6673,revenue_market_access,0.008,0.6673,0.0396,0.0371,0.0319,0.0472,0.0398,0.0398,0.0494,0.0398
panama_mine_closure_2023,KHC,30,political_transitions_volatility,0.0323,0.0824,,0.6673,revenue_market_access,0.008,0.6673,0.0396,0.0371,0.0319,0.0472,0.0398,0.0398,0.0494,0.0398
us_chip_export_oct2023,VRSN,45,technology_controls,-0.0345,-0.012,,0.71,innovation_ip,0.0137,0.0294,0.0366,0.0313,0.0298,0.71,0.0344,0.0344,0.0458,0.0344
eu_energy_crisis_peak,PBA,10,resource_energy_disruptions,-0.044,-0.1608,,0.5667,procurement_supply_chain,0.5667,0.058,0.0433,0.0534,0.0479,0.0517,0.0439,0.0439,0.0474,0.0439
opec_price_war_2014,PBA,10,resource_energy_disruptions,-0.0669,-0.1656,,0.5667,procurement_supply_chain,0.5667,0.058,0.0433,0.0534,0.0479,0.0517,0.0439,0.0439,0.0474,0.0439
us_tariffs_2025,PBA,10,trade_policy_actions,-0.1179,-0.08,,0.5369,procurement_supply_chain,0.5369,0.0498,0.0539,0.052,0.0369,0.057,0.0514,0.0514,0.0592,0.0514
chile_lithium_nationalization,PHM,25,political_transitions_volatility,0.0551,0.1046,,0.6673,revenue_market_access,0.008,0.6673,0.0396,0.0371,0.0319,0.0472,0.0398,0.0398,0.0494,0.0398
panama_mine_closure_2023,PHM,25,political_transitions_volatility,0.038,0.2105,,0.6673,revenue_market_access,0.008,0.6673,0.0396,0.0371,0.0319,0.0472,0.0398,0.0398,0.0494,0.0398
us_chip_export_oct2022,FN,45,technology_controls,-0.0702,0.24,,0.71,innovation_ip,0.0137,0.0294,0.0366,0.0313,0.0298,0.71,0.0344,0.0344,0.0458,0.0344
us_chip_export_oct2023,FN,45,technology_controls,-0.0568,-0.0664,,0.71,innovation_ip,0.0137,0.0294,0.0366,0.0313,0.0298,0.71,0.0344,0.0344,0.0458,0.0344
india_demonetization_2016,ULTA,25,political_transitions_volatility,0.0509,0.1303,,0.6673,revenue_market_access,0.008,0.6673,0.0396,0.0371,0.0319,0.0472,0.0398,0.0398,0.0494,0.0398
panama_mine_closure_2023,ULTA,25,political_transitions_volatility,0.1518,0.1552,,0.6673,revenue_market_access,0.008,0.6673,0.0396,0.0371,0.0319,0.0472,0.0398,0.0398,0.0494,0.0398
opec_price_war_2014,PPG,15,resource_energy_disruptions,0.0272,0.0463,,0.5667,procurement_supply_chain,0.5667,0.058,0.0433,0.0534,0.0479,0.0517,0.0439,0.0439,0.0474,0.0439
us_tariffs_2025,PPG,15,trade_policy_actions,-0.0636,0.0332,,0.5369,procurement_supply_chain,0.5369,0.0498,0.0539,0.052,0.0369,0.057,0.0514,0.0514,0.0592,0.0514
covid_lockdown_start,FTAI,20,armed_conflict_instability,-0.5379,-0.1581,,0.6542,logistics_operations,0.0106,0.0381,0.0451,0.0337,0.6542,0.044,0.0419,0.0419,0.0486,0.0419
india_pakistan_sindoor,FTAI,20,armed_conflict_instability,0.0758,0.1764,,0.6542,logistics_operations,0.0106,0.0381,0.0451,0.0337,0.6542,0.044,0.0419,0.0419,0.0486,0.0419
red_sea_houthi_2023,FTAI,20,armed_conflict_instability,0.0607,0.2178,,0.6542,logistics_operations,0.0106,0.0381,0.0451,0.0337,0.6542,0.044,0.0419,0.0419,0.0486,0.0419
russia_invasion_2022,FTAI,20,armed_conflict_instability,-0.0963,-0.0202,,0.6542,logistics_operations,0.0106,0.0381,0.0451,0.0337,0.6542,0.044,0.0419,0.0419,0.0486,0.0419
suez_blockage_2021,FTAI,20,armed_conflict_instability,0.0359,0.0241,,0.6542,logistics_operations,0.0106,0.0381,0.0451,0.0337,0.6542,0.044,0.0419,0.0419,0.0486,0.0419
us_iran_war_2026,FTAI,20,armed_conflict_instability,-0.0963,-0.1173,,0.6542,logistics_operations,0.0106,0.0381,0.0451,0.0337,0.6542,0.044,0.0419,0.0419,0.0486,0.0419
india_demonetization_2016,STLA,25,political_transitions_volatility,0.0606,0.2764,,0.6673,revenue_market_access,0.008,0.6673,0.0396,0.0371,0.0319,0.0472,0.0398,0.0398,0.0494,0.0398
panama_mine_closure_2023,STLA,25,political_transitions_volatility,0.0716,0.1092,,0.6673,revenue_market_access,0.008,0.6673,0.0396,0.0371,0.0319,0.0472,0.0398,0.0398,0.0494,0.0398
us_chip_export_oct2022,TSEM,45,technology_controls,-0.0391,-0.0355,,0.71,innovation_ip,0.0137,0.0294,0.0366,0.0313,0.0298,0.71,0.0344,0.0344,0.0458,0.0344
us_chip_export_oct2023,TSEM,45,technology_controls,0.0619,0.2675,,0.71,innovation_ip,0.0137,0.0294,0.0366,0.0313,0.0298,0.71,0.0344,0.0344,0.0458,0.0344
us_chip_export_oct2023,FIS,45,technology_controls,-0.058,0.0852,,0.71,innovation_ip,0.0137,0.0294,0.0366,0.0313,0.0298,0.71,0.0344,0.0344,0.0458,0.0344
eu_energy_crisis_peak,PAAS,15,resource_energy_disruptions,-0.0598,0.0107,,0.5667,procurement_supply_chain,0.5667,0.058,0.0433,0.0534,0.0479,0.0517,0.0439,0.0439,0.0474,0.0439
opec_price_war_2014,PAAS,15,resource_energy_disruptions,-0.0428,0.0117,,0.5667,procurement_supply_chain,0.5667,0.058,0.0433,0.0534,0.0479,0.0517,0.0439,0.0439,0.0474,0.0439
us_china_trade_war_start,PAAS,15,trade_policy_actions,-0.0684,-0.1259,,0.5369,procurement_supply_chain,0.5369,0.0498,0.0539,0.052,0.0369,0.057,0.0514,0.0514,0.0592,0.0514
us_tariffs_2025,PAAS,15,trade_policy_actions,-0.0601,-0.1201,,0.5369,procurement_supply_chain,0.5369,0.0498,0.0539,0.052,0.0369,0.057,0.0514,0.0514,0.0592,0.0514
us_chip_export_oct2023,FICO,45,technology_controls,-0.0612,0.1708,,0.71,innovation_ip,0.0137,0.0294,0.0366,0.0313,0.0298,0.71,0.0344,0.0344,0.0458,0.0344
covid_lockdown_start,VRSK,20,armed_conflict_instability,-0.1077,-0.0245,,0.6542,logistics_operations,0.0106,0.0381,0.0451,0.0337,0.6542,0.044,0.0419,0.0419,0.0486,0.0419
india_pakistan_sindoor,VRSK,20,armed_conflict_instability,-0.0278,-0.0111,,0.6542,logistics_operations,0.0106,0.0381,0.0451,0.0337,0.6542,0.044,0.0419,0.0419,0.0486,0.0419
panama_mine_closure_2023,LEN,25,political_transitions_volatility,0.0463,0.2312,,0.6673,revenue_market_access,0.008,0.6673,0.0396,0.0371,0.0319,0.0472,0.0398,0.0398,0.0494,0.0398
india_demonetization_2016,DRI,25,political_transitions_volatility,0.1137,0.1544,,0.6673,revenue_market_access,0.008,0.6673,0.0396,0.0371,0.0319,0.0472,0.0398,0.0398,0.0494,0.0398
panama_mine_closure_2023,DRI,25,political_transitions_volatility,0.0297,0.0376,,0.6673,revenue_market_access,0.008,0.6673,0.0396,0.0371,0.0319,0.0472,0.0398,0.0398,0.0494,0.0398
eu_energy_crisis_peak,EXE,10,resource_energy_disruptions,-0.0378,-0.0582,,0.5667,procurement_supply_chain,0.5667,0.058,0.0433,0.0534,0.0479,0.0517,0.0439,0.0439,0.0474,0.0439
us_tariffs_2025,EXE,10,trade_policy_actions,-0.0884,0.007,,0.5369,procurement_supply_chain,0.5369,0.0498,0.0539,0.052,0.0369,0.057,0.0514,0.0514,0.0592,0.0514
xinjiang_boycott_2021,EXE,10,trade_policy_actions,0.043,0.1421,,0.5369,procurement_supply_chain,0.5369,0.0498,0.0539,0.052,0.0369,0.057,0.0514,0.0514,0.0592,0.0514
us_chip_export_oct2022,P,45,technology_controls,-0.0694,0.0881,,0.71,innovation_ip,0.0137,0.0294,0.0366,0.0313,0.0298,0.71,0.0344,0.0344,0.0458,0.0344
us_chip_export_oct2023,P,45,technology_controls,-0.0423,0.0694,,0.71,innovation_ip,0.0137,0.0294,0.0366,0.0313,0.0298,0.71,0.0344,0.0344,0.0458,0.0344
covid_lockdown_start,NVT,20,armed_conflict_instability,-0.3454,-0.0886,,0.6542,logistics_operations,0.0106,0.0381,0.0451,0.0337,0.6542,0.044,0.0419,0.0419,0.0486,0.0419
india_pakistan_sindoor,NVT,20,armed_conflict_instability,0.1357,0.1683,,0.6542,logistics_operations,0.0106,0.0381,0.0451,0.0337,0.6542,0.044,0.0419,0.0419,0.0486,0.0419
israel_hamas_2023,NVT,20,armed_conflict_instability,-0.0319,0.0103,,0.6542,logistics_operations,0.0106,0.0381,0.0451,0.0337,0.6542,0.044,0.0419,0.0419,0.0486,0.0419
russia_invasion_2022,NVT,20,armed_conflict_instability,0.0463,0.0381,,0.6542,logistics_operations,0.0106,0.0381,0.0451,0.0337,0.6542,0.044,0.0419,0.0419,0.0486,0.0419
suez_blockage_2021,NVT,20,armed_conflict_instability,0.028,0.1585,,0.6542,logistics_operations,0.0106,0.0381,0.0451,0.0337,0.6542,0.044,0.0419,0.0419,0.0486,0.0419
us_iran_war_2026,NVT,20,armed_conflict_instability,-0.0864,0.1362,,0.6542,logistics_operations,0.0106,0.0381,0.0451,0.0337,0.6542,0.044,0.0419,0.0419,0.0486,0.0419
us_chip_export_oct2023,ASTS,45,technology_controls,-0.1355,0.512,,0.71,innovation_ip,0.0137,0.0294,0.0366,0.0313,0.0298,0.71,0.0344,0.0344,0.0458,0.0344
india_demonetization_2016,WSM,25,political_transitions_volatility,0.0937,0.1352,,0.6673,revenue_market_access,0.008,0.6673,0.0396,0.0371,0.0319,0.0472,0.0398,0.0398,0.0494,0.0398
panama_mine_closure_2023,WSM,25,political_transitions_volatility,0.061,0.0996,,0.6673,revenue_market_access,0.008,0.6673,0.0396,0.0371,0.0319,0.0472,0.0398,0.0398,0.0494,0.0398
eu_energy_crisis_peak,LYB,15,resource_energy_disruptions,-0.0701,-0.0962,,0.5667,procurement_supply_chain,0.5667,0.058,0.0433,0.0534,0.0479,0.0517,0.0439,0.0439,0.0474,0.0439
opec_price_war_2014,LYB,15,resource_energy_disruptions,-0.0979,-0.159,,0.5667,procurement_supply_chain,0.5667,0.058,0.0433,0.0534,0.0479,0.0517,0.0439,0.0439,0.0474,0.0439
us_tariffs_2025,LYB,15,trade_policy_actions,-0.1531,-0.1731,,0.5369,procurement_supply_chain,0.5369,0.0498,0.0539,0.052,0.0369,0.057,0.0514,0.0514,0.0592,0.0514
covid_lockdown_start,AER,20,armed_conflict_instability,-0.6216,-0.4426,,0.6542,logistics_operations,0.0106,0.0381,0.0451,0.0337,0.6542,0.044,0.0419,0.0419,0.0486,0.0419
india_pakistan_sindoor,AER,20,armed_conflict_instability,0.0468,0.0712,,0.6542,logistics_operations,0.0106,0.0381,0.0451,0.0337,0.6542,0.044,0.0419,0.0419,0.0486,0.0419
notpetya_2017,AER,20,armed_conflict_instability,0.0344,0.0952,,0.6542,logistics_operations,0.0106,0.0381,0.0451,0.0337,0.6542,0.044,0.0419,0.0419,0.0486,0.0419
russia_invasion_2022,AER,20,armed_conflict_instability,-0.1589,-0.2022,,0.6542,logistics_operations,0.0106,0.0381,0.0451,0.0337,0.6542,0.044,0.0419,0.0419,0.0486,0.0419
suez_blockage_2021,AER,20,armed_conflict_instability,0.0504,0.0631,,0.6542,logistics_operations,0.0106,0.0381,0.0451,0.0337,0.6542,0.044,0.0419,0.0419,0.0486,0.0419
us_iran_war_2026,AER,20,armed_conflict_instability,-0.0676,-0.0031,,0.6542,logistics_operations,0.0106,0.0381,0.0451,0.0337,0.6542,0.044,0.0419,0.0419,0.0486,0.0419
chile_lithium_nationalization,CHD,30,political_transitions_volatility,0.0782,0.0425,,0.6673,revenue_market_access,0.008,0.6673,0.0396,0.0371,0.0319,0.0472,0.0398,0.0398,0.0494,0.0398
us_chip_export_oct2022,WIT,45,technology_controls,-0.0613,0.0381,,0.71,innovation_ip,0.0137,0.0294,0.0366,0.0313,0.0298,0.71,0.0344,0.0344,0.0458,0.0344
us_chip_export_oct2023,WIT,45,technology_controls,-0.0676,-0.0184,,0.71,innovation_ip,0.0137,0.0294,0.0366,0.0313,0.0298,0.71,0.0344,0.0344,0.0458,0.0344
covid_lockdown_start,WWD,20,armed_conflict_instability,-0.3452,-0.359,,0.6542,logistics_operations,0.0106,0.0381,0.0451,0.0337,0.6542,0.044,0.0419,0.0419,0.0486,0.0419
india_pakistan_sindoor,WWD,20,armed_conflict_instability,0.0611,0.2266,,0.6542,logistics_operations,0.0106,0.0381,0.0451,0.0337,0.6542,0.044,0.0419,0.0419,0.0486,0.0419
israel_hamas_2023,WWD,20,armed_conflict_instability,0.0342,0.0425,,0.6542,logistics_operations,0.0106,0.0381,0.0451,0.0337,0.6542,0.044,0.0419,0.0419,0.0486,0.0419
india_pakistan_sindoor,VLTO,20,armed_conflict_instability,0.0351,0.0067,,0.6542,logistics_operations,0.0106,0.0381,0.0451,0.0337,0.6542,0.044,0.0419,0.0419,0.0486,0.0419
israel_hamas_2023,VLTO,20,armed_conflict_instability,-0.0483,-0.0926,,0.6542,logistics_operations,0.0106,0.0381,0.0451,0.0337,0.6542,0.044,0.0419,0.0419,0.0486,0.0419
red_sea_houthi_2023,VLTO,20,armed_conflict_instability,0.0354,-0.0263,,0.6542,logistics_operations,0.0106,0.0381,0.0451,0.0337,0.6542,0.044,0.0419,0.0419,0.0486,0.0419
us_iran_war_2026,VLTO,20,armed_conflict_instability,-0.0346,-0.0503,,0.6542,logistics_operations,0.0106,0.0381,0.0451,0.0337,0.6542,0.044,0.0419,0.0419,0.0486,0.0419
iran_sanctions_2018,TROW,40,sanctions_financial_restrictions,0.026,0.0961,,0.6846,financial_treasury,0.0235,0.041,0.0366,0.0397,0.027,0.0386,0.0364,0.0364,0.6846,0.0364
us_chip_export_oct2022,NTAP,45,technology_controls,-0.0555,0.1156,,0.71,innovation_ip,0.0137,0.0294,0.0366,0.0313,0.0298,0.71,0.0344,0.0344,0.0458,0.0344
us_chip_export_oct2023,NTAP,45,technology_controls,-0.04,0.1641,,0.71,innovation_ip,0.0137,0.0294,0.0366,0.0313,0.0298,0.71,0.0344,0.0344,0.0458,0.0344
us_chip_export_oct2022,TWLO,45,technology_controls,-0.1766,-0.3591,,0.71,innovation_ip,0.0137,0.0294,0.0366,0.0313,0.0298,0.71,0.0344,0.0344,0.0458,0.0344
us_chip_export_oct2023,TWLO,45,technology_controls,-0.0776,0.1376,,0.71,innovation_ip,0.0137,0.0294,0.0366,0.0313,0.0298,0.71,0.0344,0.0344,0.0458,0.0344
chile_lithium_nationalization,IHG,25,political_transitions_volatility,-0.0255,-0.0214,,0.6673,revenue_market_access,0.008,0.6673,0.0396,0.0371,0.0319,0.0472,0.0398,0.0398,0.0494,0.0398
panama_mine_closure_2023,IHG,25,political_transitions_volatility,0.0317,0.1805,,0.6673,revenue_market_access,0.008,0.6673,0.0396,0.0371,0.0319,0.0472,0.0398,0.0398,0.0494,0.0398
india_demonetization_2016,KOF,30,political_transitions_volatility,-0.1609,-0.1839,,0.6673,revenue_market_access,0.008,0.6673,0.0396,0.0371,0.0319,0.0472,0.0398,0.0398,0.0494,0.0398
panama_mine_closure_2023,KOF,30,political_transitions_volatility,0.0255,0.0546,,0.6673,revenue_market_access,0.008,0.6673,0.0396,0.0371,0.0319,0.0472,0.0398,0.0398,0.0494,0.0398
eu_energy_crisis_peak,RGLD,15,resource_energy_disruptions,-0.0604,-0.0221,,0.5667,procurement_supply_chain,0.5667,0.058,0.0433,0.0534,0.0479,0.0517,0.0439,0.0439,0.0474,0.0439
opec_price_war_2014,RGLD,15,resource_energy_disruptions,-0.0446,-0.0102,,0.5667,procurement_supply_chain,0.5667,0.058,0.0433,0.0534,0.0479,0.0517,0.0439,0.0439,0.0474,0.0439
xinjiang_boycott_2021,RGLD,15,trade_policy_actions,0.041,0.1565,,0.5369,procurement_supply_chain,0.5369,0.0498,0.0539,0.052,0.0369,0.057,0.0514,0.0514,0.0592,0.0514
panama_mine_closure_2023,SW,25,political_transitions_volatility,0.1174,0.1025,,0.6673,revenue_market_access,0.008,0.6673,0.0396,0.0371,0.0319,0.0472,0.0398,0.0398,0.0494,0.0398
covid_lockdown_start,CRS,20,armed_conflict_instability,-0.4051,-0.3328,,0.6542,logistics_operations,0.0106,0.0381,0.0451,0.0337,0.6542,0.044,0.0419,0.0419,0.0486,0.0419
india_pakistan_sindoor,CRS,20,armed_conflict_instability,0.1001,0.2136,,0.6542,logistics_operations,0.0106,0.0381,0.0451,0.0337,0.6542,0.044,0.0419,0.0419,0.0486,0.0419
israel_hamas_2023,CRS,20,armed_conflict_instability,-0.031,0.0211,,0.6542,logistics_operations,0.0106,0.0381,0.0451,0.0337,0.6542,0.044,0.0419,0.0419,0.0486,0.0419
notpetya_2017,CRS,20,armed_conflict_instability,0.0371,0.0789,,0.6542,logistics_operations,0.0106,0.0381,0.0451,0.0337,0.6542,0.044,0.0419,0.0419,0.0486,0.0419
red_sea_houthi_2023,CRS,20,armed_conflict_instability,0.0741,-0.0715,,0.6542,logistics_operations,0.0106,0.0381,0.0451,0.0337,0.6542,0.044,0.0419,0.0419,0.0486,0.0419
russia_invasion_2022,CRS,20,armed_conflict_instability,0.0501,0.1089,,0.6542,logistics_operations,0.0106,0.0381,0.0451,0.0337,0.6542,0.044,0.0419,0.0419,0.0486,0.0419
suez_blockage_2021,CRS,20,armed_conflict_instability,0.0885,0.0677,,0.6542,logistics_operations,0.0106,0.0381,0.0451,0.0337,0.6542,0.044,0.0419,0.0419,0.0486,0.0419
covid_lockdown_start,EFX,20,armed_conflict_instability,-0.1469,-0.0973,,0.6542,logistics_operations,0.0106,0.0381,0.0451,0.0337,0.6542,0.044,0.0419,0.0419,0.0486,0.0419
russia_invasion_2022,EFX,20,armed_conflict_instability,0.0384,0.0394,,0.6542,logistics_operations,0.0106,0.0381,0.0451,0.0337,0.6542,0.044,0.0419,0.0419,0.0486,0.0419
suez_blockage_2021,EFX,20,armed_conflict_instability,0.0444,0.3668,,0.6542,logistics_operations,0.0106,0.0381,0.0451,0.0337,0.6542,0.044,0.0419,0.0419,0.0486,0.0419
us_chip_export_oct2022,FSLR,45,technology_controls,-0.0468,0.2873,,0.71,innovation_ip,0.0137,0.0294,0.0366,0.0313,0.0298,0.71,0.0344,0.0344,0.0458,0.0344
india_pakistan_sindoor,APG,20,armed_conflict_instability,0.0549,0.1807,,0.6542,logistics_operations,0.0106,0.0381,0.0451,0.0337,0.6542,0.044,0.0419,0.0419,0.0486,0.0419
red_sea_houthi_2023,APG,20,armed_conflict_instability,0.03,-0.054,,0.6542,logistics_operations,0.0106,0.0381,0.0451,0.0337,0.6542,0.044,0.0419,0.0419,0.0486,0.0419
russia_invasion_2022,APG,20,armed_conflict_instability,-0.033,-0.0739,,0.6542,logistics_operations,0.0106,0.0381,0.0451,0.0337,0.6542,0.044,0.0419,0.0419,0.0486,0.0419
suez_blockage_2021,APG,20,armed_conflict_instability,0.039,0.1108,,0.6542,logistics_operations,0.0106,0.0381,0.0451,0.0337,0.6542,0.044,0.0419,0.0419,0.0486,0.0419
us_iran_war_2026,APG,20,armed_conflict_instability,-0.0452,0.0225,,0.6542,logistics_operations,0.0106,0.0381,0.0451,0.0337,0.6542,0.044,0.0419,0.0419,0.0486,0.0419
chile_lithium_nationalization,RIVN,25,political_transitions_volatility,0.0259,0.1725,,0.6673,revenue_market_access,0.008,0.6673,0.0396,0.0371,0.0319,0.0472,0.0398,0.0398,0.0494,0.0398
iran_sanctions_2018,PFG,40,sanctions_financial_restrictions,0.0301,-0.017,,0.6846,financial_treasury,0.0235,0.041,0.0366,0.0397,0.027,0.0386,0.0364,0.0364,0.6846,0.0364
covid_lockdown_start,ATI,20,armed_conflict_instability,-0.396,-0.396,,0.6542,logistics_operations,0.0106,0.0381,0.0451,0.0337,0.6542,0.044,0.0419,0.0419,0.0486,0.0419
india_pakistan_sindoor,ATI,20,armed_conflict_instability,0.0761,0.1826,,0.6542,logistics_operations,0.0106,0.0381,0.0451,0.0337,0.6542,0.044,0.0419,0.0419,0.0486,0.0419
israel_hamas_2023,ATI,20,armed_conflict_instability,-0.0485,0.1274,,0.6542,logistics_operations,0.0106,0.0381,0.0451,0.0337,0.6542,0.044,0.0419,0.0419,0.0486,0.0419
notpetya_2017,ATI,20,armed_conflict_instability,0.0863,0.1349,,0.6542,logistics_operations,0.0106,0.0381,0.0451,0.0337,0.6542,0.044,0.0419,0.0419,0.0486,0.0419
red_sea_houthi_2023,ATI,20,armed_conflict_instability,0.0676,-0.0433,,0.6542,logistics_operations,0.0106,0.0381,0.0451,0.0337,0.6542,0.044,0.0419,0.0419,0.0486,0.0419
russia_invasion_2022,ATI,20,armed_conflict_instability,0.1005,0.1641,,0.6542,logistics_operations,0.0106,0.0381,0.0451,0.0337,0.6542,0.044,0.0419,0.0419,0.0486,0.0419
suez_blockage_2021,ATI,20,armed_conflict_instability,0.0561,0.186,,0.6542,logistics_operations,0.0106,0.0381,0.0451,0.0337,0.6542,0.044,0.0419,0.0419,0.0486,0.0419
us_iran_war_2026,ATI,20,armed_conflict_instability,-0.0421,-0.0034,,0.6542,logistics_operations,0.0106,0.0381,0.0451,0.0337,0.6542,0.044,0.0419,0.0419,0.0486,0.0419
us_chip_export_oct2022,MDB,45,technology_controls,-0.0933,-0.1576,,0.71,innovation_ip,0.0137,0.0294,0.0366,0.0313,0.0298,0.71,0.0344,0.0344,0.0458,0.0344
us_chip_export_oct2023,MDB,45,technology_controls,-0.0374,0.1499,,0.71,innovation_ip,0.0137,0.0294,0.0366,0.0313,0.0298,0.71,0.0344,0.0344,0.0458,0.0344
us_chip_export_oct2022,CPAY,45,technology_controls,-0.0687,0.0493,,0.71,innovation_ip,0.0137,0.0294,0.0366,0.0313,0.0298,0.71,0.0344,0.0344,0.0458,0.0344
us_chip_export_oct2023,CPAY,45,technology_controls,-0.0432,-0.0573,,0.71,innovation_ip,0.0137,0.0294,0.0366,0.0313,0.0298,0.71,0.0344,0.0344,0.0458,0.0344
xinjiang_boycott_2021,PKX,15,trade_policy_actions,0.0698,0.3098,,0.5369,procurement_supply_chain,0.5369,0.0498,0.0539,0.052,0.0369,0.057,0.0514,0.0514,0.0592,0.0514
panama_mine_closure_2023,USFD,30,political_transitions_volatility,0.0261,0.071,,0.6673,revenue_market_access,0.008,0.6673,0.0396,0.0371,0.0319,0.0472,0.0398,0.0398,0.0494,0.0398
covid_lockdown_start,SNA,20,armed_conflict_instability,-0.1424,-0.122,,0.6542,logistics_operations,0.0106,0.0381,0.0451,0.0337,0.6542,0.044,0.0419,0.0419,0.0486,0.0419
india_pakistan_sindoor,SNA,20,armed_conflict_instability,0.0331,-0.0219,,0.6542,logistics_operations,0.0106,0.0381,0.0451,0.0337,0.6542,0.044,0.0419,0.0419,0.0486,0.0419
russia_invasion_2022,SNA,20,armed_conflict_instability,0.0278,0.0017,,0.6542,logistics_operations,0.0106,0.0381,0.0451,0.0337,0.6542,0.044,0.0419,0.0419,0.0486,0.0419
suez_blockage_2021,SNA,20,armed_conflict_instability,0.0777,0.1401,,0.6542,logistics_operations,0.0106,0.0381,0.0451,0.0337,0.6542,0.044,0.0419,0.0419,0.0486,0.0419
us_iran_war_2026,SNA,20,armed_conflict_instability,-0.0302,-0.0191,,0.6542,logistics_operations,0.0106,0.0381,0.0451,0.0337,0.6542,0.044,0.0419,0.0419,0.0486,0.0419
panama_mine_closure_2023,DKS,25,political_transitions_volatility,0.1006,0.13,,0.6673,revenue_market_access,0.008,0.6673,0.0396,0.0371,0.0319,0.0472,0.0398,0.0398,0.0494,0.0398
chile_lithium_nationalization,TSCO,25,political_transitions_volatility,-0.0398,-0.1477,,0.6673,revenue_market_access,0.008,0.6673,0.0396,0.0371,0.0319,0.0472,0.0398,0.0398,0.0494,0.0398
india_demonetization_2016,TSCO,25,political_transitions_volatility,0.095,0.1857,,0.6673,revenue_market_access,0.008,0.6673,0.0396,0.0371,0.0319,0.0472,0.0398,0.0398,0.0494,0.0398
panama_mine_closure_2023,TSCO,25,political_transitions_volatility,0.0364,0.1084,,0.6673,revenue_market_access,0.008,0.6673,0.0396,0.0371,0.0319,0.0472,0.0398,0.0398,0.0494,0.0398
covid_lockdown_start,RBA,20,armed_conflict_instability,-0.2713,0.1493,,0.6542,logistics_operations,0.0106,0.0381,0.0451,0.0337,0.6542,0.044,0.0419,0.0419,0.0486,0.0419
india_pakistan_sindoor,RBA,20,armed_conflict_instability,0.0317,0.0278,,0.6542,logistics_operations,0.0106,0.0381,0.0451,0.0337,0.6542,0.044,0.0419,0.0419,0.0486,0.0419
red_sea_houthi_2023,RBA,20,armed_conflict_instability,0.0342,0.0028,,0.6542,logistics_operations,0.0106,0.0381,0.0451,0.0337,0.6542,0.044,0.0419,0.0419,0.0486,0.0419
russia_invasion_2022,RBA,20,armed_conflict_instability,0.0842,0.123,,0.6542,logistics_operations,0.0106,0.0381,0.0451,0.0337,0.6542,0.044,0.0419,0.0419,0.0486,0.0419
suez_blockage_2021,RBA,20,armed_conflict_instability,0.0307,0.1596,,0.6542,logistics_operations,0.0106,0.0381,0.0451,0.0337,0.6542,0.044,0.0419,0.0419,0.0486,0.0419
us_iran_war_2026,RBA,20,armed_conflict_instability,0.0478,0.0236,,0.6542,logistics_operations,0.0106,0.0381,0.0451,0.0337,0.6542,0.044,0.0419,0.0419,0.0486,0.0419
covid_lockdown_start,ITT,20,armed_conflict_instability,-0.1944,0.0268,,0.6542,logistics_operations,0.0106,0.0381,0.0451,0.0337,0.6542,0.044,0.0419,0.0419,0.0486,0.0419
india_pakistan_sindoor,ITT,20,armed_conflict_instability,0.0581,0.0688,,0.6542,logistics_operations,0.0106,0.0381,0.0451,0.0337,0.6542,0.044,0.0419,0.0419,0.0486,0.0419
notpetya_2017,ITT,20,armed_conflict_instability,0.0534,0.0573,,0.6542,logistics_operations,0.0106,0.0381,0.0451,0.0337,0.6542,0.044,0.0419,0.0419,0.0486,0.0419
red_sea_houthi_2023,ITT,20,armed_conflict_instability,0.0283,0.0433,,0.6542,logistics_operations,0.0106,0.0381,0.0451,0.0337,0.6542,0.044,0.0419,0.0419,0.0486,0.0419
suez_blockage_2021,ITT,20,armed_conflict_instability,0.0714,0.1413,,0.6542,logistics_operations,0.0106,0.0381,0.0451,0.0337,0.6542,0.044,0.0419,0.0419,0.0486,0.0419
us_iran_war_2026,ITT,20,armed_conflict_instability,-0.0777,0.0975,,0.6542,logistics_operations,0.0106,0.0381,0.0451,0.0337,0.6542,0.044,0.0419,0.0419,0.0486,0.0419
eu_energy_crisis_peak,CDE,15,resource_energy_disruptions,-0.059,0.2014,,0.5667,procurement_supply_chain,0.5667,0.058,0.0433,0.0534,0.0479,0.0517,0.0439,0.0439,0.0474,0.0439
opec_price_war_2014,CDE,15,resource_energy_disruptions,-0.0927,0.2371,,0.5667,procurement_supply_chain,0.5667,0.058,0.0433,0.0534,0.0479,0.0517,0.0439,0.0439,0.0474,0.0439
us_tariffs_2025,CDE,15,trade_policy_actions,-0.0296,0.2887,,0.5369,procurement_supply_chain,0.5369,0.0498,0.0539,0.052,0.0369,0.057,0.0514,0.0514,0.0592,0.0514
covid_lockdown_start,ZTO,20,armed_conflict_instability,-0.0836,0.0583,,0.6542,logistics_operations,0.0106,0.0381,0.0451,0.0337,0.6542,0.044,0.0419,0.0419,0.0486,0.0419
notpetya_2017,ZTO,20,armed_conflict_instability,0.0531,0.028,,0.6542,logistics_operations,0.0106,0.0381,0.0451,0.0337,0.6542,0.044,0.0419,0.0419,0.0486,0.0419
russia_invasion_2022,ZTO,20,armed_conflict_instability,-0.0516,-0.1396,,0.6542,logistics_operations,0.0106,0.0381,0.0451,0.0337,0.6542,0.044,0.0419,0.0419,0.0486,0.0419
us_iran_war_2026,ZTO,20,armed_conflict_instability,-0.0562,0.0393,,0.6542,logistics_operations,0.0106,0.0381,0.0451,0.0337,0.6542,0.044,0.0419,0.0419,0.0486,0.0419
india_demonetization_2016,HKHHY,30,political_transitions_volatility,-0.0812,-0.0946,,0.6673,revenue_market_access,0.008,0.6673,0.0396,0.0371,0.0319,0.0472,0.0398,0.0398,0.0494,0.0398
eu_energy_crisis_peak,CF,15,resource_energy_disruptions,-0.0971,-0.0999,,0.5667,procurement_supply_chain,0.5667,0.058,0.0433,0.0534,0.0479,0.0517,0.0439,0.0439,0.0474,0.0439
us_tariffs_2025,CF,15,trade_policy_actions,-0.1169,0.0865,,0.5369,procurement_supply_chain,0.5369,0.0498,0.0539,0.052,0.0369,0.057,0.0514,0.0514,0.0592,0.0514
chile_lithium_nationalization,PKG,25,political_transitions_volatility,-0.07,-0.1065,,0.6673,revenue_market_access,0.008,0.6673,0.0396,0.0371,0.0319,0.0472,0.0398,0.0398,0.0494,0.0398
india_demonetization_2016,PKG,25,political_transitions_volatility,0.0721,0.0874,,0.6673,revenue_market_access,0.008,0.6673,0.0396,0.0371,0.0319,0.0472,0.0398,0.0398,0.0494,0.0398
panama_mine_closure_2023,PKG,25,political_transitions_volatility,0.0452,0.0605,,0.6673,revenue_market_access,0.008,0.6673,0.0396,0.0371,0.0319,0.0472,0.0398,0.0398,0.0494,0.0398
panama_mine_closure_2023,LI,25,political_transitions_volatility,-0.1156,-0.1806,,0.6673,revenue_market_access,0.008,0.6673,0.0396,0.0371,0.0319,0.0472,0.0398,0.0398,0.0494,0.0398
covid_lockdown_start,RBC,20,armed_conflict_instability,-0.3898,-0.1544,,0.6542,logistics_operations,0.0106,0.0381,0.0451,0.0337,0.6542,0.044,0.0419,0.0419,0.0486,0.0419
india_pakistan_sindoor,RBC,20,armed_conflict_instability,0.065,0.0885,,0.6542,logistics_operations,0.0106,0.0381,0.0451,0.0337,0.6542,0.044,0.0419,0.0419,0.0486,0.0419
notpetya_2017,RBC,20,armed_conflict_instability,0.0297,0.0794,,0.6542,logistics_operations,0.0106,0.0381,0.0451,0.0337,0.6542,0.044,0.0419,0.0419,0.0486,0.0419
red_sea_houthi_2023,RBC,20,armed_conflict_instability,0.0421,-0.0074,,0.6542,logistics_operations,0.0106,0.0381,0.0451,0.0337,0.6542,0.044,0.0419,0.0419,0.0486,0.0419
russia_invasion_2022,RBC,20,armed_conflict_instability,0.0693,-0.0224,,0.6542,logistics_operations,0.0106,0.0381,0.0451,0.0337,0.6542,0.044,0.0419,0.0419,0.0486,0.0419
suez_blockage_2021,RBC,20,armed_conflict_instability,0.0377,0.0954,,0.6542,logistics_operations,0.0106,0.0381,0.0451,0.0337,0.6542,0.044,0.0419,0.0419,0.0486,0.0419
eu_energy_crisis_peak,DD,15,resource_energy_disruptions,-0.0529,-0.1053,,0.5667,procurement_supply_chain,0.5667,0.058,0.0433,0.0534,0.0479,0.0517,0.0439,0.0439,0.0474,0.0439
opec_price_war_2014,DD,15,resource_energy_disruptions,-0.0309,-0.1498,,0.5667,procurement_supply_chain,0.5667,0.058,0.0433,0.0534,0.0479,0.0517,0.0439,0.0439,0.0474,0.0439
us_tariffs_2025,DD,15,trade_policy_actions,-0.1767,-0.094,,0.5369,procurement_supply_chain,0.5369,0.0498,0.0539,0.052,0.0369,0.057,0.0514,0.0514,0.0592,0.0514
us_chip_export_oct2022,MKSI,45,technology_controls,-0.0992,-0.1002,,0.71,innovation_ip,0.0137,0.0294,0.0366,0.0313,0.0298,0.71,0.0344,0.0344,0.0458,0.0344
us_chip_export_oct2023,MKSI,45,technology_controls,-0.0978,0.0221,,0.71,innovation_ip,0.0137,0.0294,0.0366,0.0313,0.0298,0.71,0.0344,0.0344,0.0458,0.0344
us_chip_export_oct2023,FTV,45,technology_controls,-0.0651,-0.0978,,0.71,innovation_ip,0.0137,0.0294,0.0366,0.0313,0.0298,0.71,0.0344,0.0344,0.0458,0.0344
covid_lockdown_start,GPN,20,armed_conflict_instability,-0.2175,-0.1436,,0.6542,logistics_operations,0.0106,0.0381,0.0451,0.0337,0.6542,0.044,0.0419,0.0419,0.0486,0.0419
india_pakistan_sindoor,GPN,20,armed_conflict_instability,0.0541,-0.0255,,0.6542,logistics_operations,0.0106,0.0381,0.0451,0.0337,0.6542,0.044,0.0419,0.0419,0.0486,0.0419
russia_invasion_2022,GPN,20,armed_conflict_instability,-0.0368,-0.0044,,0.6542,logistics_operations,0.0106,0.0381,0.0451,0.0337,0.6542,0.044,0.0419,0.0419,0.0486,0.0419
covid_lockdown_start,LUV,20,armed_conflict_instability,-0.1727,-0.2907,,0.6542,logistics_operations,0.0106,0.0381,0.0451,0.0337,0.6542,0.044,0.0419,0.0419,0.0486,0.0419
india_pakistan_sindoor,LUV,20,armed_conflict_instability,0.0363,0.0426,,0.6542,logistics_operations,0.0106,0.0381,0.0451,0.0337,0.6542,0.044,0.0419,0.0419,0.0486,0.0419
israel_hamas_2023,LUV,20,armed_conflict_instability,-0.0543,-0.072,,0.6542,logistics_operations,0.0106,0.0381,0.0451,0.0337,0.6542,0.044,0.0419,0.0419,0.0486,0.0419
notpetya_2017,LUV,20,armed_conflict_instability,0.0268,-0.1109,,0.6542,logistics_operations,0.0106,0.0381,0.0451,0.0337,0.6542,0.044,0.0419,0.0419,0.0486,0.0419
russia_invasion_2022,LUV,20,armed_conflict_instability,-0.0602,-0.044,,0.6542,logistics_operations,0.0106,0.0381,0.0451,0.0337,0.6542,0.044,0.0419,0.0419,0.0486,0.0419
suez_blockage_2021,LUV,20,armed_conflict_instability,0.0745,0.0557,,0.6542,logistics_operations,0.0106,0.0381,0.0451,0.0337,0.6542,0.044,0.0419,0.0419,0.0486,0.0419
us_iran_war_2026,LUV,20,armed_conflict_instability,-0.1265,-0.1588,,0.6542,logistics_operations,0.0106,0.0381,0.0451,0.0337,0.6542,0.044,0.0419,0.0419,0.0486,0.0419
panama_mine_closure_2023,NVR,25,political_transitions_volatility,0.0376,0.1817,,0.6673,revenue_market_access,0.008,0.6673,0.0396,0.0371,0.0319,0.0472,0.0398,0.0398,0.0494,0.0398
us_chip_export_oct2023,HPQ,45,technology_controls,-0.0347,0.0727,,0.71,innovation_ip,0.0137,0.0294,0.0366,0.0313,0.0298,0.71,0.0344,0.0344,0.0458,0.0344
us_chip_export_oct2023,NXT,45,technology_controls,0.0676,0.1338,,0.71,innovation_ip,0.0137,0.0294,0.0366,0.0313,0.0298,0.71,0.0344,0.0344,0.0458,0.0344
eu_energy_crisis_peak,AGI,15,resource_energy_disruptions,-0.0553,0.0034,,0.5667,procurement_supply_chain,0.5667,0.058,0.0433,0.0534,0.0479,0.0517,0.0439,0.0439,0.0474,0.0439
opec_price_war_2014,AGI,15,resource_energy_disruptions,-0.0299,0.0366,,0.5667,procurement_supply_chain,0.5667,0.058,0.0433,0.0534,0.0479,0.0517,0.0439,0.0439,0.0474,0.0439
us_china_trade_war_start,AGI,15,trade_policy_actions,-0.0444,-0.2513,,0.5369,procurement_supply_chain,0.5369,0.0498,0.0539,0.052,0.0369,0.057,0.0514,0.0514,0.0592,0.0514
eu_energy_crisis_peak,PR,10,resource_energy_disruptions,-0.0513,0.0453,,0.5667,procurement_supply_chain,0.5667,0.058,0.0433,0.0534,0.0479,0.0517,0.0439,0.0439,0.0474,0.0439
us_tariffs_2025,PR,10,trade_policy_actions,-0.1622,-0.0444,,0.5369,procurement_supply_chain,0.5369,0.0498,0.0539,0.052,0.0369,0.057,0.0514,0.0514,0.0592,0.0514
eu_energy_crisis_peak,YPF,10,resource_energy_disruptions,0.0563,0.2486,,0.5667,procurement_supply_chain,0.5667,0.058,0.0433,0.0534,0.0479,0.0517,0.0439,0.0439,0.0474,0.0439
opec_price_war_2014,YPF,10,resource_energy_disruptions,-0.1266,-0.3472,,0.5667,procurement_supply_chain,0.5667,0.058,0.0433,0.0534,0.0479,0.0517,0.0439,0.0439,0.0474,0.0439
us_china_trade_war_start,YPF,10,trade_policy_actions,0.0266,0.015,,0.5369,procurement_supply_chain,0.5369,0.0498,0.0539,0.052,0.0369,0.057,0.0514,0.0514,0.0592,0.0514
us_tariffs_2025,YPF,10,trade_policy_actions,-0.1665,0.0076,,0.5369,procurement_supply_chain,0.5369,0.0498,0.0539,0.052,0.0369,0.057,0.0514,0.0514,0.0592,0.0514
opec_price_war_2014,CX,15,resource_energy_disruptions,-0.0946,-0.2169,,0.5667,procurement_supply_chain,0.5667,0.058,0.0433,0.0534,0.0479,0.0517,0.0439,0.0439,0.0474,0.0439
us_china_trade_war_start,CX,15,trade_policy_actions,-0.0273,-0.0359,,0.5369,procurement_supply_chain,0.5369,0.0498,0.0539,0.052,0.0369,0.057,0.0514,0.0514,0.0592,0.0514
us_tariffs_2025,CX,15,trade_policy_actions,-0.0633,0.2039,,0.5369,procurement_supply_chain,0.5369,0.0498,0.0539,0.052,0.0369,0.057,0.0514,0.0514,0.0592,0.0514
xinjiang_boycott_2021,CX,15,trade_policy_actions,0.0959,0.3506,,0.5369,procurement_supply_chain,0.5369,0.0498,0.0539,0.052,0.0369,0.057,0.0514,0.0514,0.0592,0.0514
us_chip_export_oct2022,BR,45,technology_controls,-0.0264,0.0121,,0.71,innovation_ip,0.0137,0.0294,0.0366,0.0313,0.0298,0.71,0.0344,0.0344,0.0458,0.0344
us_chip_export_oct2023,BR,45,technology_controls,-0.0456,0.0526,,0.71,innovation_ip,0.0137,0.0294,0.0366,0.0313,0.0298,0.71,0.0344,0.0344,0.0458,0.0344
eu_energy_crisis_peak,IFF,15,resource_energy_disruptions,-0.0559,-0.2138,,0.5667,procurement_supply_chain,0.5667,0.058,0.0433,0.0534,0.0479,0.0517,0.0439,0.0439,0.0474,0.0439
opec_price_war_2014,IFF,15,resource_energy_disruptions,0.033,0.0316,,0.5667,procurement_supply_chain,0.5667,0.058,0.0433,0.0534,0.0479,0.0517,0.0439,0.0439,0.0474,0.0439
us_tariffs_2025,IFF,15,trade_policy_actions,-0.0719,-0.0317,,0.5369,procurement_supply_chain,0.5369,0.0498,0.0539,0.052,0.0369,0.057,0.0514,0.0514,0.0592,0.0514
xinjiang_boycott_2021,IFF,15,trade_policy_actions,0.0291,0.08,,0.5369,procurement_supply_chain,0.5369,0.0498,0.0539,0.052,0.0369,0.057,0.0514,0.0514,0.0592,0.0514
us_chip_export_oct2022,AMKR,45,technology_controls,-0.0385,0.5826,,0.71,innovation_ip,0.0137,0.0294,0.0366,0.0313,0.0298,0.71,0.0344,0.0344,0.0458,0.0344
us_chip_export_oct2023,AMKR,45,technology_controls,-0.046,0.232,,0.71,innovation_ip,0.0137,0.0294,0.0366,0.0313,0.0298,0.71,0.0344,0.0344,0.0458,0.0344
us_chip_export_oct2023,SNX,45,technology_controls,-0.0484,0.0254,,0.71,innovation_ip,0.0137,0.0294,0.0366,0.0313,0.0298,0.71,0.0344,0.0344,0.0458,0.0344
eu_energy_crisis_peak,VNOM,10,resource_energy_disruptions,-0.0301,0.0257,,0.5667,procurement_supply_chain,0.5667,0.058,0.0433,0.0534,0.0479,0.0517,0.0439,0.0439,0.0474,0.0439
opec_price_war_2014,VNOM,10,resource_energy_disruptions,-0.2557,-0.0959,,0.5667,procurement_supply_chain,0.5667,0.058,0.0433,0.0534,0.0479,0.0517,0.0439,0.0439,0.0474,0.0439
us_tariffs_2025,VNOM,10,trade_policy_actions,-0.1374,-0.0928,,0.5369,procurement_supply_chain,0.5369,0.0498,0.0539,0.052,0.0369,0.057,0.0514,0.0514,0.0592,0.0514
xinjiang_boycott_2021,VNOM,10,trade_policy_actions,-0.0625,0.188,,0.5369,procurement_supply_chain,0.5369,0.0498,0.0539,0.052,0.0369,0.057,0.0514,0.0514,0.0592,0.0514
us_chip_export_oct2022,TEAM,45,technology_controls,-0.1719,-0.4797,,0.71,innovation_ip,0.0137,0.0294,0.0366,0.0313,0.0298,0.71,0.0344,0.0344,0.0458,0.0344
us_chip_export_oct2023,TEAM,45,technology_controls,-0.0364,-0.0113,,0.71,innovation_ip,0.0137,0.0294,0.0366,0.0313,0.0298,0.71,0.0344,0.0344,0.0458,0.0344
covid_lockdown_start,WSO,20,armed_conflict_instability,-0.032,-0.0704,,0.6542,logistics_operations,0.0106,0.0381,0.0451,0.0337,0.6542,0.044,0.0419,0.0419,0.0486,0.0419
notpetya_2017,WSO,20,armed_conflict_instability,0.0296,-0.0022,,0.6542,logistics_operations,0.0106,0.0381,0.0451,0.0337,0.6542,0.044,0.0419,0.0419,0.0486,0.0419
russia_invasion_2022,WSO,20,armed_conflict_instability,0.0654,0.1329,,0.6542,logistics_operations,0.0106,0.0381,0.0451,0.0337,0.6542,0.044,0.0419,0.0419,0.0486,0.0419
suez_blockage_2021,WSO,20,armed_conflict_instability,0.033,0.1884,,0.6542,logistics_operations,0.0106,0.0381,0.0451,0.0337,0.6542,0.044,0.0419,0.0419,0.0486,0.0419
us_iran_war_2026,WSO,20,armed_conflict_instability,-0.0561,-0.0161,,0.6542,logistics_operations,0.0106,0.0381,0.0451,0.0337,0.6542,0.044,0.0419,0.0419,0.0486,0.0419
chile_lithium_nationalization,IP,25,political_transitions_volatility,-0.0969,-0.1564,,0.6673,revenue_market_access,0.008,0.6673,0.0396,0.0371,0.0319,0.0472,0.0398,0.0398,0.0494,0.0398
india_demonetization_2016,IP,25,political_transitions_volatility,0.078,0.2179,,0.6673,revenue_market_access,0.008,0.6673,0.0396,0.0371,0.0319,0.0472,0.0398,0.0398,0.0494,0.0398
panama_mine_closure_2023,IP,25,political_transitions_volatility,0.0636,0.1039,,0.6673,revenue_market_access,0.008,0.6673,0.0396,0.0371,0.0319,0.0472,0.0398,0.0398,0.0494,0.0398
us_chip_export_oct2022,CDW,45,technology_controls,-0.0347,0.1628,,0.71,innovation_ip,0.0137,0.0294,0.0366,0.0313,0.0298,0.71,0.0344,0.0344,0.0458,0.0344
us_chip_export_oct2023,CDW,45,technology_controls,-0.0431,0.0182,,0.71,innovation_ip,0.0137,0.0294,0.0366,0.0313,0.0298,0.71,0.0344,0.0344,0.0458,0.0344
us_chip_export_oct2022,DIDIY,45,technology_controls,-0.1111,0.3122,,0.71,innovation_ip,0.0137,0.0294,0.0366,0.0313,0.0298,0.71,0.0344,0.0344,0.0458,0.0344
us_chip_export_oct2023,DIDIY,45,technology_controls,-0.0504,0.1204,,0.71,innovation_ip,0.0137,0.0294,0.0366,0.0313,0.0298,0.71,0.0344,0.0344,0.0458,0.0344
covid_lockdown_start,WTKWY,20,armed_conflict_instability,-0.1146,0.0265,,0.6542,logistics_operations,0.0106,0.0381,0.0451,0.0337,0.6542,0.044,0.0419,0.0419,0.0486,0.0419
notpetya_2017,WTKWY,20,armed_conflict_instability,-0.0375,-0.0098,,0.6542,logistics_operations,0.0106,0.0381,0.0451,0.0337,0.6542,0.044,0.0419,0.0419,0.0486,0.0419
russia_invasion_2022,WTKWY,20,armed_conflict_instability,0.0534,0.0776,,0.6542,logistics_operations,0.0106,0.0381,0.0451,0.0337,0.6542,0.044,0.0419,0.0419,0.0486,0.0419
iran_sanctions_2018,WF,40,sanctions_financial_restrictions,-0.0453,0.0316,,0.6846,financial_treasury,0.0235,0.041,0.0366,0.0397,0.027,0.0386,0.0364,0.0364,0.6846,0.0364
covid_lockdown_start,LII,20,armed_conflict_instability,-0.1932,-0.2219,,0.6542,logistics_operations,0.0106,0.0381,0.0451,0.0337,0.6542,0.044,0.0419,0.0419,0.0486,0.0419
india_pakistan_sindoor,LII,20,armed_conflict_instability,0.0412,-0.0314,,0.6542,logistics_operations,0.0106,0.0381,0.0451,0.0337,0.6542,0.044,0.0419,0.0419,0.0486,0.0419
russia_invasion_2022,LII,20,armed_conflict_instability,0.0698,0.0112,,0.6542,logistics_operations,0.0106,0.0381,0.0451,0.0337,0.6542,0.044,0.0419,0.0419,0.0486,0.0419
suez_blockage_2021,LII,20,armed_conflict_instability,0.0512,0.1434,,0.6542,logistics_operations,0.0106,0.0381,0.0451,0.0337,0.6542,0.044,0.0419,0.0419,0.0486,0.0419
us_iran_war_2026,LII,20,armed_conflict_instability,-0.093,-0.0842,,0.6542,logistics_operations,0.0106,0.0381,0.0451,0.0337,0.6542,0.044,0.0419,0.0419,0.0486,0.0419
iran_sanctions_2018,EWBC,40,sanctions_financial_restrictions,0.0307,0.0266,,0.6846,financial_treasury,0.0235,0.041,0.0366,0.0397,0.027,0.0386,0.0364,0.0364,0.6846,0.0364
us_chip_export_oct2022,IOT,45,technology_controls,-0.1609,-0.2868,,0.71,innovation_ip,0.0137,0.0294,0.0366,0.0313,0.0298,0.71,0.0344,0.0344,0.0458,0.0344
us_chip_export_oct2023,IOT,45,technology_controls,-0.049,0.1301,,0.71,innovation_ip,0.0137,0.0294,0.0366,0.0313,0.0298,0.71,0.0344,0.0344,0.0458,0.0344
us_chip_export_oct2022,FFIV,45,technology_controls,-0.0259,0.0361,,0.71,innovation_ip,0.0137,0.0294,0.0366,0.0313,0.0298,0.71,0.0344,0.0344,0.0458,0.0344
us_chip_export_oct2023,FFIV,45,technology_controls,-0.031,0.1116,,0.71,innovation_ip,0.0137,0.0294,0.0366,0.0313,0.0298,0.71,0.0344,0.0344,0.0458,0.0344
us_chip_export_oct2022,SSNC,45,technology_controls,-0.0317,0.0736,,0.71,innovation_ip,0.0137,0.0294,0.0366,0.0313,0.0298,0.71,0.0344,0.0344,0.0458,0.0344
us_chip_export_oct2023,SSNC,45,technology_controls,-0.046,0.0722,,0.71,innovation_ip,0.0137,0.0294,0.0366,0.0313,0.0298,0.71,0.0344,0.0344,0.0458,0.0344
covid_lockdown_start,RTO,20,armed_conflict_instability,-0.2755,-0.055,,0.6542,logistics_operations,0.0106,0.0381,0.0451,0.0337,0.6542,0.044,0.0419,0.0419,0.0486,0.0419
red_sea_houthi_2023,RTO,20,armed_conflict_instability,0.0515,-0.0355,,0.6542,logistics_operations,0.0106,0.0381,0.0451,0.0337,0.6542,0.044,0.0419,0.0419,0.0486,0.0419
chile_lithium_nationalization,YUMC,25,political_transitions_volatility,-0.0398,-0.0695,,0.6673,revenue_market_access,0.008,0.6673,0.0396,0.0371,0.0319,0.0472,0.0398,0.0398,0.0494,0.0398
panama_mine_closure_2023,YUMC,25,political_transitions_volatility,-0.0764,-0.1388,,0.6673,revenue_market_access,0.008,0.6673,0.0396,0.0371,0.0319,0.0472,0.0398,0.0398,0.0494,0.0398
india_demonetization_2016,BALL,25,political_transitions_volatility,-0.0403,-0.0397,,0.6673,revenue_market_access,0.008,0.6673,0.0396,0.0371,0.0319,0.0472,0.0398,0.0398,0.0494,0.0398
panama_mine_closure_2023,BALL,25,political_transitions_volatility,0.0513,0.0584,,0.6673,revenue_market_access,0.008,0.6673,0.0396,0.0371,0.0319,0.0472,0.0398,0.0398,0.0494,0.0398
eu_energy_crisis_peak,WES,10,resource_energy_disruptions,-0.0407,-0.115,,0.5667,procurement_supply_chain,0.5667,0.058,0.0433,0.0534,0.0479,0.0517,0.0439,0.0439,0.0474,0.0439
opec_price_war_2014,WES,10,resource_energy_disruptions,-0.0446,-0.1847,,0.5667,procurement_supply_chain,0.5667,0.058,0.0433,0.0534,0.0479,0.0517,0.0439,0.0439,0.0474,0.0439
us_tariffs_2025,WES,10,trade_policy_actions,-0.1226,-0.0257,,0.5369,procurement_supply_chain,0.5369,0.0498,0.0539,0.052,0.0369,0.057,0.0514,0.0514,0.0592,0.0514
xinjiang_boycott_2021,WES,10,trade_policy_actions,0.0293,0.1721,,0.5369,procurement_supply_chain,0.5369,0.0498,0.0539,0.052,0.0369,0.057,0.0514,0.0514,0.0592,0.0514
india_demonetization_2016,SGI,25,political_transitions_volatility,0.1182,0.2335,,0.6673,revenue_market_access,0.008,0.6673,0.0396,0.0371,0.0319,0.0472,0.0398,0.0398,0.0494,0.0398
panama_mine_closure_2023,SGI,25,political_transitions_volatility,0.1062,0.2935,,0.6673,revenue_market_access,0.008,0.6673,0.0396,0.0371,0.0319,0.0472,0.0398,0.0398,0.0494,0.0398
us_chip_export_oct2022,NVMI,45,technology_controls,-0.1431,0.0527,,0.71,innovation_ip,0.0137,0.0294,0.0366,0.0313,0.0298,0.71,0.0344,0.0344,0.0458,0.0344
us_chip_export_oct2023,NVMI,45,technology_controls,-0.0817,0.2227,,0.71,innovation_ip,0.0137,0.0294,0.0366,0.0313,0.0298,0.71,0.0344,0.0344,0.0458,0.0344
panama_mine_closure_2023,LULU,25,political_transitions_volatility,0.0683,0.135,,0.6673,revenue_market_access,0.008,0.6673,0.0396,0.0371,0.0319,0.0472,0.0398,0.0398,0.0494,0.0398
covid_lockdown_start,CLH,20,armed_conflict_instability,-0.4228,-0.0791,,0.6542,logistics_operations,0.0106,0.0381,0.0451,0.0337,0.6542,0.044,0.0419,0.0419,0.0486,0.0419
india_pakistan_sindoor,CLH,20,armed_conflict_instability,0.0327,0.0152,,0.6542,logistics_operations,0.0106,0.0381,0.0451,0.0337,0.6542,0.044,0.0419,0.0419,0.0486,0.0419
russia_invasion_2022,CLH,20,armed_conflict_instability,0.106,0.1956,,0.6542,logistics_operations,0.0106,0.0381,0.0451,0.0337,0.6542,0.044,0.0419,0.0419,0.0486,0.0419
suez_blockage_2021,CLH,20,armed_conflict_instability,0.0295,0.1385,,0.6542,logistics_operations,0.0106,0.0381,0.0451,0.0337,0.6542,0.044,0.0419,0.0419,0.0486,0.0419
us_chip_export_oct2023,TOST,45,technology_controls,-0.0379,-0.1724,,0.71,innovation_ip,0.0137,0.0294,0.0366,0.0313,0.0298,0.71,0.0344,0.0344,0.0458,0.0344
us_chip_export_oct2022,GRAB,45,technology_controls,-0.1495,0.1423,,0.71,innovation_ip,0.0137,0.0294,0.0366,0.0313,0.0298,0.71,0.0344,0.0344,0.0458,0.0344
us_chip_export_oct2023,GRAB,45,technology_controls,-0.0437,-0.102,,0.71,innovation_ip,0.0137,0.0294,0.0366,0.0313,0.0298,0.71,0.0344,0.0344,0.0458,0.0344
us_chip_export_oct2022,PTC,45,technology_controls,-0.0418,0.1192,,0.71,innovation_ip,0.0137,0.0294,0.0366,0.0313,0.0298,0.71,0.0344,0.0344,0.0458,0.0344
us_chip_export_oct2023,PTC,45,technology_controls,-0.0445,0.0638,,0.71,innovation_ip,0.0137,0.0294,0.0366,0.0313,0.0298,0.71,0.0344,0.0344,0.0458,0.0344
us_chip_export_oct2022,LSCC,45,technology_controls,-0.1163,0.3085,,0.71,innovation_ip,0.0137,0.0294,0.0366,0.0313,0.0298,0.71,0.0344,0.0344,0.0458,0.0344
us_chip_export_oct2023,LSCC,45,technology_controls,-0.0475,-0.2274,,0.71,innovation_ip,0.0137,0.0294,0.0366,0.0313,0.0298,0.71,0.0344,0.0344,0.0458,0.0344
us_chip_export_oct2022,SMCI,45,technology_controls,-0.0833,0.4677,,0.71,innovation_ip,0.0137,0.0294,0.0366,0.0313,0.0298,0.71,0.0344,0.0344,0.0458,0.0344
us_chip_export_oct2023,SMCI,45,technology_controls,-0.1203,-0.0365,,0.71,innovation_ip,0.0137,0.0294,0.0366,0.0313,0.0298,0.71,0.0344,0.0344,0.0458,0.0344
chile_lithium_nationalization,HTHT,25,political_transitions_volatility,-0.0548,-0.1612,,0.6673,revenue_market_access,0.008,0.6673,0.0396,0.0371,0.0319,0.0472,0.0398,0.0398,0.0494,0.0398
panama_mine_closure_2023,HTHT,25,political_transitions_volatility,-0.0479,-0.0709,,0.6673,revenue_market_access,0.008,0.6673,0.0396,0.0371,0.0319,0.0472,0.0398,0.0398,0.0494,0.0398
covid_lockdown_start,QXO,20,armed_conflict_instability,-0.1978,-0.2201,,0.6542,logistics_operations,0.0106,0.0381,0.0451,0.0337,0.6542,0.044,0.0419,0.0419,0.0486,0.0419
india_pakistan_sindoor,QXO,20,armed_conflict_instability,0.2024,0.7834,,0.6542,logistics_operations,0.0106,0.0381,0.0451,0.0337,0.6542,0.044,0.0419,0.0419,0.0486,0.0419
red_sea_houthi_2023,QXO,20,armed_conflict_instability,0.264,0.5477,,0.6542,logistics_operations,0.0106,0.0381,0.0451,0.0337,0.6542,0.044,0.0419,0.0419,0.0486,0.0419
suez_blockage_2021,QXO,20,armed_conflict_instability,0.0763,0.1435,,0.6542,logistics_operations,0.0106,0.0381,0.0451,0.0337,0.6542,0.044,0.0419,0.0419,0.0486,0.0419
us_iran_war_2026,QXO,20,armed_conflict_instability,-0.0944,-0.0255,,0.6542,logistics_operations,0.0106,0.0381,0.0451,0.0337,0.6542,0.044,0.0419,0.0419,0.0486,0.0419
us_chip_export_oct2022,IONQ,45,technology_controls,-0.0777,-0.0682,,0.71,innovation_ip,0.0137,0.0294,0.0366,0.0313,0.0298,0.71,0.0344,0.0344,0.0458,0.0344
us_chip_export_oct2023,IONQ,45,technology_controls,-0.2344,-0.1321,,0.71,innovation_ip,0.0137,0.0294,0.0366,0.0313,0.0298,0.71,0.0344,0.0344,0.0458,0.0344
covid_lockdown_start,NDSN,20,armed_conflict_instability,-0.2214,0.1615,,0.6542,logistics_operations,0.0106,0.0381,0.0451,0.0337,0.6542,0.044,0.0419,0.0419,0.0486,0.0419
india_pakistan_sindoor,NDSN,20,armed_conflict_instability,0.0625,0.1111,,0.6542,logistics_operations,0.0106,0.0381,0.0451,0.0337,0.6542,0.044,0.0419,0.0419,0.0486,0.0419
red_sea_houthi_2023,NDSN,20,armed_conflict_instability,0.0401,0.0018,,0.6542,logistics_operations,0.0106,0.0381,0.0451,0.0337,0.6542,0.044,0.0419,0.0419,0.0486,0.0419
russia_invasion_2022,NDSN,20,armed_conflict_instability,0.0325,0.0137,,0.6542,logistics_operations,0.0106,0.0381,0.0451,0.0337,0.6542,0.044,0.0419,0.0419,0.0486,0.0419
suez_blockage_2021,NDSN,20,armed_conflict_instability,0.0298,0.0523,,0.6542,logistics_operations,0.0106,0.0381,0.0451,0.0337,0.6542,0.044,0.0419,0.0419,0.0486,0.0419
us_iran_war_2026,NDSN,20,armed_conflict_instability,-0.0748,-0.0463,,0.6542,logistics_operations,0.0106,0.0381,0.0451,0.0337,0.6542,0.044,0.0419,0.0419,0.0486,0.0419
chile_lithium_nationalization,NIO,25,political_transitions_volatility,-0.0374,-0.087,,0.6673,revenue_market_access,0.008,0.6673,0.0396,0.0371,0.0319,0.0472,0.0398,0.0398,0.0494,0.0398
panama_mine_closure_2023,NIO,25,political_transitions_volatility,0.0305,0.0264,,0.6673,revenue_market_access,0.008,0.6673,0.0396,0.0371,0.0319,0.0472,0.0398,0.0398,0.0494,0.0398
iran_sanctions_2018,BSAC,40,sanctions_financial_restrictions,0.0261,-0.01,,0.6846,financial_treasury,0.0235,0.041,0.0366,0.0397,0.027,0.0386,0.0364,0.0364,0.6846,0.0364
us_chip_export_oct2022,TRMB,45,technology_controls,-0.0423,0.0619,,0.71,innovation_ip,0.0137,0.0294,0.0366,0.0313,0.0298,0.71,0.0344,0.0344,0.0458,0.0344
us_chip_export_oct2023,TRMB,45,technology_controls,-0.0404,-0.0905,,0.71,innovation_ip,0.0137,0.0294,0.0366,0.0313,0.0298,0.71,0.0344,0.0344,0.0458,0.0344
covid_lockdown_start,WCC,20,armed_conflict_instability,-0.4465,-0.2159,,0.6542,logistics_operations,0.0106,0.0381,0.0451,0.0337,0.6542,0.044,0.0419,0.0419,0.0486,0.0419
india_pakistan_sindoor,WCC,20,armed_conflict_instability,0.0935,0.1238,,0.6542,logistics_operations,0.0106,0.0381,0.0451,0.0337,0.6542,0.044,0.0419,0.0419,0.0486,0.0419
israel_hamas_2023,WCC,20,armed_conflict_instability,-0.0525,0.0532,,0.6542,logistics_operations,0.0106,0.0381,0.0451,0.0337,0.6542,0.044,0.0419,0.0419,0.0486,0.0419
suez_blockage_2021,WCC,20,armed_conflict_instability,0.0347,0.1334,,0.6542,logistics_operations,0.0106,0.0381,0.0451,0.0337,0.6542,0.044,0.0419,0.0419,0.0486,0.0419
us_iran_war_2026,WCC,20,armed_conflict_instability,-0.0746,0.0733,,0.6542,logistics_operations,0.0106,0.0381,0.0451,0.0337,0.6542,0.044,0.0419,0.0419,0.0486,0.0419
covid_lockdown_start,IEX,20,armed_conflict_instability,-0.1547,0.1297,,0.6542,logistics_operations,0.0106,0.0381,0.0451,0.0337,0.6542,0.044,0.0419,0.0419,0.0486,0.0419
india_pakistan_sindoor,IEX,20,armed_conflict_instability,0.0465,-0.0349,,0.6542,logistics_operations,0.0106,0.0381,0.0451,0.0337,0.6542,0.044,0.0419,0.0419,0.0486,0.0419
russia_invasion_2022,IEX,20,armed_conflict_instability,0.0294,0.0515,,0.6542,logistics_operations,0.0106,0.0381,0.0451,0.0337,0.6542,0.044,0.0419,0.0419,0.0486,0.0419
suez_blockage_2021,IEX,20,armed_conflict_instability,0.0636,0.1405,,0.6542,logistics_operations,0.0106,0.0381,0.0451,0.0337,0.6542,0.044,0.0419,0.0419,0.0486,0.0419
us_iran_war_2026,IEX,20,armed_conflict_instability,-0.0567,-0.0218,,0.6542,logistics_operations,0.0106,0.0381,0.0451,0.0337,0.6542,0.044,0.0419,0.0419,0.0486,0.0419
india_demonetization_2016,DECK,25,political_transitions_volatility,0.1349,0.0069,,0.6673,revenue_market_access,0.008,0.6673,0.0396,0.0371,0.0319,0.0472,0.0398,0.0398,0.0494,0.0398
panama_mine_closure_2023,DECK,25,political_transitions_volatility,0.0594,0.0798,,0.6673,revenue_market_access,0.008,0.6673,0.0396,0.0371,0.0319,0.0472,0.0398,0.0398,0.0494,0.0398
india_demonetization_2016,GPC,25,political_transitions_volatility,0.0831,0.1103,,0.6673,revenue_market_access,0.008,0.6673,0.0396,0.0371,0.0319,0.0472,0.0398,0.0398,0.0494,0.0398
covid_lockdown_start,MAS,20,armed_conflict_instability,-0.1498,0.0072,,0.6542,logistics_operations,0.0106,0.0381,0.0451,0.0337,0.6542,0.044,0.0419,0.0419,0.0486,0.0419
india_pakistan_sindoor,MAS,20,armed_conflict_instability,0.1029,0.0178,,0.6542,logistics_operations,0.0106,0.0381,0.0451,0.0337,0.6542,0.044,0.0419,0.0419,0.0486,0.0419
suez_blockage_2021,MAS,20,armed_conflict_instability,0.055,0.1519,,0.6542,logistics_operations,0.0106,0.0381,0.0451,0.0337,0.6542,0.044,0.0419,0.0419,0.0486,0.0419
us_iran_war_2026,MAS,20,armed_conflict_instability,-0.103,-0.0937,,0.6542,logistics_operations,0.0106,0.0381,0.0451,0.0337,0.6542,0.044,0.0419,0.0419,0.0486,0.0419
covid_lockdown_start,STRL,20,armed_conflict_instability,-0.1756,-0.134,,0.6542,logistics_operations,0.0106,0.0381,0.0451,0.0337,0.6542,0.044,0.0419,0.0419,0.0486,0.0419
india_pakistan_sindoor,STRL,20,armed_conflict_instability,0.042,0.2133,,0.6542,logistics_operations,0.0106,0.0381,0.0451,0.0337,0.6542,0.044,0.0419,0.0419,0.0486,0.0419
israel_hamas_2023,STRL,20,armed_conflict_instability,-0.0489,-0.161,,0.6542,logistics_operations,0.0106,0.0381,0.0451,0.0337,0.6542,0.044,0.0419,0.0419,0.0486,0.0419
notpetya_2017,STRL,20,armed_conflict_instability,0.1343,-0.0505,,0.6542,logistics_operations,0.0106,0.0381,0.0451,0.0337,0.6542,0.044,0.0419,0.0419,0.0486,0.0419
red_sea_houthi_2023,STRL,20,armed_conflict_instability,0.1067,-0.0325,,0.6542,logistics_operations,0.0106,0.0381,0.0451,0.0337,0.6542,0.044,0.0419,0.0419,0.0486,0.0419
russia_invasion_2022,STRL,20,armed_conflict_instability,0.0317,-0.0931,,0.6542,logistics_operations,0.0106,0.0381,0.0451,0.0337,0.6542,0.044,0.0419,0.0419,0.0486,0.0419
suez_blockage_2021,STRL,20,armed_conflict_instability,0.1225,0.129,,0.6542,logistics_operations,0.0106,0.0381,0.0451,0.0337,0.6542,0.044,0.0419,0.0419,0.0486,0.0419
us_iran_war_2026,STRL,20,armed_conflict_instability,-0.0391,0.085,,0.6542,logistics_operations,0.0106,0.0381,0.0451,0.0337,0.6542,0.044,0.0419,0.0419,0.0486,0.0419
chile_lithium_nationalization,XPEV,25,political_transitions_volatility,0.0429,-0.0954,,0.6673,revenue_market_access,0.008,0.6673,0.0396,0.0371,0.0319,0.0472,0.0398,0.0398,0.0494,0.0398
panama_mine_closure_2023,XPEV,25,political_transitions_volatility,-0.0945,-0.3149,,0.6673,revenue_market_access,0.008,0.6673,0.0396,0.0371,0.0319,0.0472,0.0398,0.0398,0.0494,0.0398
us_tariffs_2025,NPXYY,15,trade_policy_actions,0.0309,0.1179,,0.5369,procurement_supply_chain,0.5369,0.0498,0.0539,0.052,0.0369,0.057,0.0514,0.0514,0.0592,0.0514
eu_energy_crisis_peak,PAA,10,resource_energy_disruptions,-0.0343,-0.1101,,0.5667,procurement_supply_chain,0.5667,0.058,0.0433,0.0534,0.0479,0.0517,0.0439,0.0439,0.0474,0.0439
opec_price_war_2014,PAA,10,resource_energy_disruptions,-0.0749,-0.1336,,0.5667,procurement_supply_chain,0.5667,0.058,0.0433,0.0534,0.0479,0.0517,0.0439,0.0439,0.0474,0.0439
us_tariffs_2025,PAA,10,trade_policy_actions,-0.1538,-0.129,,0.5369,procurement_supply_chain,0.5369,0.0498,0.0539,0.052,0.0369,0.057,0.0514,0.0514,0.0592,0.0514
chile_lithium_nationalization,APTV,25,political_transitions_volatility,-0.0418,-0.1168,,0.6673,revenue_market_access,0.008,0.6673,0.0396,0.0371,0.0319,0.0472,0.0398,0.0398,0.0494,0.0398
india_demonetization_2016,APTV,25,political_transitions_volatility,-0.0476,-0.0131,,0.6673,revenue_market_access,0.008,0.6673,0.0396,0.0371,0.0319,0.0472,0.0398,0.0398,0.0494,0.0398
covid_lockdown_start,MLI,20,armed_conflict_instability,-0.2844,-0.0287,,0.6542,logistics_operations,0.0106,0.0381,0.0451,0.0337,0.6542,0.044,0.0419,0.0419,0.0486,0.0419
india_pakistan_sindoor,MLI,20,armed_conflict_instability,0.0748,-0.0008,,0.6542,logistics_operations,0.0106,0.0381,0.0451,0.0337,0.6542,0.044,0.0419,0.0419,0.0486,0.0419
red_sea_houthi_2023,MLI,20,armed_conflict_instability,0.06,0.0748,,0.6542,logistics_operations,0.0106,0.0381,0.0451,0.0337,0.6542,0.044,0.0419,0.0419,0.0486,0.0419
suez_blockage_2021,MLI,20,armed_conflict_instability,0.026,0.1409,,0.6542,logistics_operations,0.0106,0.0381,0.0451,0.0337,0.6542,0.044,0.0419,0.0419,0.0486,0.0419
us_iran_war_2026,MLI,20,armed_conflict_instability,-0.0296,0.0525,,0.6542,logistics_operations,0.0106,0.0381,0.0451,0.0337,0.6542,0.044,0.0419,0.0419,0.0486,0.0419
covid_lockdown_start,J,20,armed_conflict_instability,-0.0974,-0.0938,,0.6542,logistics_operations,0.0106,0.0381,0.0451,0.0337,0.6542,0.044,0.0419,0.0419,0.0486,0.0419
india_pakistan_sindoor,J,20,armed_conflict_instability,0.0581,0.0808,,0.6542,logistics_operations,0.0106,0.0381,0.0451,0.0337,0.6542,0.044,0.0419,0.0419,0.0486,0.0419
russia_invasion_2022,J,20,armed_conflict_instability,0.0705,0.2027,,0.6542,logistics_operations,0.0106,0.0381,0.0451,0.0337,0.6542,0.044,0.0419,0.0419,0.0486,0.0419
suez_blockage_2021,J,20,armed_conflict_instability,0.052,0.1344,,0.6542,logistics_operations,0.0106,0.0381,0.0451,0.0337,0.6542,0.044,0.0419,0.0419,0.0486,0.0419
us_chip_export_oct2022,RMBS,45,technology_controls,-0.0552,0.3746,,0.71,innovation_ip,0.0137,0.0294,0.0366,0.0313,0.0298,0.71,0.0344,0.0344,0.0458,0.0344
us_chip_export_oct2023,RMBS,45,technology_controls,-0.0566,0.1709,,0.71,innovation_ip,0.0137,0.0294,0.0366,0.0313,0.0298,0.71,0.0344,0.0344,0.0458,0.0344
covid_lockdown_start,CSL,20,armed_conflict_instability,-0.0775,-0.0937,,0.6542,logistics_operations,0.0106,0.0381,0.0451,0.0337,0.6542,0.044,0.0419,0.0419,0.0486,0.0419
india_pakistan_sindoor,CSL,20,armed_conflict_instability,0.0391,-0.0749,,0.6542,logistics_operations,0.0106,0.0381,0.0451,0.0337,0.6542,0.044,0.0419,0.0419,0.0486,0.0419
notpetya_2017,CSL,20,armed_conflict_instability,0.0389,0.0414,,0.6542,logistics_operations,0.0106,0.0381,0.0451,0.0337,0.6542,0.044,0.0419,0.0419,0.0486,0.0419
russia_invasion_2022,CSL,20,armed_conflict_instability,0.0342,0.0186,,0.6542,logistics_operations,0.0106,0.0381,0.0451,0.0337,0.6542,0.044,0.0419,0.0419,0.0486,0.0419
suez_blockage_2021,CSL,20,armed_conflict_instability,0.0886,0.2564,,0.6542,logistics_operations,0.0106,0.0381,0.0451,0.0337,0.6542,0.044,0.0419,0.0419,0.0486,0.0419
us_iran_war_2026,CSL,20,armed_conflict_instability,-0.106,-0.0939,,0.6542,logistics_operations,0.0106,0.0381,0.0451,0.0337,0.6542,0.044,0.0419,0.0419,0.0486,0.0419
covid_lockdown_start,PNR,20,armed_conflict_instability,-0.2967,-0.1542,,0.6542,logistics_operations,0.0106,0.0381,0.0451,0.0337,0.6542,0.044,0.0419,0.0419,0.0486,0.0419
india_pakistan_sindoor,PNR,20,armed_conflict_instability,0.0588,0.0598,,0.6542,logistics_operations,0.0106,0.0381,0.0451,0.0337,0.6542,0.044,0.0419,0.0419,0.0486,0.0419
suez_blockage_2021,PNR,20,armed_conflict_instability,0.0465,0.1381,,0.6542,logistics_operations,0.0106,0.0381,0.0451,0.0337,0.6542,0.044,0.0419,0.0419,0.0486,0.0419
us_iran_war_2026,PNR,20,armed_conflict_instability,-0.0705,-0.0845,,0.6542,logistics_operations,0.0106,0.0381,0.0451,0.0337,0.6542,0.044,0.0419,0.0419,0.0486,0.0419
opec_price_war_2014,YARIY,15,resource_energy_disruptions,-0.0545,0.1082,,0.5667,procurement_supply_chain,0.5667,0.058,0.0433,0.0534,0.0479,0.0517,0.0439,0.0439,0.0474,0.0439
xinjiang_boycott_2021,YARIY,15,trade_policy_actions,0.0369,0.0647,,0.5369,procurement_supply_chain,0.5369,0.0498,0.0539,0.052,0.0369,0.057,0.0514,0.0514,0.0592,0.0514
india_pakistan_sindoor,LTM,20,armed_conflict_instability,0.106,0.153,,0.6542,logistics_operations,0.0106,0.0381,0.0451,0.0337,0.6542,0.044,0.0419,0.0419,0.0486,0.0419
us_iran_war_2026,LTM,20,armed_conflict_instability,-0.1318,-0.0369,,0.6542,logistics_operations,0.0106,0.0381,0.0451,0.0337,0.6542,0.044,0.0419,0.0419,0.0486,0.0419
us_chip_export_oct2022,SITM,45,technology_controls,-0.1193,0.263,,0.71,innovation_ip,0.0137,0.0294,0.0366,0.0313,0.0298,0.71,0.0344,0.0344,0.0458,0.0344
us_chip_export_oct2023,SITM,45,technology_controls,-0.0665,-0.0212,,0.71,innovation_ip,0.0137,0.0294,0.0366,0.0313,0.0298,0.71,0.0344,0.0344,0.0458,0.0344
covid_lockdown_start,GFL,20,armed_conflict_instability,-0.1223,-0.0635,,0.6542,logistics_operations,0.0106,0.0381,0.0451,0.0337,0.6542,0.044,0.0419,0.0419,0.0486,0.0419
india_pakistan_sindoor,GFL,20,armed_conflict_instability,-0.0669,-0.0355,,0.6542,logistics_operations,0.0106,0.0381,0.0451,0.0337,0.6542,0.044,0.0419,0.0419,0.0486,0.0419
israel_hamas_2023,GFL,20,armed_conflict_instability,-0.0506,-0.078,,0.6542,logistics_operations,0.0106,0.0381,0.0451,0.0337,0.6542,0.044,0.0419,0.0419,0.0486,0.0419
suez_blockage_2021,GFL,20,armed_conflict_instability,0.0348,-0.0015,,0.6542,logistics_operations,0.0106,0.0381,0.0451,0.0337,0.6542,0.044,0.0419,0.0419,0.0486,0.0419
us_chip_export_oct2022,ONTO,45,technology_controls,-0.1361,0.1667,,0.71,innovation_ip,0.0137,0.0294,0.0366,0.0313,0.0298,0.71,0.0344,0.0344,0.0458,0.0344
us_chip_export_oct2023,ONTO,45,technology_controls,-0.082,0.0943,,0.71,innovation_ip,0.0137,0.0294,0.0366,0.0313,0.0298,0.71,0.0344,0.0344,0.0458,0.0344
covid_lockdown_start,AEIS,20,armed_conflict_instability,-0.3136,-0.0554,,0.6542,logistics_operations,0.0106,0.0381,0.0451,0.0337,0.6542,0.044,0.0419,0.0419,0.0486,0.0419
india_pakistan_sindoor,AEIS,20,armed_conflict_instability,0.083,0.1724,,0.6542,logistics_operations,0.0106,0.0381,0.0451,0.0337,0.6542,0.044,0.0419,0.0419,0.0486,0.0419
suez_blockage_2021,AEIS,20,armed_conflict_instability,0.0559,-0.0667,,0.6542,logistics_operations,0.0106,0.0381,0.0451,0.0337,0.6542,0.044,0.0419,0.0419,0.0486,0.0419
us_iran_war_2026,AEIS,20,armed_conflict_instability,-0.091,0.1495,,0.6542,logistics_operations,0.0106,0.0381,0.0451,0.0337,0.6542,0.044,0.0419,0.0419,0.0486,0.0419
us_chip_export_oct2022,TYL,45,technology_controls,-0.1052,-0.1119,,0.71,innovation_ip,0.0137,0.0294,0.0366,0.0313,0.0298,0.71,0.0344,0.0344,0.0458,0.0344
us_chip_export_oct2023,TYL,45,technology_controls,-0.0346,0.0509,,0.71,innovation_ip,0.0137,0.0294,0.0366,0.0313,0.0298,0.71,0.0344,0.0344,0.0458,0.0344
india_pakistan_sindoor,LECO,20,armed_conflict_instability,0.0787,0.1087,,0.6542,logistics_operations,0.0106,0.0381,0.0451,0.0337,0.6542,0.044,0.0419,0.0419,0.0486,0.0419
russia_invasion_2022,LECO,20,armed_conflict_instability,0.0316,0.0386,,0.6542,logistics_operations,0.0106,0.0381,0.0451,0.0337,0.6542,0.044,0.0419,0.0419,0.0486,0.0419
suez_blockage_2021,LECO,20,armed_conflict_instability,0.0325,0.0974,,0.6542,logistics_operations,0.0106,0.0381,0.0451,0.0337,0.6542,0.044,0.0419,0.0419,0.0486,0.0419
us_iran_war_2026,LECO,20,armed_conflict_instability,-0.0705,-0.0833,,0.6542,logistics_operations,0.0106,0.0381,0.0451,0.0337,0.6542,0.044,0.0419,0.0419,0.0486,0.0419
eu_energy_crisis_peak,WLK,15,resource_energy_disruptions,-0.1048,-0.1654,,0.5667,procurement_supply_chain,0.5667,0.058,0.0433,0.0534,0.0479,0.0517,0.0439,0.0439,0.0474,0.0439
opec_price_war_2014,WLK,15,resource_energy_disruptions,-0.0706,-0.1818,,0.5667,procurement_supply_chain,0.5667,0.058,0.0433,0.0534,0.0479,0.0517,0.0439,0.0439,0.0474,0.0439
us_tariffs_2025,WLK,15,trade_policy_actions,-0.0812,-0.1886,,0.5369,procurement_supply_chain,0.5369,0.0498,0.0539,0.052,0.0369,0.057,0.0514,0.0514,0.0592,0.0514
xinjiang_boycott_2021,WLK,15,trade_policy_actions,0.0285,0.1848,,0.5369,procurement_supply_chain,0.5369,0.0498,0.0539,0.052,0.0369,0.057,0.0514,0.0514,0.0592,0.0514
covid_lockdown_start,RRX,20,armed_conflict_instability,-0.2076,-0.093,,0.6542,logistics_operations,0.0106,0.0381,0.0451,0.0337,0.6542,0.044,0.0419,0.0419,0.0486,0.0419
india_pakistan_sindoor,RRX,20,armed_conflict_instability,0.0956,0.0753,,0.6542,logistics_operations,0.0106,0.0381,0.0451,0.0337,0.6542,0.044,0.0419,0.0419,0.0486,0.0419
israel_hamas_2023,RRX,20,armed_conflict_instability,-0.0282,-0.1416,,0.6542,logistics_operations,0.0106,0.0381,0.0451,0.0337,0.6542,0.044,0.0419,0.0419,0.0486,0.0419
notpetya_2017,RRX,20,armed_conflict_instability,0.0316,0.0115,,0.6542,logistics_operations,0.0106,0.0381,0.0451,0.0337,0.6542,0.044,0.0419,0.0419,0.0486,0.0419
russia_invasion_2022,RRX,20,armed_conflict_instability,0.0412,-0.105,,0.6542,logistics_operations,0.0106,0.0381,0.0451,0.0337,0.6542,0.044,0.0419,0.0419,0.0486,0.0419
us_iran_war_2026,RRX,20,armed_conflict_instability,-0.1131,-0.0508,,0.6542,logistics_operations,0.0106,0.0381,0.0451,0.0337,0.6542,0.044,0.0419,0.0419,0.0486,0.0419
india_demonetization_2016,PFGC,30,political_transitions_volatility,-0.0483,-0.0201,,0.6673,revenue_market_access,0.008,0.6673,0.0396,0.0371,0.0319,0.0472,0.0398,0.0398,0.0494,0.0398
panama_mine_closure_2023,PFGC,30,political_transitions_volatility,0.0392,0.1041,,0.6673,revenue_market_access,0.008,0.6673,0.0396,0.0371,0.0319,0.0472,0.0398,0.0398,0.0494,0.0398
us_chip_export_oct2022,AKAM,45,technology_controls,-0.0256,0.1081,,0.71,innovation_ip,0.0137,0.0294,0.0366,0.0313,0.0298,0.71,0.0344,0.0344,0.0458,0.0344
us_chip_export_oct2023,AKAM,45,technology_controls,-0.0313,0.0749,,0.71,innovation_ip,0.0137,0.0294,0.0366,0.0313,0.0298,0.71,0.0344,0.0344,0.0458,0.0344
india_demonetization_2016,TOL,25,political_transitions_volatility,0.0524,0.1564,,0.6673,revenue_market_access,0.008,0.6673,0.0396,0.0371,0.0319,0.0472,0.0398,0.0398,0.0494,0.0398
panama_mine_closure_2023,TOL,25,political_transitions_volatility,0.0329,0.23,,0.6673,revenue_market_access,0.008,0.6673,0.0396,0.0371,0.0319,0.0472,0.0398,0.0398,0.0494,0.0398
india_demonetization_2016,MKC,30,political_transitions_volatility,-0.0387,-0.0266,,0.6673,revenue_market_access,0.008,0.6673,0.0396,0.0371,0.0319,0.0472,0.0398,0.0398,0.0494,0.0398
panama_mine_closure_2023,MKC,30,political_transitions_volatility,0.0252,0.0172,,0.6673,revenue_market_access,0.008,0.6673,0.0396,0.0371,0.0319,0.0472,0.0398,0.0398,0.0494,0.0398
us_chip_export_oct2023,LOGI,45,technology_controls,0.0691,0.1969,,0.71,innovation_ip,0.0137,0.0294,0.0366,0.0313,0.0298,0.71,0.0344,0.0344,0.0458,0.0344
us_chip_export_oct2022,TTMI,45,technology_controls,-0.0798,0.1175,,0.71,innovation_ip,0.0137,0.0294,0.0366,0.0313,0.0298,0.71,0.0344,0.0344,0.0458,0.0344
us_chip_export_oct2023,TTMI,45,technology_controls,-0.0659,0.1523,,0.71,innovation_ip,0.0137,0.0294,0.0366,0.0313,0.0298,0.71,0.0344,0.0344,0.0458,0.0344
eu_energy_crisis_peak,APA,10,resource_energy_disruptions,-0.0343,0.0246,,0.5667,procurement_supply_chain,0.5667,0.058,0.0433,0.0534,0.0479,0.0517,0.0439,0.0439,0.0474,0.0439
opec_price_war_2014,APA,10,resource_energy_disruptions,-0.1467,-0.1908,,0.5667,procurement_supply_chain,0.5667,0.058,0.0433,0.0534,0.0479,0.0517,0.0439,0.0439,0.0474,0.0439
us_tariffs_2025,APA,10,trade_policy_actions,-0.2133,-0.1501,,0.5369,procurement_supply_chain,0.5369,0.0498,0.0539,0.052,0.0369,0.057,0.0514,0.0514,0.0592,0.0514
xinjiang_boycott_2021,APA,10,trade_policy_actions,-0.0366,0.1551,,0.5369,procurement_supply_chain,0.5369,0.0498,0.0539,0.052,0.0369,0.057,0.0514,0.0514,0.0592,0.0514
chile_lithium_nationalization,HAS,25,political_transitions_volatility,0.149,0.1843,,0.6673,revenue_market_access,0.008,0.6673,0.0396,0.0371,0.0319,0.0472,0.0398,0.0398,0.0494,0.0398
india_demonetization_2016,HAS,25,political_transitions_volatility,0.0256,-0.0395,,0.6673,revenue_market_access,0.008,0.6673,0.0396,0.0371,0.0319,0.0472,0.0398,0.0398,0.0494,0.0398
panama_mine_closure_2023,HAS,25,political_transitions_volatility,0.0494,0.0829,,0.6673,revenue_market_access,0.008,0.6673,0.0396,0.0371,0.0319,0.0472,0.0398,0.0398,0.0494,0.0398
eu_energy_crisis_peak,DTM,10,resource_energy_disruptions,-0.0407,-0.0643,,0.5667,procurement_supply_chain,0.5667,0.058,0.0433,0.0534,0.0479,0.0517,0.0439,0.0439,0.0474,0.0439
us_tariffs_2025,DTM,10,trade_policy_actions,-0.0648,0.0405,,0.5369,procurement_supply_chain,0.5369,0.0498,0.0539,0.052,0.0369,0.057,0.0514,0.0514,0.0592,0.0514
chile_lithium_nationalization,CRRFY,30,political_transitions_volatility,0.0272,-0.0941,,0.6673,revenue_market_access,0.008,0.6673,0.0396,0.0371,0.0319,0.0472,0.0398,0.0398,0.0494,0.0398
india_demonetization_2016,CRRFY,30,political_transitions_volatility,-0.0797,-0.1101,,0.6673,revenue_market_access,0.008,0.6673,0.0396,0.0371,0.0319,0.0472,0.0398,0.0398,0.0494,0.0398
covid_lockdown_start,GGG,20,armed_conflict_instability,-0.1438,-0.0676,,0.6542,logistics_operations,0.0106,0.0381,0.0451,0.0337,0.6542,0.044,0.0419,0.0419,0.0486,0.0419
india_pakistan_sindoor,GGG,20,armed_conflict_instability,0.0377,0.0246,,0.6542,logistics_operations,0.0106,0.0381,0.0451,0.0337,0.6542,0.044,0.0419,0.0419,0.0486,0.0419
suez_blockage_2021,GGG,20,armed_conflict_instability,0.0542,0.1356,,0.6542,logistics_operations,0.0106,0.0381,0.0451,0.0337,0.6542,0.044,0.0419,0.0419,0.0486,0.0419
us_iran_war_2026,GGG,20,armed_conflict_instability,-0.058,-0.0654,,0.6542,logistics_operations,0.0106,0.0381,0.0451,0.0337,0.6542,0.044,0.0419,0.0419,0.0486,0.0419
opec_price_war_2014,RPM,15,resource_energy_disruptions,0.0251,-0.0338,,0.5667,procurement_supply_chain,0.5667,0.058,0.0433,0.0534,0.0479,0.0517,0.0439,0.0439,0.0474,0.0439
us_tariffs_2025,RPM,15,trade_policy_actions,-0.1015,-0.0223,,0.5369,procurement_supply_chain,0.5369,0.0498,0.0539,0.052,0.0369,0.057,0.0514,0.0514,0.0592,0.0514
us_iran_war_2026,LGN,20,armed_conflict_instability,-0.1311,0.138,,0.6542,logistics_operations,0.0106,0.0381,0.0451,0.0337,0.6542,0.044,0.0419,0.0419,0.0486,0.0419
india_pakistan_sindoor,PL,20,armed_conflict_instability,0.1243,0.4538,,0.6542,logistics_operations,0.0106,0.0381,0.0451,0.0337,0.6542,0.044,0.0419,0.0419,0.0486,0.0419
israel_hamas_2023,PL,20,armed_conflict_instability,-0.1226,-0.069,,0.6542,logistics_operations,0.0106,0.0381,0.0451,0.0337,0.6542,0.044,0.0419,0.0419,0.0486,0.0419
red_sea_houthi_2023,PL,20,armed_conflict_instability,-0.0408,-0.0776,,0.6542,logistics_operations,0.0106,0.0381,0.0451,0.0337,0.6542,0.044,0.0419,0.0419,0.0486,0.0419
russia_invasion_2022,PL,20,armed_conflict_instability,-0.0527,0.0547,,0.6542,logistics_operations,0.0106,0.0381,0.0451,0.0337,0.6542,0.044,0.0419,0.0419,0.0486,0.0419
us_iran_war_2026,PL,20,armed_conflict_instability,0.0696,0.4056,,0.6542,logistics_operations,0.0106,0.0381,0.0451,0.0337,0.6542,0.044,0.0419,0.0419,0.0486,0.0419
covid_lockdown_start,PAC,20,armed_conflict_instability,-0.4362,-0.3924,,0.6542,logistics_operations,0.0106,0.0381,0.0451,0.0337,0.6542,0.044,0.0419,0.0419,0.0486,0.0419
israel_hamas_2023,PAC,20,armed_conflict_instability,0.0533,0.1028,,0.6542,logistics_operations,0.0106,0.0381,0.0451,0.0337,0.6542,0.044,0.0419,0.0419,0.0486,0.0419
russia_invasion_2022,PAC,20,armed_conflict_instability,-0.0334,0.105,,0.6542,logistics_operations,0.0106,0.0381,0.0451,0.0337,0.6542,0.044,0.0419,0.0419,0.0486,0.0419
us_iran_war_2026,PAC,20,armed_conflict_instability,-0.0936,-0.0965,,0.6542,logistics_operations,0.0106,0.0381,0.0451,0.0337,0.6542,0.044,0.0419,0.0419,0.0486,0.0419
chile_lithium_nationalization,MOD,25,political_transitions_volatility,-0.0348,0.4125,,0.6673,revenue_market_access,0.008,0.6673,0.0396,0.0371,0.0319,0.0472,0.0398,0.0398,0.0494,0.0398
india_demonetization_2016,MOD,25,political_transitions_volatility,0.2656,0.5937,,0.6673,revenue_market_access,0.008,0.6673,0.0396,0.0371,0.0319,0.0472,0.0398,0.0398,0.0494,0.0398
panama_mine_closure_2023,MOD,25,political_transitions_volatility,0.0547,0.2711,,0.6673,revenue_market_access,0.008,0.6673,0.0396,0.0371,0.0319,0.0472,0.0398,0.0398,0.0494,0.0398
india_demonetization_2016,FIVE,25,political_transitions_volatility,0.0884,0.0857,,0.6673,revenue_market_access,0.008,0.6673,0.0396,0.0371,0.0319,0.0472,0.0398,0.0398,0.0494,0.0398
panama_mine_closure_2023,FIVE,25,political_transitions_volatility,0.0541,-0.0076,,0.6673,revenue_market_access,0.008,0.6673,0.0396,0.0371,0.0319,0.0472,0.0398,0.0398,0.0494,0.0398
covid_lockdown_start,BLD,20,armed_conflict_instability,-0.3059,-0.1203,,0.6542,logistics_operations,0.0106,0.0381,0.0451,0.0337,0.6542,0.044,0.0419,0.0419,0.0486,0.0419
india_pakistan_sindoor,BLD,20,armed_conflict_instability,0.0525,0.1088,,0.6542,logistics_operations,0.0106,0.0381,0.0451,0.0337,0.6542,0.044,0.0419,0.0419,0.0486,0.0419
russia_invasion_2022,BLD,20,armed_conflict_instability,0.0364,-0.1656,,0.6542,logistics_operations,0.0106,0.0381,0.0451,0.0337,0.6542,0.044,0.0419,0.0419,0.0486,0.0419
suez_blockage_2021,BLD,20,armed_conflict_instability,0.0827,0.1799,,0.6542,logistics_operations,0.0106,0.0381,0.0451,0.0337,0.6542,0.044,0.0419,0.0419,0.0486,0.0419
us_iran_war_2026,BLD,20,armed_conflict_instability,-0.137,-0.1064,,0.6542,logistics_operations,0.0106,0.0381,0.0451,0.0337,0.6542,0.044,0.0419,0.0419,0.0486,0.0419
covid_lockdown_start,CNH,20,armed_conflict_instability,-0.251,-0.1535,,0.6542,logistics_operations,0.0106,0.0381,0.0451,0.0337,0.6542,0.044,0.0419,0.0419,0.0486,0.0419
india_pakistan_sindoor,CNH,20,armed_conflict_instability,0.0926,0.068,,0.6542,logistics_operations,0.0106,0.0381,0.0451,0.0337,0.6542,0.044,0.0419,0.0419,0.0486,0.0419
red_sea_houthi_2023,CNH,20,armed_conflict_instability,0.0436,0.0453,,0.6542,logistics_operations,0.0106,0.0381,0.0451,0.0337,0.6542,0.044,0.0419,0.0419,0.0486,0.0419
suez_blockage_2021,CNH,20,armed_conflict_instability,0.0633,0.0627,,0.6542,logistics_operations,0.0106,0.0381,0.0451,0.0337,0.6542,0.044,0.0419,0.0419,0.0486,0.0419
us_iran_war_2026,CNH,20,armed_conflict_instability,-0.0943,-0.0659,,0.6542,logistics_operations,0.0106,0.0381,0.0451,0.0337,0.6542,0.044,0.0419,0.0419,0.0486,0.0419
india_demonetization_2016,BBY,25,political_transitions_volatility,0.0498,0.2398,,0.6673,revenue_market_access,0.008,0.6673,0.0396,0.0371,0.0319,0.0472,0.0398,0.0398,0.0494,0.0398
panama_mine_closure_2023,BBY,25,political_transitions_volatility,0.042,0.0643,,0.6673,revenue_market_access,0.008,0.6673,0.0396,0.0371,0.0319,0.0472,0.0398,0.0398,0.0494,0.0398
chile_lithium_nationalization,AVY,25,political_transitions_volatility,-0.0479,-0.0655,,0.6673,revenue_market_access,0.008,0.6673,0.0396,0.0371,0.0319,0.0472,0.0398,0.0398,0.0494,0.0398
chile_lithium_nationalization,COKE,30,political_transitions_volatility,0.0346,0.2485,,0.6673,revenue_market_access,0.008,0.6673,0.0396,0.0371,0.0319,0.0472,0.0398,0.0398,0.0494,0.0398
india_demonetization_2016,COKE,30,political_transitions_volatility,0.1651,0.2544,,0.6673,revenue_market_access,0.008,0.6673,0.0396,0.0371,0.0319,0.0472,0.0398,0.0398,0.0494,0.0398
panama_mine_closure_2023,COKE,30,political_transitions_volatility,0.0493,0.2661,,0.6673,revenue_market_access,0.008,0.6673,0.0396,0.0371,0.0319,0.0472,0.0398,0.0398,0.0494,0.0398
covid_lockdown_start,GNRC,20,armed_conflict_instability,-0.1327,-0.0501,,0.6542,logistics_operations,0.0106,0.0381,0.0451,0.0337,0.6542,0.044,0.0419,0.0419,0.0486,0.0419
india_pakistan_sindoor,GNRC,20,armed_conflict_instability,0.1074,0.0973,,0.6542,logistics_operations,0.0106,0.0381,0.0451,0.0337,0.6542,0.044,0.0419,0.0419,0.0486,0.0419
notpetya_2017,GNRC,20,armed_conflict_instability,0.0373,0.0813,,0.6542,logistics_operations,0.0106,0.0381,0.0451,0.0337,0.6542,0.044,0.0419,0.0419,0.0486,0.0419
russia_invasion_2022,GNRC,20,armed_conflict_instability,0.0615,-0.0146,,0.6542,logistics_operations,0.0106,0.0381,0.0451,0.0337,0.6542,0.044,0.0419,0.0419,0.0486,0.0419
suez_blockage_2021,GNRC,20,armed_conflict_instability,0.0467,0.0519,,0.6542,logistics_operations,0.0106,0.0381,0.0451,0.0337,0.6542,0.044,0.0419,0.0419,0.0486,0.0419
us_iran_war_2026,GNRC,20,armed_conflict_instability,-0.081,-0.0599,,0.6542,logistics_operations,0.0106,0.0381,0.0451,0.0337,0.6542,0.044,0.0419,0.0419,0.0486,0.0419
eu_energy_crisis_peak,JHX,15,resource_energy_disruptions,-0.0447,-0.1213,,0.5667,procurement_supply_chain,0.5667,0.058,0.0433,0.0534,0.0479,0.0517,0.0439,0.0439,0.0474,0.0439
xinjiang_boycott_2021,JHX,15,trade_policy_actions,0.0433,0.158,,0.5369,procurement_supply_chain,0.5369,0.0498,0.0539,0.052,0.0369,0.057,0.0514,0.0514,0.0592,0.0514
covid_lockdown_start,ALLE,20,armed_conflict_instability,-0.1553,-0.1688,,0.6542,logistics_operations,0.0106,0.0381,0.0451,0.0337,0.6542,0.044,0.0419,0.0419,0.0486,0.0419
red_sea_houthi_2023,ALLE,20,armed_conflict_instability,0.0732,0.0542,,0.6542,logistics_operations,0.0106,0.0381,0.0451,0.0337,0.6542,0.044,0.0419,0.0419,0.0486,0.0419
russia_invasion_2022,ALLE,20,armed_conflict_instability,0.0538,-0.0255,,0.6542,logistics_operations,0.0106,0.0381,0.0451,0.0337,0.6542,0.044,0.0419,0.0419,0.0486,0.0419
suez_blockage_2021,ALLE,20,armed_conflict_instability,0.0503,0.1421,,0.6542,logistics_operations,0.0106,0.0381,0.0451,0.0337,0.6542,0.044,0.0419,0.0419,0.0486,0.0419
us_iran_war_2026,ALLE,20,armed_conflict_instability,-0.0678,-0.0842,,0.6542,logistics_operations,0.0106,0.0381,0.0451,0.0337,0.6542,0.044,0.0419,0.0419,0.0486,0.0419
eu_energy_crisis_peak,SUN,10,resource_energy_disruptions,-0.0409,-0.0562,,0.5667,procurement_supply_chain,0.5667,0.058,0.0433,0.0534,0.0479,0.0517,0.0439,0.0439,0.0474,0.0439
us_tariffs_2025,SUN,10,trade_policy_actions,-0.105,-0.0148,,0.5369,procurement_supply_chain,0.5369,0.0498,0.0539,0.052,0.0369,0.057,0.0514,0.0514,0.0592,0.0514
covid_lockdown_start,DY,20,armed_conflict_instability,-0.2522,0.5421,,0.6542,logistics_operations,0.0106,0.0381,0.0451,0.0337,0.6542,0.044,0.0419,0.0419,0.0486,0.0419
india_pakistan_sindoor,DY,20,armed_conflict_instability,0.0548,0.2764,,0.6542,logistics_operations,0.0106,0.0381,0.0451,0.0337,0.6542,0.044,0.0419,0.0419,0.0486,0.0419
suez_blockage_2021,DY,20,armed_conflict_instability,0.0337,0.1181,,0.6542,logistics_operations,0.0106,0.0381,0.0451,0.0337,0.6542,0.044,0.0419,0.0419,0.0486,0.0419
us_iran_war_2026,DY,20,armed_conflict_instability,-0.1422,-0.0661,,0.6542,logistics_operations,0.0106,0.0381,0.0451,0.0337,0.6542,0.044,0.0419,0.0419,0.0486,0.0419
eu_energy_crisis_peak,HL,15,resource_energy_disruptions,-0.0441,0.049,,0.5667,procurement_supply_chain,0.5667,0.058,0.0433,0.0534,0.0479,0.0517,0.0439,0.0439,0.0474,0.0439
opec_price_war_2014,HL,15,resource_energy_disruptions,-0.0309,0.1815,,0.5667,procurement_supply_chain,0.5667,0.058,0.0433,0.0534,0.0479,0.0517,0.0439,0.0439,0.0474,0.0439
us_china_trade_war_start,HL,15,trade_policy_actions,-0.0724,-0.2654,,0.5369,procurement_supply_chain,0.5369,0.0498,0.0539,0.052,0.0369,0.057,0.0514,0.0514,0.0592,0.0514
us_tariffs_2025,HL,15,trade_policy_actions,-0.0605,-0.1406,,0.5369,procurement_supply_chain,0.5369,0.0498,0.0539,0.052,0.0369,0.057,0.0514,0.0514,0.0592,0.0514
us_tariffs_2025,VARRY,10,trade_policy_actions,-0.1648,-0.0705,,0.5369,procurement_supply_chain,0.5369,0.0498,0.0539,0.052,0.0369,0.057,0.0514,0.0514,0.0592,0.0514
covid_lockdown_start,ARMK,20,armed_conflict_instability,-0.5025,-0.1123,,0.6542,logistics_operations,0.0106,0.0381,0.0451,0.0337,0.6542,0.044,0.0419,0.0419,0.0486,0.0419
israel_hamas_2023,ARMK,20,armed_conflict_instability,0.0809,0.1325,,0.6542,logistics_operations,0.0106,0.0381,0.0451,0.0337,0.6542,0.044,0.0419,0.0419,0.0486,0.0419
us_iran_war_2026,ARMK,20,armed_conflict_instability,-0.0366,0.0562,,0.6542,logistics_operations,0.0106,0.0381,0.0451,0.0337,0.6542,0.044,0.0419,0.0419,0.0486,0.0419
panama_mine_closure_2023,SCI,25,political_transitions_volatility,0.0658,0.1105,,0.6673,revenue_market_access,0.008,0.6673,0.0396,0.0371,0.0319,0.0472,0.0398,0.0398,0.0494,0.0398
india_demonetization_2016,HRL,30,political_transitions_volatility,-0.0462,-0.0711,,0.6673,revenue_market_access,0.008,0.6673,0.0396,0.0371,0.0319,0.0472,0.0398,0.0398,0.0494,0.0398
covid_lockdown_start,WMS,20,armed_conflict_instability,-0.3836,-0.1435,,0.6542,logistics_operations,0.0106,0.0381,0.0451,0.0337,0.6542,0.044,0.0419,0.0419,0.0486,0.0419
india_pakistan_sindoor,WMS,20,armed_conflict_instability,0.0941,0.0297,,0.6542,logistics_operations,0.0106,0.0381,0.0451,0.0337,0.6542,0.044,0.0419,0.0419,0.0486,0.0419
notpetya_2017,WMS,20,armed_conflict_instability,-0.0502,-0.0072,,0.6542,logistics_operations,0.0106,0.0381,0.0451,0.0337,0.6542,0.044,0.0419,0.0419,0.0486,0.0419
russia_invasion_2022,WMS,20,armed_conflict_instability,0.1255,0.006,,0.6542,logistics_operations,0.0106,0.0381,0.0451,0.0337,0.6542,0.044,0.0419,0.0419,0.0486,0.0419
us_iran_war_2026,WMS,20,armed_conflict_instability,-0.1242,-0.0908,,0.6542,logistics_operations,0.0106,0.0381,0.0451,0.0337,0.6542,0.044,0.0419,0.0419,0.0486,0.0419
chile_lithium_nationalization,CLX,30,political_transitions_volatility,0.0273,-0.0025,,0.6673,revenue_market_access,0.008,0.6673,0.0396,0.0371,0.0319,0.0472,0.0398,0.0398,0.0494,0.0398
us_chip_export_oct2022,VICR,45,technology_controls,-0.1771,-0.0707,,0.71,innovation_ip,0.0137,0.0294,0.0366,0.0313,0.0298,0.71,0.0344,0.0344,0.0458,0.0344
covid_lockdown_start,SAIA,20,armed_conflict_instability,0.0701,0.0653,,0.6542,logistics_operations,0.0106,0.0381,0.0451,0.0337,0.6542,0.044,0.0419,0.0419,0.0486,0.0419
india_pakistan_sindoor,SAIA,20,armed_conflict_instability,0.1116,-0.0137,,0.6542,logistics_operations,0.0106,0.0381,0.0451,0.0337,0.6542,0.044,0.0419,0.0419,0.0486,0.0419
notpetya_2017,SAIA,20,armed_conflict_instability,0.0765,0.0878,,0.6542,logistics_operations,0.0106,0.0381,0.0451,0.0337,0.6542,0.044,0.0419,0.0419,0.0486,0.0419
red_sea_houthi_2023,SAIA,20,armed_conflict_instability,0.0892,0.0861,,0.6542,logistics_operations,0.0106,0.0381,0.0451,0.0337,0.6542,0.044,0.0419,0.0419,0.0486,0.0419
russia_invasion_2022,SAIA,20,armed_conflict_instability,0.0596,-0.2209,,0.6542,logistics_operations,0.0106,0.0381,0.0451,0.0337,0.6542,0.044,0.0419,0.0419,0.0486,0.0419
suez_blockage_2021,SAIA,20,armed_conflict_instability,0.1034,0.1317,,0.6542,logistics_operations,0.0106,0.0381,0.0451,0.0337,0.6542,0.044,0.0419,0.0419,0.0486,0.0419
us_iran_war_2026,SAIA,20,armed_conflict_instability,-0.0903,-0.0023,,0.6542,logistics_operations,0.0106,0.0381,0.0451,0.0337,0.6542,0.044,0.0419,0.0419,0.0486,0.0419
covid_lockdown_start,IESC,20,armed_conflict_instability,-0.3611,-0.1933,,0.6542,logistics_operations,0.0106,0.0381,0.0451,0.0337,0.6542,0.044,0.0419,0.0419,0.0486,0.0419
india_pakistan_sindoor,IESC,20,armed_conflict_instability,0.1071,0.1304,,0.6542,logistics_operations,0.0106,0.0381,0.0451,0.0337,0.6542,0.044,0.0419,0.0419,0.0486,0.0419
israel_hamas_2023,IESC,20,armed_conflict_instability,-0.1147,-0.054,,0.6542,logistics_operations,0.0106,0.0381,0.0451,0.0337,0.6542,0.044,0.0419,0.0419,0.0486,0.0419
suez_blockage_2021,IESC,20,armed_conflict_instability,0.0725,0.1007,,0.6542,logistics_operations,0.0106,0.0381,0.0451,0.0337,0.6542,0.044,0.0419,0.0419,0.0486,0.0419
us_iran_war_2026,IESC,20,armed_conflict_instability,-0.091,0.0985,,0.6542,logistics_operations,0.0106,0.0381,0.0451,0.0337,0.6542,0.044,0.0419,0.0419,0.0486,0.0419
us_chip_export_oct2022,CACI,45,technology_controls,-0.0464,0.1649,,0.71,innovation_ip,0.0137,0.0294,0.0366,0.0313,0.0298,0.71,0.0344,0.0344,0.0458,0.0344
us_chip_export_oct2023,CACI,45,technology_controls,-0.0559,-0.0725,,0.71,innovation_ip,0.0137,0.0294,0.0366,0.0313,0.0298,0.71,0.0344,0.0344,0.0458,0.0344
chile_lithium_nationalization,BWA,25,political_transitions_volatility,-0.0252,-0.0208,,0.6673,revenue_market_access,0.008,0.6673,0.0396,0.0371,0.0319,0.0472,0.0398,0.0398,0.0494,0.0398
india_demonetization_2016,BWA,25,political_transitions_volatility,-0.0257,0.1516,,0.6673,revenue_market_access,0.008,0.6673,0.0396,0.0371,0.0319,0.0472,0.0398,0.0398,0.0494,0.0398
us_chip_export_oct2022,FORM,45,technology_controls,-0.0869,-0.1695,,0.71,innovation_ip,0.0137,0.0294,0.0366,0.0313,0.0298,0.71,0.0344,0.0344,0.0458,0.0344
us_chip_export_oct2023,FORM,45,technology_controls,-0.0382,0.093,,0.71,innovation_ip,0.0137,0.0294,0.0366,0.0313,0.0298,0.71,0.0344,0.0344,0.0458,0.0344
eu_energy_crisis_peak,SUZ,15,resource_energy_disruptions,-0.0659,0.0369,,0.5667,procurement_supply_chain,0.5667,0.058,0.0433,0.0534,0.0479,0.0517,0.0439,0.0439,0.0474,0.0439
us_china_trade_war_start,SUZ,15,trade_policy_actions,-0.0286,-0.0387,,0.5369,procurement_supply_chain,0.5369,0.0498,0.0539,0.052,0.0369,0.057,0.0514,0.0514,0.0592,0.0514
us_tariffs_2025,SUZ,15,trade_policy_actions,-0.0418,0.0182,,0.5369,procurement_supply_chain,0.5369,0.0498,0.0539,0.052,0.0369,0.057,0.0514,0.0514,0.0592,0.0514
xinjiang_boycott_2021,SUZ,15,trade_policy_actions,-0.065,-0.0199,,0.5369,procurement_supply_chain,0.5369,0.0498,0.0539,0.052,0.0369,0.057,0.0514,0.0514,0.0592,0.0514
chile_lithium_nationalization,CCK,25,political_transitions_volatility,0.0719,0.018,,0.6673,revenue_market_access,0.008,0.6673,0.0396,0.0371,0.0319,0.0472,0.0398,0.0398,0.0494,0.0398
panama_mine_closure_2023,CCK,25,political_transitions_volatility,0.0517,0.109,,0.6673,revenue_market_access,0.008,0.6673,0.0396,0.0371,0.0319,0.0472,0.0398,0.0398,0.0494,0.0398
iran_sanctions_2018,AIZ,40,sanctions_financial_restrictions,0.037,0.1776,,0.6846,financial_treasury,0.0235,0.041,0.0366,0.0397,0.027,0.0386,0.0364,0.0364,0.6846,0.0364
us_chip_export_oct2023,GEN,45,technology_controls,-0.0356,0.2375,,0.71,innovation_ip,0.0137,0.0294,0.0366,0.0313,0.0298,0.71,0.0344,0.0344,0.0458,0.0344
covid_lockdown_start,TFII,20,armed_conflict_instability,-0.3453,-0.0143,,0.6542,logistics_operations,0.0106,0.0381,0.0451,0.0337,0.6542,0.044,0.0419,0.0419,0.0486,0.0419
india_pakistan_sindoor,TFII,20,armed_conflict_instability,0.1277,0.0824,,0.6542,logistics_operations,0.0106,0.0381,0.0451,0.0337,0.6542,0.044,0.0419,0.0419,0.0486,0.0419
notpetya_2017,TFII,20,armed_conflict_instability,0.0552,0.1479,,0.6542,logistics_operations,0.0106,0.0381,0.0451,0.0337,0.6542,0.044,0.0419,0.0419,0.0486,0.0419
red_sea_houthi_2023,TFII,20,armed_conflict_instability,0.1143,0.1103,,0.6542,logistics_operations,0.0106,0.0381,0.0451,0.0337,0.6542,0.044,0.0419,0.0419,0.0486,0.0419
russia_invasion_2022,TFII,20,armed_conflict_instability,0.0403,-0.1419,,0.6542,logistics_operations,0.0106,0.0381,0.0451,0.0337,0.6542,0.044,0.0419,0.0419,0.0486,0.0419
us_iran_war_2026,TFII,20,armed_conflict_instability,-0.0738,0.0492,,0.6542,logistics_operations,0.0106,0.0381,0.0451,0.0337,0.6542,0.044,0.0419,0.0419,0.0486,0.0419
us_chip_export_oct2022,HUBS,45,technology_controls,-0.0934,-0.0349,,0.71,innovation_ip,0.0137,0.0294,0.0366,0.0313,0.0298,0.71,0.0344,0.0344,0.0458,0.0344
us_chip_export_oct2023,HUBS,45,technology_controls,-0.0752,0.0593,,0.71,innovation_ip,0.0137,0.0294,0.0366,0.0313,0.0298,0.71,0.0344,0.0344,0.0458,0.0344
us_chip_export_oct2022,GDDY,45,technology_controls,-0.0545,-0.0248,,0.71,innovation_ip,0.0137,0.0294,0.0366,0.0313,0.0298,0.71,0.0344,0.0344,0.0458,0.0344
india_demonetization_2016,ALSN,25,political_transitions_volatility,0.0603,0.172,,0.6673,revenue_market_access,0.008,0.6673,0.0396,0.0371,0.0319,0.0472,0.0398,0.0398,0.0494,0.0398
covid_lockdown_start,SPXC,20,armed_conflict_instability,-0.267,-0.1004,,0.6542,logistics_operations,0.0106,0.0381,0.0451,0.0337,0.6542,0.044,0.0419,0.0419,0.0486,0.0419
red_sea_houthi_2023,SPXC,20,armed_conflict_instability,0.0529,0.0526,,0.6542,logistics_operations,0.0106,0.0381,0.0451,0.0337,0.6542,0.044,0.0419,0.0419,0.0486,0.0419
us_iran_war_2026,SPXC,20,armed_conflict_instability,-0.0755,-0.0093,,0.6542,logistics_operations,0.0106,0.0381,0.0451,0.0337,0.6542,0.044,0.0419,0.0419,0.0486,0.0419
covid_lockdown_start,EMBJ,20,armed_conflict_instability,-0.422,-0.4388,,0.6542,logistics_operations,0.0106,0.0381,0.0451,0.0337,0.6542,0.044,0.0419,0.0419,0.0486,0.0419
india_pakistan_sindoor,EMBJ,20,armed_conflict_instability,0.0577,0.1186,,0.6542,logistics_operations,0.0106,0.0381,0.0451,0.0337,0.6542,0.044,0.0419,0.0419,0.0486,0.0419
israel_hamas_2023,EMBJ,20,armed_conflict_instability,0.0732,0.2681,,0.6542,logistics_operations,0.0106,0.0381,0.0451,0.0337,0.6542,0.044,0.0419,0.0419,0.0486,0.0419
notpetya_2017,EMBJ,20,armed_conflict_instability,0.0588,0.1876,,0.6542,logistics_operations,0.0106,0.0381,0.0451,0.0337,0.6542,0.044,0.0419,0.0419,0.0486,0.0419
red_sea_houthi_2023,EMBJ,20,armed_conflict_instability,-0.0307,-0.0421,,0.6542,logistics_operations,0.0106,0.0381,0.0451,0.0337,0.6542,0.044,0.0419,0.0419,0.0486,0.0419
suez_blockage_2021,EMBJ,20,armed_conflict_instability,0.0289,0.2014,,0.6542,logistics_operations,0.0106,0.0381,0.0451,0.0337,0.6542,0.044,0.0419,0.0419,0.0486,0.0419
us_iran_war_2026,EMBJ,20,armed_conflict_instability,-0.1079,-0.0382,,0.6542,logistics_operations,0.0106,0.0381,0.0451,0.0337,0.6542,0.044,0.0419,0.0419,0.0486,0.0419
chile_lithium_nationalization,GME,25,political_transitions_volatility,-0.0633,0.2186,,0.6673,revenue_market_access,0.008,0.6673,0.0396,0.0371,0.0319,0.0472,0.0398,0.0398,0.0494,0.0398
india_demonetization_2016,GME,25,political_transitions_volatility,0.0832,0.2809,,0.6673,revenue_market_access,0.008,0.6673,0.0396,0.0371,0.0319,0.0472,0.0398,0.0398,0.0494,0.0398
panama_mine_closure_2023,GME,25,political_transitions_volatility,0.1053,0.1305,,0.6673,revenue_market_access,0.008,0.6673,0.0396,0.0371,0.0319,0.0472,0.0398,0.0398,0.0494,0.0398
us_chip_export_oct2022,ZBRA,45,technology_controls,-0.0415,-0.0397,,0.71,innovation_ip,0.0137,0.0294,0.0366,0.0313,0.0298,0.71,0.0344,0.0344,0.0458,0.0344
us_chip_export_oct2023,ZBRA,45,technology_controls,-0.0332,0.1109,,0.71,innovation_ip,0.0137,0.0294,0.0366,0.0313,0.0298,0.71,0.0344,0.0344,0.0458,0.0344
us_chip_export_oct2022,GWRE,45,technology_controls,-0.1451,-0.098,,0.71,innovation_ip,0.0137,0.0294,0.0366,0.0313,0.0298,0.71,0.0344,0.0344,0.0458,0.0344
eu_energy_crisis_peak,EQX,15,resource_energy_disruptions,-0.0853,-0.08,,0.5667,procurement_supply_chain,0.5667,0.058,0.0433,0.0534,0.0479,0.0517,0.0439,0.0439,0.0474,0.0439
us_tariffs_2025,EQX,15,trade_policy_actions,-0.053,-0.0848,,0.5369,procurement_supply_chain,0.5369,0.0498,0.0539,0.052,0.0369,0.057,0.0514,0.0514,0.0592,0.0514
xinjiang_boycott_2021,EQX,15,trade_policy_actions,-0.0256,0.0329,,0.5369,procurement_supply_chain,0.5369,0.0498,0.0539,0.052,0.0369,0.057,0.0514,0.0514,0.0592,0.0514
india_demonetization_2016,GIL,25,political_transitions_volatility,0.0344,0.0262,,0.6673,revenue_market_access,0.008,0.6673,0.0396,0.0371,0.0319,0.0472,0.0398,0.0398,0.0494,0.0398
panama_mine_closure_2023,GIL,25,political_transitions_volatility,0.0358,-0.1172,,0.6673,revenue_market_access,0.008,0.6673,0.0396,0.0371,0.0319,0.0472,0.0398,0.0398,0.0494,0.0398
iran_sanctions_2018,HLI,40,sanctions_financial_restrictions,0.0587,0.1309,,0.6846,financial_treasury,0.0235,0.041,0.0366,0.0397,0.027,0.0386,0.0364,0.0364,0.6846,0.0364
covid_lockdown_start,DRS,20,armed_conflict_instability,-0.4712,-0.0144,,0.6542,logistics_operations,0.0106,0.0381,0.0451,0.0337,0.6542,0.044,0.0419,0.0419,0.0486,0.0419
india_pakistan_sindoor,DRS,20,armed_conflict_instability,-0.0284,0.0611,,0.6542,logistics_operations,0.0106,0.0381,0.0451,0.0337,0.6542,0.044,0.0419,0.0419,0.0486,0.0419
israel_hamas_2023,DRS,20,armed_conflict_instability,0.105,0.1418,,0.6542,logistics_operations,0.0106,0.0381,0.0451,0.0337,0.6542,0.044,0.0419,0.0419,0.0486,0.0419
notpetya_2017,DRS,20,armed_conflict_instability,0.0276,0.0718,,0.6542,logistics_operations,0.0106,0.0381,0.0451,0.0337,0.6542,0.044,0.0419,0.0419,0.0486,0.0419
russia_invasion_2022,DRS,20,armed_conflict_instability,0.1609,0.2569,,0.6542,logistics_operations,0.0106,0.0381,0.0451,0.0337,0.6542,0.044,0.0419,0.0419,0.0486,0.0419
us_iran_war_2026,DRS,20,armed_conflict_instability,0.0926,0.0977,,0.6542,logistics_operations,0.0106,0.0381,0.0451,0.0337,0.6542,0.044,0.0419,0.0419,0.0486,0.0419
chile_lithium_nationalization,WYNN,25,political_transitions_volatility,-0.0305,-0.1153,,0.6673,revenue_market_access,0.008,0.6673,0.0396,0.0371,0.0319,0.0472,0.0398,0.0398,0.0494,0.0398
panama_mine_closure_2023,WYNN,25,political_transitions_volatility,-0.0321,0.1055,,0.6673,revenue_market_access,0.008,0.6673,0.0396,0.0371,0.0319,0.0472,0.0398,0.0398,0.0494,0.0398
panama_mine_closure_2023,DKNG,25,political_transitions_volatility,-0.0486,-0.1272,,0.6673,revenue_market_access,0.008,0.6673,0.0396,0.0371,0.0319,0.0472,0.0398,0.0398,0.0494,0.0398
covid_lockdown_start,AIT,20,armed_conflict_instability,-0.327,-0.0179,,0.6542,logistics_operations,0.0106,0.0381,0.0451,0.0337,0.6542,0.044,0.0419,0.0419,0.0486,0.0419
india_pakistan_sindoor,AIT,20,armed_conflict_instability,0.0617,0.0544,,0.6542,logistics_operations,0.0106,0.0381,0.0451,0.0337,0.6542,0.044,0.0419,0.0419,0.0486,0.0419
israel_hamas_2023,AIT,20,armed_conflict_instability,0.03,0.0429,,0.6542,logistics_operations,0.0106,0.0381,0.0451,0.0337,0.6542,0.044,0.0419,0.0419,0.0486,0.0419
notpetya_2017,AIT,20,armed_conflict_instability,0.0277,-0.0406,,0.6542,logistics_operations,0.0106,0.0381,0.0451,0.0337,0.6542,0.044,0.0419,0.0419,0.0486,0.0419
russia_invasion_2022,AIT,20,armed_conflict_instability,0.0302,0.0251,,0.6542,logistics_operations,0.0106,0.0381,0.0451,0.0337,0.6542,0.044,0.0419,0.0419,0.0486,0.0419
suez_blockage_2021,AIT,20,armed_conflict_instability,0.0365,0.1519,,0.6542,logistics_operations,0.0106,0.0381,0.0451,0.0337,0.6542,0.044,0.0419,0.0419,0.0486,0.0419
us_iran_war_2026,AIT,20,armed_conflict_instability,-0.0531,0.0334,,0.6542,logistics_operations,0.0106,0.0381,0.0451,0.0337,0.6542,0.044,0.0419,0.0419,0.0486,0.0419
us_chip_export_oct2023,JKHY,45,technology_controls,-0.0367,0.0468,,0.71,innovation_ip,0.0137,0.0294,0.0366,0.0313,0.0298,0.71,0.0344,0.0344,0.0458,0.0344
panama_mine_closure_2023,CAVA,25,political_transitions_volatility,0.0735,0.2784,,0.6673,revenue_market_access,0.008,0.6673,0.0396,0.0371,0.0319,0.0472,0.0398,0.0398,0.0494,0.0398
opec_price_war_2014,DINO,10,resource_energy_disruptions,-0.0723,-0.2436,,0.5667,procurement_supply_chain,0.5667,0.058,0.0433,0.0534,0.0479,0.0517,0.0439,0.0439,0.0474,0.0439
us_tariffs_2025,DINO,10,trade_policy_actions,-0.1488,0.1228,,0.5369,procurement_supply_chain,0.5369,0.0498,0.0539,0.052,0.0369,0.057,0.0514,0.0514,0.0592,0.0514
chile_lithium_nationalization,CHWY,25,political_transitions_volatility,-0.0408,0.0823,,0.6673,revenue_market_access,0.008,0.6673,0.0396,0.0371,0.0319,0.0472,0.0398,0.0398,0.0494,0.0398
covid_lockdown_start,KNX,20,armed_conflict_instability,0.0803,0.1438,,0.6542,logistics_operations,0.0106,0.0381,0.0451,0.0337,0.6542,0.044,0.0419,0.0419,0.0486,0.0419
india_pakistan_sindoor,KNX,20,armed_conflict_instability,0.1104,0.0289,,0.6542,logistics_operations,0.0106,0.0381,0.0451,0.0337,0.6542,0.044,0.0419,0.0419,0.0486,0.0419
russia_invasion_2022,KNX,20,armed_conflict_instability,0.045,-0.1195,,0.6542,logistics_operations,0.0106,0.0381,0.0451,0.0337,0.6542,0.044,0.0419,0.0419,0.0486,0.0419
suez_blockage_2021,KNX,20,armed_conflict_instability,0.1054,0.0953,,0.6542,logistics_operations,0.0106,0.0381,0.0451,0.0337,0.6542,0.044,0.0419,0.0419,0.0486,0.0419
us_iran_war_2026,KNX,20,armed_conflict_instability,-0.0791,-0.0115,,0.6542,logistics_operations,0.0106,0.0381,0.0451,0.0337,0.6542,0.044,0.0419,0.0419,0.0486,0.0419
us_chip_export_oct2022,U,45,technology_controls,-0.1157,0.0583,,0.71,innovation_ip,0.0137,0.0294,0.0366,0.0313,0.0298,0.71,0.0344,0.0344,0.0458,0.0344
us_chip_export_oct2023,U,45,technology_controls,-0.0525,0.048,,0.71,innovation_ip,0.0137,0.0294,0.0366,0.0313,0.0298,0.71,0.0344,0.0344,0.0458,0.0344
india_demonetization_2016,TXRH,25,political_transitions_volatility,0.1585,0.2364,,0.6673,revenue_market_access,0.008,0.6673,0.0396,0.0371,0.0319,0.0472,0.0398,0.0398,0.0494,0.0398
india_demonetization_2016,PAG,25,political_transitions_volatility,0.1566,0.2506,,0.6673,revenue_market_access,0.008,0.6673,0.0396,0.0371,0.0319,0.0472,0.0398,0.0398,0.0494,0.0398
india_demonetization_2016,BZLFY,30,political_transitions_volatility,-0.0643,-0.035,,0.6673,revenue_market_access,0.008,0.6673,0.0396,0.0371,0.0319,0.0472,0.0398,0.0398,0.0494,0.0398
covid_lockdown_start,DLAKY,20,armed_conflict_instability,-0.2166,-0.2603,,0.6542,logistics_operations,0.0106,0.0381,0.0451,0.0337,0.6542,0.044,0.0419,0.0419,0.0486,0.0419
india_pakistan_sindoor,DLAKY,20,armed_conflict_instability,0.0429,0.1277,,0.6542,logistics_operations,0.0106,0.0381,0.0451,0.0337,0.6542,0.044,0.0419,0.0419,0.0486,0.0419
israel_hamas_2023,DLAKY,20,armed_conflict_instability,-0.038,0.1027,,0.6542,logistics_operations,0.0106,0.0381,0.0451,0.0337,0.6542,0.044,0.0419,0.0419,0.0486,0.0419
notpetya_2017,DLAKY,20,armed_conflict_instability,0.0524,0.063,,0.6542,logistics_operations,0.0106,0.0381,0.0451,0.0337,0.6542,0.044,0.0419,0.0419,0.0486,0.0419
russia_invasion_2022,DLAKY,20,armed_conflict_instability,-0.111,-0.0103,,0.6542,logistics_operations,0.0106,0.0381,0.0451,0.0337,0.6542,0.044,0.0419,0.0419,0.0486,0.0419
suez_blockage_2021,DLAKY,20,armed_conflict_instability,0.0521,0.0257,,0.6542,logistics_operations,0.0106,0.0381,0.0451,0.0337,0.6542,0.044,0.0419,0.0419,0.0486,0.0419
us_iran_war_2026,DLAKY,20,armed_conflict_instability,-0.1484,-0.1299,,0.6542,logistics_operations,0.0106,0.0381,0.0451,0.0337,0.6542,0.044,0.0419,0.0419,0.0486,0.0419
covid_lockdown_start,FLS,20,armed_conflict_instability,-0.2856,-0.0977,,0.6542,logistics_operations,0.0106,0.0381,0.0451,0.0337,0.6542,0.044,0.0419,0.0419,0.0486,0.0419
india_pakistan_sindoor,FLS,20,armed_conflict_instability,0.1165,-0.0148,,0.6542,logistics_operations,0.0106,0.0381,0.0451,0.0337,0.6542,0.044,0.0419,0.0419,0.0486,0.0419
israel_hamas_2023,FLS,20,armed_conflict_instability,0.0308,0.0204,,0.6542,logistics_operations,0.0106,0.0381,0.0451,0.0337,0.6542,0.044,0.0419,0.0419,0.0486,0.0419
notpetya_2017,FLS,20,armed_conflict_instability,0.0311,-0.1366,,0.6542,logistics_operations,0.0106,0.0381,0.0451,0.0337,0.6542,0.044,0.0419,0.0419,0.0486,0.0419
red_sea_houthi_2023,FLS,20,armed_conflict_instability,0.0382,0.0081,,0.6542,logistics_operations,0.0106,0.0381,0.0451,0.0337,0.6542,0.044,0.0419,0.0419,0.0486,0.0419
russia_invasion_2022,FLS,20,armed_conflict_instability,0.0593,0.2396,,0.6542,logistics_operations,0.0106,0.0381,0.0451,0.0337,0.6542,0.044,0.0419,0.0419,0.0486,0.0419
suez_blockage_2021,FLS,20,armed_conflict_instability,0.0509,0.1193,,0.6542,logistics_operations,0.0106,0.0381,0.0451,0.0337,0.6542,0.044,0.0419,0.0419,0.0486,0.0419
us_iran_war_2026,FLS,20,armed_conflict_instability,-0.1288,-0.0749,,0.6542,logistics_operations,0.0106,0.0381,0.0451,0.0337,0.6542,0.044,0.0419,0.0419,0.0486,0.0419
eu_energy_crisis_peak,HMY,15,resource_energy_disruptions,-0.2089,-0.1266,,0.5667,procurement_supply_chain,0.5667,0.058,0.0433,0.0534,0.0479,0.0517,0.0439,0.0439,0.0474,0.0439
us_china_trade_war_start,HMY,15,trade_policy_actions,-0.0585,-0.1287,,0.5369,procurement_supply_chain,0.5369,0.0498,0.0539,0.052,0.0369,0.057,0.0514,0.0514,0.0592,0.0514
us_tariffs_2025,HMY,15,trade_policy_actions,-0.0284,-0.0352,,0.5369,procurement_supply_chain,0.5369,0.0498,0.0539,0.052,0.0369,0.057,0.0514,0.0514,0.0592,0.0514
xinjiang_boycott_2021,HMY,15,trade_policy_actions,0.0686,0.209,,0.5369,procurement_supply_chain,0.5369,0.0498,0.0539,0.052,0.0369,0.057,0.0514,0.0514,0.0592,0.0514
india_pakistan_sindoor,CR,20,armed_conflict_instability,0.0469,0.0692,,0.6542,logistics_operations,0.0106,0.0381,0.0451,0.0337,0.6542,0.044,0.0419,0.0419,0.0486,0.0419
israel_hamas_2023,CR,20,armed_conflict_instability,-0.0293,0.1991,,0.6542,logistics_operations,0.0106,0.0381,0.0451,0.0337,0.6542,0.044,0.0419,0.0419,0.0486,0.0419
red_sea_houthi_2023,CR,20,armed_conflict_instability,0.0512,0.1246,,0.6542,logistics_operations,0.0106,0.0381,0.0451,0.0337,0.6542,0.044,0.0419,0.0419,0.0486,0.0419
us_iran_war_2026,CR,20,armed_conflict_instability,-0.0357,-0.0346,,0.6542,logistics_operations,0.0106,0.0381,0.0451,0.0337,0.6542,0.044,0.0419,0.0419,0.0486,0.0419
us_chip_export_oct2022,NTNX,45,technology_controls,0.1988,0.298,,0.71,innovation_ip,0.0137,0.0294,0.0366,0.0313,0.0298,0.71,0.0344,0.0344,0.0458,0.0344
us_chip_export_oct2023,NTNX,45,technology_controls,-0.0479,0.0823,,0.71,innovation_ip,0.0137,0.0294,0.0366,0.0313,0.0298,0.71,0.0344,0.0344,0.0458,0.0344
covid_lockdown_start,ACM,20,armed_conflict_instability,-0.3456,-0.089,,0.6542,logistics_operations,0.0106,0.0381,0.0451,0.0337,0.6542,0.044,0.0419,0.0419,0.0486,0.0419
india_pakistan_sindoor,ACM,20,armed_conflict_instability,0.0549,0.0794,,0.6542,logistics_operations,0.0106,0.0381,0.0451,0.0337,0.6542,0.044,0.0419,0.0419,0.0486,0.0419
suez_blockage_2021,ACM,20,armed_conflict_instability,0.0829,0.1309,,0.6542,logistics_operations,0.0106,0.0381,0.0451,0.0337,0.6542,0.044,0.0419,0.0419,0.0486,0.0419
us_iran_war_2026,ACM,20,armed_conflict_instability,-0.0398,-0.1279,,0.6542,logistics_operations,0.0106,0.0381,0.0451,0.0337,0.6542,0.044,0.0419,0.0419,0.0486,0.0419
us_chip_export_oct2022,DT,45,technology_controls,-0.1052,0.0047,,0.71,innovation_ip,0.0137,0.0294,0.0366,0.0313,0.0298,0.71,0.0344,0.0344,0.0458,0.0344
us_chip_export_oct2023,DT,45,technology_controls,-0.0279,0.0964,,0.71,innovation_ip,0.0137,0.0294,0.0366,0.0313,0.0298,0.71,0.0344,0.0344,0.0458,0.0344
us_chip_export_oct2022,APLD,45,technology_controls,0.2452,0.4194,,0.71,innovation_ip,0.0137,0.0294,0.0366,0.0313,0.0298,0.71,0.0344,0.0344,0.0458,0.0344
us_chip_export_oct2023,APLD,45,technology_controls,-0.0714,-0.13,,0.71,innovation_ip,0.0137,0.0294,0.0366,0.0313,0.0298,0.71,0.0344,0.0344,0.0458,0.0344
covid_lockdown_start,AVAV,20,armed_conflict_instability,-0.0316,0.0307,,0.6542,logistics_operations,0.0106,0.0381,0.0451,0.0337,0.6542,0.044,0.0419,0.0419,0.0486,0.0419
israel_hamas_2023,AVAV,20,armed_conflict_instability,0.0976,0.222,,0.6542,logistics_operations,0.0106,0.0381,0.0451,0.0337,0.6542,0.044,0.0419,0.0419,0.0486,0.0419
notpetya_2017,AVAV,20,armed_conflict_instability,0.2161,0.1874,,0.6542,logistics_operations,0.0106,0.0381,0.0451,0.0337,0.6542,0.044,0.0419,0.0419,0.0486,0.0419
russia_invasion_2022,AVAV,20,armed_conflict_instability,0.1694,0.6688,,0.6542,logistics_operations,0.0106,0.0381,0.0451,0.0337,0.6542,0.044,0.0419,0.0419,0.0486,0.0419
suez_blockage_2021,AVAV,20,armed_conflict_instability,0.0345,-0.062,,0.6542,logistics_operations,0.0106,0.0381,0.0451,0.0337,0.6542,0.044,0.0419,0.0419,0.0486,0.0419
us_iran_war_2026,AVAV,20,armed_conflict_instability,-0.0989,-0.2289,,0.6542,logistics_operations,0.0106,0.0381,0.0451,0.0337,0.6542,0.044,0.0419,0.0419,0.0486,0.0419
covid_lockdown_start,DCI,20,armed_conflict_instability,-0.1923,-0.0636,,0.6542,logistics_operations,0.0106,0.0381,0.0451,0.0337,0.6542,0.044,0.0419,0.0419,0.0486,0.0419
india_pakistan_sindoor,DCI,20,armed_conflict_instability,0.0547,0.0346,,0.6542,logistics_operations,0.0106,0.0381,0.0451,0.0337,0.6542,0.044,0.0419,0.0419,0.0486,0.0419
suez_blockage_2021,DCI,20,armed_conflict_instability,0.0321,0.1056,,0.6542,logistics_operations,0.0106,0.0381,0.0451,0.0337,0.6542,0.044,0.0419,0.0419,0.0486,0.0419
us_iran_war_2026,DCI,20,armed_conflict_instability,-0.0411,-0.0379,,0.6542,logistics_operations,0.0106,0.0381,0.0451,0.0337,0.6542,0.044,0.0419,0.0419,0.0486,0.0419
covid_lockdown_start,STN,20,armed_conflict_instability,-0.1498,0.0142,,0.6542,logistics_operations,0.0106,0.0381,0.0451,0.0337,0.6542,0.044,0.0419,0.0419,0.0486,0.0419
india_pakistan_sindoor,STN,20,armed_conflict_instability,0.037,0.1539,,0.6542,logistics_operations,0.0106,0.0381,0.0451,0.0337,0.6542,0.044,0.0419,0.0419,0.0486,0.0419
red_sea_houthi_2023,STN,20,armed_conflict_instability,0.0366,0.0592,,0.6542,logistics_operations,0.0106,0.0381,0.0451,0.0337,0.6542,0.044,0.0419,0.0419,0.0486,0.0419
russia_invasion_2022,STN,20,armed_conflict_instability,-0.0382,-0.0382,,0.6542,logistics_operations,0.0106,0.0381,0.0451,0.0337,0.6542,0.044,0.0419,0.0419,0.0486,0.0419
india_pakistan_sindoor,KRMN,20,armed_conflict_instability,0.1383,0.2136,,0.6542,logistics_operations,0.0106,0.0381,0.0451,0.0337,0.6542,0.044,0.0419,0.0419,0.0486,0.0419
us_iran_war_2026,KRMN,20,armed_conflict_instability,0.2041,0.0235,,0.6542,logistics_operations,0.0106,0.0381,0.0451,0.0337,0.6542,0.044,0.0419,0.0419,0.0486,0.0419
covid_lockdown_start,WTS,20,armed_conflict_instability,-0.1663,-0.1628,,0.6542,logistics_operations,0.0106,0.0381,0.0451,0.0337,0.6542,0.044,0.0419,0.0419,0.0486,0.0419
india_pakistan_sindoor,WTS,20,armed_conflict_instability,0.1352,0.1368,,0.6542,logistics_operations,0.0106,0.0381,0.0451,0.0337,0.6542,0.044,0.0419,0.0419,0.0486,0.0419
israel_hamas_2023,WTS,20,armed_conflict_instability,0.0798,0.13,,0.6542,logistics_operations,0.0106,0.0381,0.0451,0.0337,0.6542,0.044,0.0419,0.0419,0.0486,0.0419
red_sea_houthi_2023,WTS,20,armed_conflict_instability,0.0255,-0.033,,0.6542,logistics_operations,0.0106,0.0381,0.0451,0.0337,0.6542,0.044,0.0419,0.0419,0.0486,0.0419
suez_blockage_2021,WTS,20,armed_conflict_instability,0.0271,0.1046,,0.6542,logistics_operations,0.0106,0.0381,0.0451,0.0337,0.6542,0.044,0.0419,0.0419,0.0486,0.0419
us_iran_war_2026,WTS,20,armed_conflict_instability,-0.0608,-0.0608,,0.6542,logistics_operations,0.0106,0.0381,0.0451,0.0337,0.6542,0.044,0.0419,0.0419,0.0486,0.0419
covid_lockdown_start,UHAL,20,armed_conflict_instability,-0.0717,-0.1353,,0.6542,logistics_operations,0.0106,0.0381,0.0451,0.0337,0.6542,0.044,0.0419,0.0419,0.0486,0.0419
india_pakistan_sindoor,UHAL,20,armed_conflict_instability,0.0433,-0.0168,,0.6542,logistics_operations,0.0106,0.0381,0.0451,0.0337,0.6542,0.044,0.0419,0.0419,0.0486,0.0419
red_sea_houthi_2023,UHAL,20,armed_conflict_instability,0.1013,0.0358,,0.6542,logistics_operations,0.0106,0.0381,0.0451,0.0337,0.6542,0.044,0.0419,0.0419,0.0486,0.0419
suez_blockage_2021,UHAL,20,armed_conflict_instability,0.0554,0.0416,,0.6542,logistics_operations,0.0106,0.0381,0.0451,0.0337,0.6542,0.044,0.0419,0.0419,0.0486,0.0419
us_iran_war_2026,UHAL,20,armed_conflict_instability,-0.0428,0.0233,,0.6542,logistics_operations,0.0106,0.0381,0.0451,0.0337,0.6542,0.044,0.0419,0.0419,0.0486,0.0419
eu_energy_crisis_peak,AM,10,resource_energy_disruptions,-0.0505,-0.081,,0.5667,procurement_supply_chain,0.5667,0.058,0.0433,0.0534,0.0479,0.0517,0.0439,0.0439,0.0474,0.0439
us_tariffs_2025,AM,10,trade_policy_actions,-0.1165,0.035,,0.5369,procurement_supply_chain,0.5369,0.0498,0.0539,0.052,0.0369,0.057,0.0514,0.0514,0.0592,0.0514
xinjiang_boycott_2021,AM,10,trade_policy_actions,0.0464,0.0847,,0.5369,procurement_supply_chain,0.5369,0.0498,0.0539,0.052,0.0369,0.057,0.0514,0.0514,0.0592,0.0514
panama_mine_closure_2023,CART,25,political_transitions_volatility,-0.0679,-0.0876,,0.6673,revenue_market_access,0.008,0.6673,0.0396,0.0371,0.0319,0.0472,0.0398,0.0398,0.0494,0.0398
us_chip_export_oct2022,LFUS,45,technology_controls,-0.0279,0.1985,,0.71,innovation_ip,0.0137,0.0294,0.0366,0.0313,0.0298,0.71,0.0344,0.0344,0.0458,0.0344
us_chip_export_oct2023,LFUS,45,technology_controls,-0.0546,-0.0072,,0.71,innovation_ip,0.0137,0.0294,0.0366,0.0313,0.0298,0.71,0.0344,0.0344,0.0458,0.0344
covid_lockdown_start,OC,20,armed_conflict_instability,-0.2804,-0.1596,,0.6542,logistics_operations,0.0106,0.0381,0.0451,0.0337,0.6542,0.044,0.0419,0.0419,0.0486,0.0419
india_pakistan_sindoor,OC,20,armed_conflict_instability,0.0897,0.0111,,0.6542,logistics_operations,0.0106,0.0381,0.0451,0.0337,0.6542,0.044,0.0419,0.0419,0.0486,0.0419
red_sea_houthi_2023,OC,20,armed_conflict_instability,-0.0257,-0.0018,,0.6542,logistics_operations,0.0106,0.0381,0.0451,0.0337,0.6542,0.044,0.0419,0.0419,0.0486,0.0419
suez_blockage_2021,OC,20,armed_conflict_instability,0.0802,0.1947,,0.6542,logistics_operations,0.0106,0.0381,0.0451,0.0337,0.6542,0.044,0.0419,0.0419,0.0486,0.0419
us_iran_war_2026,OC,20,armed_conflict_instability,-0.115,-0.0147,,0.6542,logistics_operations,0.0106,0.0381,0.0451,0.0337,0.6542,0.044,0.0419,0.0419,0.0486,0.0419
india_demonetization_2016,W,25,political_transitions_volatility,0.141,0.1528,,0.6673,revenue_market_access,0.008,0.6673,0.0396,0.0371,0.0319,0.0472,0.0398,0.0398,0.0494,0.0398
us_chip_export_oct2022,IT,45,technology_controls,-0.0533,0.1486,,0.71,innovation_ip,0.0137,0.0294,0.0366,0.0313,0.0298,0.71,0.0344,0.0344,0.0458,0.0344
us_chip_export_oct2023,IT,45,technology_controls,-0.041,0.2229,,0.71,innovation_ip,0.0137,0.0294,0.0366,0.0313,0.0298,0.71,0.0344,0.0344,0.0458,0.0344
iran_sanctions_2018,WULF,40,sanctions_financial_restrictions,0.0798,0.2324,,0.6846,financial_treasury,0.0235,0.041,0.0366,0.0397,0.027,0.0386,0.0364,0.0364,0.6846,0.0364
us_chip_export_oct2022,DOCN,45,technology_controls,-0.0918,-0.2343,,0.71,innovation_ip,0.0137,0.0294,0.0366,0.0313,0.0298,0.71,0.0344,0.0344,0.0458,0.0344
us_chip_export_oct2023,DOCN,45,technology_controls,-0.0818,0.261,,0.71,innovation_ip,0.0137,0.0294,0.0366,0.0313,0.0298,0.71,0.0344,0.0344,0.0458,0.0344
chile_lithium_nationalization,MGM,25,political_transitions_volatility,-0.0271,-0.0872,,0.6673,revenue_market_access,0.008,0.6673,0.0396,0.0371,0.0319,0.0472,0.0398,0.0398,0.0494,0.0398
covid_lockdown_start,GTLS,20,armed_conflict_instability,-0.4776,0.006,,0.6542,logistics_operations,0.0106,0.0381,0.0451,0.0337,0.6542,0.044,0.0419,0.0419,0.0486,0.0419
india_pakistan_sindoor,GTLS,20,armed_conflict_instability,0.1643,-0.0541,,0.6542,logistics_operations,0.0106,0.0381,0.0451,0.0337,0.6542,0.044,0.0419,0.0419,0.0486,0.0419
israel_hamas_2023,GTLS,20,armed_conflict_instability,0.054,-0.158,,0.6542,logistics_operations,0.0106,0.0381,0.0451,0.0337,0.6542,0.044,0.0419,0.0419,0.0486,0.0419
notpetya_2017,GTLS,20,armed_conflict_instability,0.1058,0.0664,,0.6542,logistics_operations,0.0106,0.0381,0.0451,0.0337,0.6542,0.044,0.0419,0.0419,0.0486,0.0419
red_sea_houthi_2023,GTLS,20,armed_conflict_instability,0.0339,-0.1017,,0.6542,logistics_operations,0.0106,0.0381,0.0451,0.0337,0.6542,0.044,0.0419,0.0419,0.0486,0.0419
russia_invasion_2022,GTLS,20,armed_conflict_instability,0.1788,0.3938,,0.6542,logistics_operations,0.0106,0.0381,0.0451,0.0337,0.6542,0.044,0.0419,0.0419,0.0486,0.0419
eu_energy_crisis_peak,IAG,15,resource_energy_disruptions,-0.0866,-0.1575,,0.5667,procurement_supply_chain,0.5667,0.058,0.0433,0.0534,0.0479,0.0517,0.0439,0.0439,0.0474,0.0439
us_china_trade_war_start,IAG,15,trade_policy_actions,-0.051,-0.3207,,0.5369,procurement_supply_chain,0.5369,0.0498,0.0539,0.052,0.0369,0.057,0.0514,0.0514,0.0592,0.0514
eu_energy_crisis_peak,AG,15,resource_energy_disruptions,-0.0368,0.0789,,0.5667,procurement_supply_chain,0.5667,0.058,0.0433,0.0534,0.0479,0.0517,0.0439,0.0439,0.0474,0.0439
opec_price_war_2014,AG,15,resource_energy_disruptions,-0.1518,0.3555,,0.5667,procurement_supply_chain,0.5667,0.058,0.0433,0.0534,0.0479,0.0517,0.0439,0.0439,0.0474,0.0439
us_china_trade_war_start,AG,15,trade_policy_actions,-0.0678,-0.3644,,0.5369,procurement_supply_chain,0.5369,0.0498,0.0539,0.052,0.0369,0.057,0.0514,0.0514,0.0592,0.0514
us_tariffs_2025,AG,15,trade_policy_actions,-0.1136,-0.154,,0.5369,procurement_supply_chain,0.5369,0.0498,0.0539,0.052,0.0369,0.057,0.0514,0.0514,0.0592,0.0514
us_chip_export_oct2022,BSY,45,technology_controls,-0.0606,0.1619,,0.71,innovation_ip,0.0137,0.0294,0.0366,0.0313,0.0298,0.71,0.0344,0.0344,0.0458,0.0344
us_chip_export_oct2023,BSY,45,technology_controls,-0.0687,-0.025,,0.71,innovation_ip,0.0137,0.0294,0.0366,0.0313,0.0298,0.71,0.0344,0.0344,0.0458,0.0344
us_chip_export_oct2023,SANM,45,technology_controls,-0.0279,-0.0526,,0.71,innovation_ip,0.0137,0.0294,0.0366,0.0313,0.0298,0.71,0.0344,0.0344,0.0458,0.0344
us_chip_export_oct2022,SMTC,45,technology_controls,-0.058,0.083,,0.71,innovation_ip,0.0137,0.0294,0.0366,0.0313,0.0298,0.71,0.0344,0.0344,0.0458,0.0344
us_chip_export_oct2023,SMTC,45,technology_controls,-0.2508,-0.2396,,0.71,innovation_ip,0.0137,0.0294,0.0366,0.0313,0.0298,0.71,0.0344,0.0344,0.0458,0.0344
covid_lockdown_start,BLDR,20,armed_conflict_instability,-0.4427,-0.2695,,0.6542,logistics_operations,0.0106,0.0381,0.0451,0.0337,0.6542,0.044,0.0419,0.0419,0.0486,0.0419
india_pakistan_sindoor,BLDR,20,armed_conflict_instability,0.1276,0.0833,,0.6542,logistics_operations,0.0106,0.0381,0.0451,0.0337,0.6542,0.044,0.0419,0.0419,0.0486,0.0419
notpetya_2017,BLDR,20,armed_conflict_instability,0.0391,0.1131,,0.6542,logistics_operations,0.0106,0.0381,0.0451,0.0337,0.6542,0.044,0.0419,0.0419,0.0486,0.0419
red_sea_houthi_2023,BLDR,20,armed_conflict_instability,0.0291,0.069,,0.6542,logistics_operations,0.0106,0.0381,0.0451,0.0337,0.6542,0.044,0.0419,0.0419,0.0486,0.0419
russia_invasion_2022,BLDR,20,armed_conflict_instability,0.0766,-0.1391,,0.6542,logistics_operations,0.0106,0.0381,0.0451,0.0337,0.6542,0.044,0.0419,0.0419,0.0486,0.0419
suez_blockage_2021,BLDR,20,armed_conflict_instability,0.0859,0.1604,,0.6542,logistics_operations,0.0106,0.0381,0.0451,0.0337,0.6542,0.044,0.0419,0.0419,0.0486,0.0419
us_iran_war_2026,BLDR,20,armed_conflict_instability,-0.0896,-0.1584,,0.6542,logistics_operations,0.0106,0.0381,0.0451,0.0337,0.6542,0.044,0.0419,0.0419,0.0486,0.0419
chile_lithium_nationalization,DAR,30,political_transitions_volatility,0.0352,0.1108,,0.6673,revenue_market_access,0.008,0.6673,0.0396,0.0371,0.0319,0.0472,0.0398,0.0398,0.0494,0.0398
panama_mine_closure_2023,DAR,30,political_transitions_volatility,0.0787,0.1018,,0.6673,revenue_market_access,0.008,0.6673,0.0396,0.0371,0.0319,0.0472,0.0398,0.0398,0.0494,0.0398
covid_lockdown_start,VMI,20,armed_conflict_instability,-0.0594,0.1491,,0.6542,logistics_operations,0.0106,0.0381,0.0451,0.0337,0.6542,0.044,0.0419,0.0419,0.0486,0.0419
india_pakistan_sindoor,VMI,20,armed_conflict_instability,0.0576,0.059,,0.6542,logistics_operations,0.0106,0.0381,0.0451,0.0337,0.6542,0.044,0.0419,0.0419,0.0486,0.0419
red_sea_houthi_2023,VMI,20,armed_conflict_instability,0.0373,0.01,,0.6542,logistics_operations,0.0106,0.0381,0.0451,0.0337,0.6542,0.044,0.0419,0.0419,0.0486,0.0419
suez_blockage_2021,VMI,20,armed_conflict_instability,0.0375,0.1039,,0.6542,logistics_operations,0.0106,0.0381,0.0451,0.0337,0.6542,0.044,0.0419,0.0419,0.0486,0.0419
us_iran_war_2026,VMI,20,armed_conflict_instability,-0.065,-0.0644,,0.6542,logistics_operations,0.0106,0.0381,0.0451,0.0337,0.6542,0.044,0.0419,0.0419,0.0486,0.0419
covid_lockdown_start,OSK,20,armed_conflict_instability,-0.1548,0.0146,,0.6542,logistics_operations,0.0106,0.0381,0.0451,0.0337,0.6542,0.044,0.0419,0.0419,0.0486,0.0419
india_pakistan_sindoor,OSK,20,armed_conflict_instability,0.1374,0.2369,,0.6542,logistics_operations,0.0106,0.0381,0.0451,0.0337,0.6542,0.044,0.0419,0.0419,0.0486,0.0419
israel_hamas_2023,OSK,20,armed_conflict_instability,0.0405,0.044,,0.6542,logistics_operations,0.0106,0.0381,0.0451,0.0337,0.6542,0.044,0.0419,0.0419,0.0486,0.0419
notpetya_2017,OSK,20,armed_conflict_instability,0.0501,0.1175,,0.6542,logistics_operations,0.0106,0.0381,0.0451,0.0337,0.6542,0.044,0.0419,0.0419,0.0486,0.0419
russia_invasion_2022,OSK,20,armed_conflict_instability,0.0424,-0.0925,,0.6542,logistics_operations,0.0106,0.0381,0.0451,0.0337,0.6542,0.044,0.0419,0.0419,0.0486,0.0419
suez_blockage_2021,OSK,20,armed_conflict_instability,0.0559,0.1465,,0.6542,logistics_operations,0.0106,0.0381,0.0451,0.0337,0.6542,0.044,0.0419,0.0419,0.0486,0.0419
us_iran_war_2026,OSK,20,armed_conflict_instability,-0.0918,-0.1116,,0.6542,logistics_operations,0.0106,0.0381,0.0451,0.0337,0.6542,0.044,0.0419,0.0419,0.0486,0.0419
india_pakistan_sindoor,CNM,20,armed_conflict_instability,0.0491,0.1299,,0.6542,logistics_operations,0.0106,0.0381,0.0451,0.0337,0.6542,0.044,0.0419,0.0419,0.0486,0.0419
israel_hamas_2023,CNM,20,armed_conflict_instability,0.0626,0.1219,,0.6542,logistics_operations,0.0106,0.0381,0.0451,0.0337,0.6542,0.044,0.0419,0.0419,0.0486,0.0419
us_iran_war_2026,CNM,20,armed_conflict_instability,-0.0775,-0.0041,,0.6542,logistics_operations,0.0106,0.0381,0.0451,0.0337,0.6542,0.044,0.0419,0.0419,0.0486,0.0419
india_pakistan_sindoor,R,20,armed_conflict_instability,0.1319,0.0689,,0.6542,logistics_operations,0.0106,0.0381,0.0451,0.0337,0.6542,0.044,0.0419,0.0419,0.0486,0.0419
israel_hamas_2023,R,20,armed_conflict_instability,0.0287,0.0722,,0.6542,logistics_operations,0.0106,0.0381,0.0451,0.0337,0.6542,0.044,0.0419,0.0419,0.0486,0.0419
notpetya_2017,R,20,armed_conflict_instability,0.0476,0.0448,,0.6542,logistics_operations,0.0106,0.0381,0.0451,0.0337,0.6542,0.044,0.0419,0.0419,0.0486,0.0419
red_sea_houthi_2023,R,20,armed_conflict_instability,0.0578,0.0191,,0.6542,logistics_operations,0.0106,0.0381,0.0451,0.0337,0.6542,0.044,0.0419,0.0419,0.0486,0.0419
russia_invasion_2022,R,20,armed_conflict_instability,0.063,-0.1544,,0.6542,logistics_operations,0.0106,0.0381,0.0451,0.0337,0.6542,0.044,0.0419,0.0419,0.0486,0.0419
suez_blockage_2021,R,20,armed_conflict_instability,0.0952,0.2391,,0.6542,logistics_operations,0.0106,0.0381,0.0451,0.0337,0.6542,0.044,0.0419,0.0419,0.0486,0.0419
us_iran_war_2026,R,20,armed_conflict_instability,-0.0892,-0.0078,,0.6542,logistics_operations,0.0106,0.0381,0.0451,0.0337,0.6542,0.044,0.0419,0.0419,0.0486,0.0419
eu_energy_crisis_peak,HBM,15,resource_energy_disruptions,-0.1287,-0.1392,,0.5667,procurement_supply_chain,0.5667,0.058,0.0433,0.0534,0.0479,0.0517,0.0439,0.0439,0.0474,0.0439
opec_price_war_2014,HBM,15,resource_energy_disruptions,-0.1011,-0.1187,,0.5667,procurement_supply_chain,0.5667,0.058,0.0433,0.0534,0.0479,0.0517,0.0439,0.0439,0.0474,0.0439
us_china_trade_war_start,HBM,15,trade_policy_actions,-0.028,-0.1308,,0.5369,procurement_supply_chain,0.5369,0.0498,0.0539,0.052,0.0369,0.057,0.0514,0.0514,0.0592,0.0514
us_tariffs_2025,HBM,15,trade_policy_actions,-0.0962,0.0871,,0.5369,procurement_supply_chain,0.5369,0.0498,0.0539,0.052,0.0369,0.057,0.0514,0.0514,0.0592,0.0514
xinjiang_boycott_2021,HBM,15,trade_policy_actions,0.1171,0.4049,,0.5369,procurement_supply_chain,0.5369,0.0498,0.0539,0.052,0.0369,0.057,0.0514,0.0514,0.0592,0.0514
covid_lockdown_start,BAH,20,armed_conflict_instability,-0.0569,0.0215,,0.6542,logistics_operations,0.0106,0.0381,0.0451,0.0337,0.6542,0.044,0.0419,0.0419,0.0486,0.0419
israel_hamas_2023,BAH,20,armed_conflict_instability,0.0772,0.0714,,0.6542,logistics_operations,0.0106,0.0381,0.0451,0.0337,0.6542,0.044,0.0419,0.0419,0.0486,0.0419
notpetya_2017,BAH,20,armed_conflict_instability,0.0273,0.0022,,0.6542,logistics_operations,0.0106,0.0381,0.0451,0.0337,0.6542,0.044,0.0419,0.0419,0.0486,0.0419
russia_invasion_2022,BAH,20,armed_conflict_instability,0.0998,0.1892,,0.6542,logistics_operations,0.0106,0.0381,0.0451,0.0337,0.6542,0.044,0.0419,0.0419,0.0486,0.0419
us_iran_war_2026,BAH,20,armed_conflict_instability,0.033,0.0329,,0.6542,logistics_operations,0.0106,0.0381,0.0451,0.0337,0.6542,0.044,0.0419,0.0419,0.0486,0.0419
us_chip_export_oct2023,ARW,45,technology_controls,-0.0405,0.0234,,0.71,innovation_ip,0.0137,0.0294,0.0366,0.0313,0.0298,0.71,0.0344,0.0344,0.0458,0.0344
covid_lockdown_start,ASR,20,armed_conflict_instability,-0.3029,-0.3246,,0.6542,logistics_operations,0.0106,0.0381,0.0451,0.0337,0.6542,0.044,0.0419,0.0419,0.0486,0.0419
india_pakistan_sindoor,ASR,20,armed_conflict_instability,0.0387,-0.0212,,0.6542,logistics_operations,0.0106,0.0381,0.0451,0.0337,0.6542,0.044,0.0419,0.0419,0.0486,0.0419
israel_hamas_2023,ASR,20,armed_conflict_instability,0.0298,0.0944,,0.6542,logistics_operations,0.0106,0.0381,0.0451,0.0337,0.6542,0.044,0.0419,0.0419,0.0486,0.0419
us_iran_war_2026,ASR,20,armed_conflict_instability,-0.082,-0.0517,,0.6542,logistics_operations,0.0106,0.0381,0.0451,0.0337,0.6542,0.044,0.0419,0.0419,0.0486,0.0419
chile_lithium_nationalization,AUR,25,political_transitions_volatility,-0.1411,-0.1166,,0.6673,revenue_market_access,0.008,0.6673,0.0396,0.0371,0.0319,0.0472,0.0398,0.0398,0.0494,0.0398
panama_mine_closure_2023,AUR,25,political_transitions_volatility,0.1039,0.5104,,0.6673,revenue_market_access,0.008,0.6673,0.0396,0.0371,0.0319,0.0472,0.0398,0.0398,0.0494,0.0398
chile_lithium_nationalization,DDS,25,political_transitions_volatility,-0.0518,-0.007,,0.6673,revenue_market_access,0.008,0.6673,0.0396,0.0371,0.0319,0.0472,0.0398,0.0398,0.0494,0.0398
india_demonetization_2016,DDS,25,political_transitions_volatility,0.1026,0.0664,,0.6673,revenue_market_access,0.008,0.6673,0.0396,0.0371,0.0319,0.0472,0.0398,0.0398,0.0494,0.0398
panama_mine_closure_2023,DDS,25,political_transitions_volatility,0.0433,0.1893,,0.6673,revenue_market_access,0.008,0.6673,0.0396,0.0371,0.0319,0.0472,0.0398,0.0398,0.0494,0.0398
covid_lockdown_start,TTC,20,armed_conflict_instability,-0.1876,-0.0866,,0.6542,logistics_operations,0.0106,0.0381,0.0451,0.0337,0.6542,0.044,0.0419,0.0419,0.0486,0.0419
india_pakistan_sindoor,TTC,20,armed_conflict_instability,0.0863,0.0063,,0.6542,logistics_operations,0.0106,0.0381,0.0451,0.0337,0.6542,0.044,0.0419,0.0419,0.0486,0.0419
israel_hamas_2023,TTC,20,armed_conflict_instability,0.0332,0.0082,,0.6542,logistics_operations,0.0106,0.0381,0.0451,0.0337,0.6542,0.044,0.0419,0.0419,0.0486,0.0419
red_sea_houthi_2023,TTC,20,armed_conflict_instability,0.1302,0.062,,0.6542,logistics_operations,0.0106,0.0381,0.0451,0.0337,0.6542,0.044,0.0419,0.0419,0.0486,0.0419
suez_blockage_2021,TTC,20,armed_conflict_instability,0.0333,0.1558,,0.6542,logistics_operations,0.0106,0.0381,0.0451,0.0337,0.6542,0.044,0.0419,0.0419,0.0486,0.0419
covid_lockdown_start,PRIM,20,armed_conflict_instability,-0.3386,-0.0944,,0.6542,logistics_operations,0.0106,0.0381,0.0451,0.0337,0.6542,0.044,0.0419,0.0419,0.0486,0.0419
india_pakistan_sindoor,PRIM,20,armed_conflict_instability,0.1517,0.1093,,0.6542,logistics_operations,0.0106,0.0381,0.0451,0.0337,0.6542,0.044,0.0419,0.0419,0.0486,0.0419
us_iran_war_2026,PRIM,20,armed_conflict_instability,-0.0861,0.1036,,0.6542,logistics_operations,0.0106,0.0381,0.0451,0.0337,0.6542,0.044,0.0419,0.0419,0.0486,0.0419
iran_sanctions_2018,JEF,40,sanctions_financial_restrictions,-0.0266,-0.0547,,0.6846,financial_treasury,0.0235,0.041,0.0366,0.0397,0.027,0.0386,0.0364,0.0364,0.6846,0.0364
eu_energy_crisis_peak,ESI,15,resource_energy_disruptions,-0.0577,-0.161,,0.5667,procurement_supply_chain,0.5667,0.058,0.0433,0.0534,0.0479,0.0517,0.0439,0.0439,0.0474,0.0439
us_china_trade_war_start,ESI,15,trade_policy_actions,0.0341,0.0554,,0.5369,procurement_supply_chain,0.5369,0.0498,0.0539,0.052,0.0369,0.057,0.0514,0.0514,0.0592,0.0514
us_tariffs_2025,ESI,15,trade_policy_actions,-0.1463,-0.0251,,0.5369,procurement_supply_chain,0.5369,0.0498,0.0539,0.052,0.0369,0.057,0.0514,0.0514,0.0592,0.0514
india_demonetization_2016,GAP,25,political_transitions_volatility,0.1269,-0.1031,,0.6673,revenue_market_access,0.008,0.6673,0.0396,0.0371,0.0319,0.0472,0.0398,0.0398,0.0494,0.0398
panama_mine_closure_2023,GAP,25,political_transitions_volatility,0.0629,0.0799,,0.6673,revenue_market_access,0.008,0.6673,0.0396,0.0371,0.0319,0.0472,0.0398,0.0398,0.0494,0.0398
covid_lockdown_start,AGX,20,armed_conflict_instability,0.0712,0.0194,,0.6542,logistics_operations,0.0106,0.0381,0.0451,0.0337,0.6542,0.044,0.0419,0.0419,0.0486,0.0419
india_pakistan_sindoor,AGX,20,armed_conflict_instability,0.0669,0.2112,,0.6542,logistics_operations,0.0106,0.0381,0.0451,0.0337,0.6542,0.044,0.0419,0.0419,0.0486,0.0419
israel_hamas_2023,AGX,20,armed_conflict_instability,-0.0305,-0.0194,,0.6542,logistics_operations,0.0106,0.0381,0.0451,0.0337,0.6542,0.044,0.0419,0.0419,0.0486,0.0419
red_sea_houthi_2023,AGX,20,armed_conflict_instability,0.0962,0.0146,,0.6542,logistics_operations,0.0106,0.0381,0.0451,0.0337,0.6542,0.044,0.0419,0.0419,0.0486,0.0419
russia_invasion_2022,AGX,20,armed_conflict_instability,0.0332,0.0317,,0.6542,logistics_operations,0.0106,0.0381,0.0451,0.0337,0.6542,0.044,0.0419,0.0419,0.0486,0.0419
us_iran_war_2026,AGX,20,armed_conflict_instability,0.0335,0.3383,,0.6542,logistics_operations,0.0106,0.0381,0.0451,0.0337,0.6542,0.044,0.0419,0.0419,0.0486,0.0419
chile_lithium_nationalization,LKNCY,25,political_transitions_volatility,0.0383,-0.2173,,0.6673,revenue_market_access,0.008,0.6673,0.0396,0.0371,0.0319,0.0472,0.0398,0.0398,0.0494,0.0398
panama_mine_closure_2023,LKNCY,25,political_transitions_volatility,-0.0795,-0.253,,0.6673,revenue_market_access,0.008,0.6673,0.0396,0.0371,0.0319,0.0472,0.0398,0.0398,0.0494,0.0398
covid_lockdown_start,POWL,20,armed_conflict_instability,-0.4232,-0.1745,,0.6542,logistics_operations,0.0106,0.0381,0.0451,0.0337,0.6542,0.044,0.0419,0.0419,0.0486,0.0419
india_pakistan_sindoor,POWL,20,armed_conflict_instability,0.0565,0.0046,,0.6542,logistics_operations,0.0106,0.0381,0.0451,0.0337,0.6542,0.044,0.0419,0.0419,0.0486,0.0419
russia_invasion_2022,POWL,20,armed_conflict_instability,-0.0388,-0.0888,,0.6542,logistics_operations,0.0106,0.0381,0.0451,0.0337,0.6542,0.044,0.0419,0.0419,0.0486,0.0419
suez_blockage_2021,POWL,20,armed_conflict_instability,0.0529,0.1453,,0.6542,logistics_operations,0.0106,0.0381,0.0451,0.0337,0.6542,0.044,0.0419,0.0419,0.0486,0.0419
eu_energy_crisis_peak,SBSW,15,resource_energy_disruptions,-0.1116,-0.017,,0.5667,procurement_supply_chain,0.5667,0.058,0.0433,0.0534,0.0479,0.0517,0.0439,0.0439,0.0474,0.0439
opec_price_war_2014,SBSW,15,resource_energy_disruptions,-0.1325,0.2571,,0.5667,procurement_supply_chain,0.5667,0.058,0.0433,0.0534,0.0479,0.0517,0.0439,0.0439,0.0474,0.0439
us_china_trade_war_start,SBSW,15,trade_policy_actions,-0.034,-0.1064,,0.5369,procurement_supply_chain,0.5369,0.0498,0.0539,0.052,0.0369,0.057,0.0514,0.0514,0.0592,0.0514
us_tariffs_2025,SBSW,15,trade_policy_actions,-0.1567,0.0419,,0.5369,procurement_supply_chain,0.5369,0.0498,0.0539,0.052,0.0369,0.057,0.0514,0.0514,0.0592,0.0514
xinjiang_boycott_2021,SBSW,15,trade_policy_actions,0.033,0.1029,,0.5369,procurement_supply_chain,0.5369,0.0498,0.0539,0.052,0.0369,0.057,0.0514,0.0514,0.0592,0.0514
us_chip_export_oct2023,CAMT,45,technology_controls,-0.1123,0.106,,0.71,innovation_ip,0.0137,0.0294,0.0366,0.0313,0.0298,0.71,0.0344,0.0344,0.0458,0.0344
us_chip_export_oct2022,SOTGY,45,technology_controls,-0.0943,0.2174,,0.71,innovation_ip,0.0137,0.0294,0.0366,0.0313,0.0298,0.71,0.0344,0.0344,0.0458,0.0344
us_chip_export_oct2023,SOTGY,45,technology_controls,0.0993,0.2364,,0.71,innovation_ip,0.0137,0.0294,0.0366,0.0313,0.0298,0.71,0.0344,0.0344,0.0458,0.0344
us_chip_export_oct2022,CGNX,45,technology_controls,-0.0478,0.1136,,0.71,innovation_ip,0.0137,0.0294,0.0366,0.0313,0.0298,0.71,0.0344,0.0344,0.0458,0.0344
us_chip_export_oct2023,CGNX,45,technology_controls,-0.0718,-0.0232,,0.71,innovation_ip,0.0137,0.0294,0.0366,0.0313,0.0298,0.71,0.0344,0.0344,0.0458,0.0344
covid_lockdown_start,AOS,20,armed_conflict_instability,-0.0385,-0.0083,,0.6542,logistics_operations,0.0106,0.0381,0.0451,0.0337,0.6542,0.044,0.0419,0.0419,0.0486,0.0419
israel_hamas_2023,AOS,20,armed_conflict_instability,0.0685,0.1364,,0.6542,logistics_operations,0.0106,0.0381,0.0451,0.0337,0.6542,0.044,0.0419,0.0419,0.0486,0.0419
red_sea_houthi_2023,AOS,20,armed_conflict_instability,0.0319,-0.0162,,0.6542,logistics_operations,0.0106,0.0381,0.0451,0.0337,0.6542,0.044,0.0419,0.0419,0.0486,0.0419
suez_blockage_2021,AOS,20,armed_conflict_instability,0.0544,0.0896,,0.6542,logistics_operations,0.0106,0.0381,0.0451,0.0337,0.6542,0.044,0.0419,0.0419,0.0486,0.0419
us_iran_war_2026,AOS,20,armed_conflict_instability,-0.0967,-0.1419,,0.6542,logistics_operations,0.0106,0.0381,0.0451,0.0337,0.6542,0.044,0.0419,0.0419,0.0486,0.0419
iran_sanctions_2018,FRHC,40,sanctions_financial_restrictions,0.0385,0.1692,,0.6846,financial_treasury,0.0235,0.041,0.0366,0.0397,0.027,0.0386,0.0364,0.0364,0.6846,0.0364
us_chip_export_oct2022,YMM,45,technology_controls,-0.1132,0.0403,,0.71,innovation_ip,0.0137,0.0294,0.0366,0.0313,0.0298,0.71,0.0344,0.0344,0.0458,0.0344
india_pakistan_sindoor,ZWS,20,armed_conflict_instability,0.0768,0.0352,,0.6542,logistics_operations,0.0106,0.0381,0.0451,0.0337,0.6542,0.044,0.0419,0.0419,0.0486,0.0419
us_iran_war_2026,ZWS,20,armed_conflict_instability,-0.0724,-0.032,,0.6542,logistics_operations,0.0106,0.0381,0.0451,0.0337,0.6542,0.044,0.0419,0.0419,0.0486,0.0419
covid_lockdown_start,AYI,20,armed_conflict_instability,-0.2452,-0.1512,,0.6542,logistics_operations,0.0106,0.0381,0.0451,0.0337,0.6542,0.044,0.0419,0.0419,0.0486,0.0419
india_pakistan_sindoor,AYI,20,armed_conflict_instability,0.0834,0.0874,,0.6542,logistics_operations,0.0106,0.0381,0.0451,0.0337,0.6542,0.044,0.0419,0.0419,0.0486,0.0419
notpetya_2017,AYI,20,armed_conflict_instability,0.1457,0.1065,,0.6542,logistics_operations,0.0106,0.0381,0.0451,0.0337,0.6542,0.044,0.0419,0.0419,0.0486,0.0419
russia_invasion_2022,AYI,20,armed_conflict_instability,0.0433,-0.0649,,0.6542,logistics_operations,0.0106,0.0381,0.0451,0.0337,0.6542,0.044,0.0419,0.0419,0.0486,0.0419
suez_blockage_2021,AYI,20,armed_conflict_instability,0.1158,0.4544,,0.6542,logistics_operations,0.0106,0.0381,0.0451,0.0337,0.6542,0.044,0.0419,0.0419,0.0486,0.0419
us_iran_war_2026,AYI,20,armed_conflict_instability,-0.0899,-0.0555,,0.6542,logistics_operations,0.0106,0.0381,0.0451,0.0337,0.6542,0.044,0.0419,0.0419,0.0486,0.0419
us_chip_export_oct2022,DOCU,45,technology_controls,-0.0801,-0.0383,,0.71,innovation_ip,0.0137,0.0294,0.0366,0.0313,0.0298,0.71,0.0344,0.0344,0.0458,0.0344
us_chip_export_oct2023,DOCU,45,technology_controls,-0.0457,0.0268,,0.71,innovation_ip,0.0137,0.0294,0.0366,0.0313,0.0298,0.71,0.0344,0.0344,0.0458,0.0344
chile_lithium_nationalization,CELH,30,political_transitions_volatility,0.0337,0.5349,,0.6673,revenue_market_access,0.008,0.6673,0.0396,0.0371,0.0319,0.0472,0.0398,0.0398,0.0494,0.0398
india_demonetization_2016,CELH,30,political_transitions_volatility,0.1795,0.2564,,0.6673,revenue_market_access,0.008,0.6673,0.0396,0.0371,0.0319,0.0472,0.0398,0.0398,0.0494,0.0398
us_chip_export_oct2022,GDS,45,technology_controls,-0.1122,-0.094,,0.71,innovation_ip,0.0137,0.0294,0.0366,0.0313,0.0298,0.71,0.0344,0.0344,0.0458,0.0344
chile_lithium_nationalization,ALV,25,political_transitions_volatility,-0.0755,-0.0694,,0.6673,revenue_market_access,0.008,0.6673,0.0396,0.0371,0.0319,0.0472,0.0398,0.0398,0.0494,0.0398
covid_lockdown_start,AGCO,20,armed_conflict_instability,-0.3424,-0.1298,,0.6542,logistics_operations,0.0106,0.0381,0.0451,0.0337,0.6542,0.044,0.0419,0.0419,0.0486,0.0419
india_pakistan_sindoor,AGCO,20,armed_conflict_instability,0.1087,0.0855,,0.6542,logistics_operations,0.0106,0.0381,0.0451,0.0337,0.6542,0.044,0.0419,0.0419,0.0486,0.0419
notpetya_2017,AGCO,20,armed_conflict_instability,0.0369,0.0901,,0.6542,logistics_operations,0.0106,0.0381,0.0451,0.0337,0.6542,0.044,0.0419,0.0419,0.0486,0.0419
red_sea_houthi_2023,AGCO,20,armed_conflict_instability,0.0254,0.0258,,0.6542,logistics_operations,0.0106,0.0381,0.0451,0.0337,0.6542,0.044,0.0419,0.0419,0.0486,0.0419
russia_invasion_2022,AGCO,20,armed_conflict_instability,0.1104,0.1463,,0.6542,logistics_operations,0.0106,0.0381,0.0451,0.0337,0.6542,0.044,0.0419,0.0419,0.0486,0.0419
suez_blockage_2021,AGCO,20,armed_conflict_instability,0.0618,0.1252,,0.6542,logistics_operations,0.0106,0.0381,0.0451,0.0337,0.6542,0.044,0.0419,0.0419,0.0486,0.0419
us_iran_war_2026,AGCO,20,armed_conflict_instability,-0.0922,-0.102,,0.6542,logistics_operations,0.0106,0.0381,0.0451,0.0337,0.6542,0.044,0.0419,0.0419,0.0486,0.0419
india_demonetization_2016,EDU,30,political_transitions_volatility,-0.1063,-0.2,,0.6673,revenue_market_access,0.008,0.6673,0.0396,0.0371,0.0319,0.0472,0.0398,0.0398,0.0494,0.0398
us_chip_export_oct2022,VSAT,45,technology_controls,-0.0418,-0.1112,,0.71,innovation_ip,0.0137,0.0294,0.0366,0.0313,0.0298,0.71,0.0344,0.0344,0.0458,0.0344
us_chip_export_oct2023,VSAT,45,technology_controls,-0.0802,-0.0264,,0.71,innovation_ip,0.0137,0.0294,0.0366,0.0313,0.0298,0.71,0.0344,0.0344,0.0458,0.0344
eu_energy_crisis_peak,NFG,10,resource_energy_disruptions,-0.0368,-0.1413,,0.5667,procurement_supply_chain,0.5667,0.058,0.0433,0.0534,0.0479,0.0517,0.0439,0.0439,0.0474,0.0439
us_tariffs_2025,NFG,10,trade_policy_actions,-0.067,0.0133,,0.5369,procurement_supply_chain,0.5369,0.0498,0.0539,0.052,0.0369,0.057,0.0514,0.0514,0.0592,0.0514
xinjiang_boycott_2021,NFG,10,trade_policy_actions,0.0334,0.0593,,0.5369,procurement_supply_chain,0.5369,0.0498,0.0539,0.052,0.0369,0.057,0.0514,0.0514,0.0592,0.0514
opec_price_war_2014,GGB,15,resource_energy_disruptions,-0.0731,-0.1698,,0.5667,procurement_supply_chain,0.5667,0.058,0.0433,0.0534,0.0479,0.0517,0.0439,0.0439,0.0474,0.0439
us_tariffs_2025,GGB,15,trade_policy_actions,-0.122,-0.027,,0.5369,procurement_supply_chain,0.5369,0.0498,0.0539,0.052,0.0369,0.057,0.0514,0.0514,0.0592,0.0514
xinjiang_boycott_2021,GGB,15,trade_policy_actions,0.1314,0.4513,,0.5369,procurement_supply_chain,0.5369,0.0498,0.0539,0.052,0.0369,0.057,0.0514,0.0514,0.0592,0.0514
us_china_trade_war_start,NXE,10,trade_policy_actions,-0.0452,-0.0402,,0.5369,procurement_supply_chain,0.5369,0.0498,0.0539,0.052,0.0369,0.057,0.0514,0.0514,0.0592,0.0514
xinjiang_boycott_2021,NXE,10,trade_policy_actions,0.0614,0.345,,0.5369,procurement_supply_chain,0.5369,0.0498,0.0539,0.052,0.0369,0.057,0.0514,0.0514,0.0592,0.0514
covid_lockdown_start,POOL,20,armed_conflict_instability,-0.0961,-0.0142,,0.6542,logistics_operations,0.0106,0.0381,0.0451,0.0337,0.6542,0.044,0.0419,0.0419,0.0486,0.0419
india_pakistan_sindoor,POOL,20,armed_conflict_instability,0.0447,-0.0206,,0.6542,logistics_operations,0.0106,0.0381,0.0451,0.0337,0.6542,0.044,0.0419,0.0419,0.0486,0.0419
israel_hamas_2023,POOL,20,armed_conflict_instability,0.0379,0.042,,0.6542,logistics_operations,0.0106,0.0381,0.0451,0.0337,0.6542,0.044,0.0419,0.0419,0.0486,0.0419
russia_invasion_2022,POOL,20,armed_conflict_instability,0.0765,-0.022,,0.6542,logistics_operations,0.0106,0.0381,0.0451,0.0337,0.6542,0.044,0.0419,0.0419,0.0486,0.0419
us_iran_war_2026,POOL,20,armed_conflict_instability,-0.0557,-0.0348,,0.6542,logistics_operations,0.0106,0.0381,0.0451,0.0337,0.6542,0.044,0.0419,0.0419,0.0486,0.0419
india_demonetization_2016,NCLH,25,political_transitions_volatility,0.0266,0.1482,,0.6673,revenue_market_access,0.008,0.6673,0.0396,0.0371,0.0319,0.0472,0.0398,0.0398,0.0494,0.0398
panama_mine_closure_2023,NCLH,25,political_transitions_volatility,0.2148,0.2093,,0.6673,revenue_market_access,0.008,0.6673,0.0396,0.0371,0.0319,0.0472,0.0398,0.0398,0.0494,0.0398
india_pakistan_sindoor,JOBY,20,armed_conflict_instability,0.1168,0.3302,,0.6542,logistics_operations,0.0106,0.0381,0.0451,0.0337,0.6542,0.044,0.0419,0.0419,0.0486,0.0419
israel_hamas_2023,JOBY,20,armed_conflict_instability,-0.0309,-0.0495,,0.6542,logistics_operations,0.0106,0.0381,0.0451,0.0337,0.6542,0.044,0.0419,0.0419,0.0486,0.0419
eu_energy_crisis_peak,EGO,15,resource_energy_disruptions,-0.0377,0.0909,,0.5667,procurement_supply_chain,0.5667,0.058,0.0433,0.0534,0.0479,0.0517,0.0439,0.0439,0.0474,0.0439
opec_price_war_2014,EGO,15,resource_energy_disruptions,-0.0349,-0.0262,,0.5667,procurement_supply_chain,0.5667,0.058,0.0433,0.0534,0.0479,0.0517,0.0439,0.0439,0.0474,0.0439
us_china_trade_war_start,EGO,15,trade_policy_actions,0.0286,-0.1048,,0.5369,procurement_supply_chain,0.5369,0.0498,0.0539,0.052,0.0369,0.057,0.0514,0.0514,0.0592,0.0514
us_tariffs_2025,EGO,15,trade_policy_actions,-0.0463,-0.0006,,0.5369,procurement_supply_chain,0.5369,0.0498,0.0539,0.052,0.0369,0.057,0.0514,0.0514,0.0592,0.0514
eu_energy_crisis_peak,TX,15,resource_energy_disruptions,-0.0786,-0.1193,,0.5667,procurement_supply_chain,0.5667,0.058,0.0433,0.0534,0.0479,0.0517,0.0439,0.0439,0.0474,0.0439
opec_price_war_2014,TX,15,resource_energy_disruptions,-0.0746,-0.2229,,0.5667,procurement_supply_chain,0.5667,0.058,0.0433,0.0534,0.0479,0.0517,0.0439,0.0439,0.0474,0.0439
us_tariffs_2025,TX,15,trade_policy_actions,-0.1554,-0.0434,,0.5369,procurement_supply_chain,0.5369,0.0498,0.0539,0.052,0.0369,0.057,0.0514,0.0514,0.0592,0.0514
xinjiang_boycott_2021,TX,15,trade_policy_actions,0.0819,0.1238,,0.5369,procurement_supply_chain,0.5369,0.0498,0.0539,0.052,0.0369,0.057,0.0514,0.0514,0.0592,0.0514
india_demonetization_2016,IBP,25,political_transitions_volatility,0.1094,0.1725,,0.6673,revenue_market_access,0.008,0.6673,0.0396,0.0371,0.0319,0.0472,0.0398,0.0398,0.0494,0.0398
panama_mine_closure_2023,IBP,25,political_transitions_volatility,0.0535,0.2711,,0.6673,revenue_market_access,0.008,0.6673,0.0396,0.0371,0.0319,0.0472,0.0398,0.0398,0.0494,0.0398
us_chip_export_oct2022,PCOR,45,technology_controls,-0.1059,-0.0668,,0.71,innovation_ip,0.0137,0.0294,0.0366,0.0313,0.0298,0.71,0.0344,0.0344,0.0458,0.0344
us_chip_export_oct2023,PCOR,45,technology_controls,-0.0673,-0.1409,,0.71,innovation_ip,0.0137,0.0294,0.0366,0.0313,0.0298,0.71,0.0344,0.0344,0.0458,0.0344
us_chip_export_oct2023,MINBY,45,technology_controls,0.0994,0.2647,,0.71,innovation_ip,0.0137,0.0294,0.0366,0.0313,0.0298,0.71,0.0344,0.0344,0.0458,0.0344
us_chip_export_oct2023,ESE,45,technology_controls,-0.0464,-0.0052,,0.71,innovation_ip,0.0137,0.0294,0.0366,0.0313,0.0298,0.71,0.0344,0.0344,0.0458,0.0344
eu_energy_crisis_peak,EMN,15,resource_energy_disruptions,-0.0581,-0.2379,,0.5667,procurement_supply_chain,0.5667,0.058,0.0433,0.0534,0.0479,0.0517,0.0439,0.0439,0.0474,0.0439
opec_price_war_2014,EMN,15,resource_energy_disruptions,-0.072,-0.1687,,0.5667,procurement_supply_chain,0.5667,0.058,0.0433,0.0534,0.0479,0.0517,0.0439,0.0439,0.0474,0.0439
us_tariffs_2025,EMN,15,trade_policy_actions,-0.0771,-0.0797,,0.5369,procurement_supply_chain,0.5369,0.0498,0.0539,0.052,0.0369,0.057,0.0514,0.0514,0.0592,0.0514
eu_energy_crisis_peak,SSL,15,resource_energy_disruptions,-0.066,-0.1375,,0.5667,procurement_supply_chain,0.5667,0.058,0.0433,0.0534,0.0479,0.0517,0.0439,0.0439,0.0474,0.0439
opec_price_war_2014,SSL,15,resource_energy_disruptions,-0.1893,-0.2796,,0.5667,procurement_supply_chain,0.5667,0.058,0.0433,0.0534,0.0479,0.0517,0.0439,0.0439,0.0474,0.0439
us_tariffs_2025,SSL,15,trade_policy_actions,-0.215,-0.1039,,0.5369,procurement_supply_chain,0.5369,0.0498,0.0539,0.052,0.0369,0.057,0.0514,0.0514,0.0592,0.0514
xinjiang_boycott_2021,SSL,15,trade_policy_actions,0.0335,0.2197,,0.5369,procurement_supply_chain,0.5369,0.0498,0.0539,0.052,0.0369,0.057,0.0514,0.0514,0.0592,0.0514
us_chip_export_oct2022,MANH,45,technology_controls,-0.0976,-0.1026,,0.71,innovation_ip,0.0137,0.0294,0.0366,0.0313,0.0298,0.71,0.0344,0.0344,0.0458,0.0344
us_chip_export_oct2023,MANH,45,technology_controls,-0.0838,0.0807,,0.71,innovation_ip,0.0137,0.0294,0.0366,0.0313,0.0298,0.71,0.0344,0.0344,0.0458,0.0344
covid_lockdown_start,CAE,20,armed_conflict_instability,-0.4993,-0.3466,,0.6542,logistics_operations,0.0106,0.0381,0.0451,0.0337,0.6542,0.044,0.0419,0.0419,0.0486,0.0419
india_pakistan_sindoor,CAE,20,armed_conflict_instability,-0.048,0.0147,,0.6542,logistics_operations,0.0106,0.0381,0.0451,0.0337,0.6542,0.044,0.0419,0.0419,0.0486,0.0419
notpetya_2017,CAE,20,armed_conflict_instability,0.0307,0.013,,0.6542,logistics_operations,0.0106,0.0381,0.0451,0.0337,0.6542,0.044,0.0419,0.0419,0.0486,0.0419
red_sea_houthi_2023,CAE,20,armed_conflict_instability,0.0336,-0.038,,0.6542,logistics_operations,0.0106,0.0381,0.0451,0.0337,0.6542,0.044,0.0419,0.0419,0.0486,0.0419
russia_invasion_2022,CAE,20,armed_conflict_instability,0.09,0.0428,,0.6542,logistics_operations,0.0106,0.0381,0.0451,0.0337,0.6542,0.044,0.0419,0.0419,0.0486,0.0419
suez_blockage_2021,CAE,20,armed_conflict_instability,0.0461,0.1419,,0.6542,logistics_operations,0.0106,0.0381,0.0451,0.0337,0.6542,0.044,0.0419,0.0419,0.0486,0.0419
covid_lockdown_start,TTEK,20,armed_conflict_instability,-0.0936,-0.0048,,0.6542,logistics_operations,0.0106,0.0381,0.0451,0.0337,0.6542,0.044,0.0419,0.0419,0.0486,0.0419
india_pakistan_sindoor,TTEK,20,armed_conflict_instability,0.125,0.1417,,0.6542,logistics_operations,0.0106,0.0381,0.0451,0.0337,0.6542,0.044,0.0419,0.0419,0.0486,0.0419
israel_hamas_2023,TTEK,20,armed_conflict_instability,0.0437,0.0584,,0.6542,logistics_operations,0.0106,0.0381,0.0451,0.0337,0.6542,0.044,0.0419,0.0419,0.0486,0.0419
russia_invasion_2022,TTEK,20,armed_conflict_instability,0.0334,0.0244,,0.6542,logistics_operations,0.0106,0.0381,0.0451,0.0337,0.6542,0.044,0.0419,0.0419,0.0486,0.0419
suez_blockage_2021,TTEK,20,armed_conflict_instability,0.044,-0.0315,,0.6542,logistics_operations,0.0106,0.0381,0.0451,0.0337,0.6542,0.044,0.0419,0.0419,0.0486,0.0419
iran_sanctions_2018,BOKF,40,sanctions_financial_restrictions,0.0289,-0.0377,,0.6846,financial_treasury,0.0235,0.041,0.0366,0.0397,0.027,0.0386,0.0364,0.0364,0.6846,0.0364
eu_energy_crisis_peak,BVN,15,resource_energy_disruptions,0.0422,0.2239,,0.5667,procurement_supply_chain,0.5667,0.058,0.0433,0.0534,0.0479,0.0517,0.0439,0.0439,0.0474,0.0439
us_china_trade_war_start,BVN,15,trade_policy_actions,-0.0708,-0.0996,,0.5369,procurement_supply_chain,0.5369,0.0498,0.0539,0.052,0.0369,0.057,0.0514,0.0514,0.0592,0.0514
us_tariffs_2025,BVN,15,trade_policy_actions,-0.0854,-0.0283,,0.5369,procurement_supply_chain,0.5369,0.0498,0.0539,0.052,0.0369,0.057,0.0514,0.0514,0.0592,0.0514
india_pakistan_sindoor,SARO,20,armed_conflict_instability,0.1136,0.0767,,0.6542,logistics_operations,0.0106,0.0381,0.0451,0.0337,0.6542,0.044,0.0419,0.0419,0.0486,0.0419
us_iran_war_2026,SARO,20,armed_conflict_instability,-0.0718,-0.1049,,0.6542,logistics_operations,0.0106,0.0381,0.0451,0.0337,0.6542,0.044,0.0419,0.0419,0.0486,0.0419
india_demonetization_2016,TAP,30,political_transitions_volatility,-0.0771,-0.0771,,0.6673,revenue_market_access,0.008,0.6673,0.0396,0.0371,0.0319,0.0472,0.0398,0.0398,0.0494,0.0398
panama_mine_closure_2023,TAP,30,political_transitions_volatility,0.0363,0.064,,0.6673,revenue_market_access,0.008,0.6673,0.0396,0.0371,0.0319,0.0472,0.0398,0.0398,0.0494,0.0398
us_chip_export_oct2022,ALGM,45,technology_controls,-0.1255,0.2769,,0.71,innovation_ip,0.0137,0.0294,0.0366,0.0313,0.0298,0.71,0.0344,0.0344,0.0458,0.0344
us_chip_export_oct2023,ALGM,45,technology_controls,-0.0607,-0.1008,,0.71,innovation_ip,0.0137,0.0294,0.0366,0.0313,0.0298,0.71,0.0344,0.0344,0.0458,0.0344
covid_lockdown_start,AAON,20,armed_conflict_instability,0.071,0.0848,,0.6542,logistics_operations,0.0106,0.0381,0.0451,0.0337,0.6542,0.044,0.0419,0.0419,0.0486,0.0419
india_pakistan_sindoor,AAON,20,armed_conflict_instability,0.0959,-0.246,,0.6542,logistics_operations,0.0106,0.0381,0.0451,0.0337,0.6542,0.044,0.0419,0.0419,0.0486,0.0419
notpetya_2017,AAON,20,armed_conflict_instability,0.0393,-0.0519,,0.6542,logistics_operations,0.0106,0.0381,0.0451,0.0337,0.6542,0.044,0.0419,0.0419,0.0486,0.0419
red_sea_houthi_2023,AAON,20,armed_conflict_instability,0.0323,-0.0134,,0.6542,logistics_operations,0.0106,0.0381,0.0451,0.0337,0.6542,0.044,0.0419,0.0419,0.0486,0.0419
russia_invasion_2022,AAON,20,armed_conflict_instability,-0.0586,-0.0758,,0.6542,logistics_operations,0.0106,0.0381,0.0451,0.0337,0.6542,0.044,0.0419,0.0419,0.0486,0.0419
us_iran_war_2026,AAON,20,armed_conflict_instability,-0.1074,-0.0719,,0.6542,logistics_operations,0.0106,0.0381,0.0451,0.0337,0.6542,0.044,0.0419,0.0419,0.0486,0.0419
covid_lockdown_start,CAR,20,armed_conflict_instability,-0.5992,-0.3812,,0.6542,logistics_operations,0.0106,0.0381,0.0451,0.0337,0.6542,0.044,0.0419,0.0419,0.0486,0.0419
india_pakistan_sindoor,CAR,20,armed_conflict_instability,0.0531,0.3377,,0.6542,logistics_operations,0.0106,0.0381,0.0451,0.0337,0.6542,0.044,0.0419,0.0419,0.0486,0.0419
notpetya_2017,CAR,20,armed_conflict_instability,0.0935,0.2702,,0.6542,logistics_operations,0.0106,0.0381,0.0451,0.0337,0.6542,0.044,0.0419,0.0419,0.0486,0.0419
red_sea_houthi_2023,CAR,20,armed_conflict_instability,-0.0626,-0.158,,0.6542,logistics_operations,0.0106,0.0381,0.0451,0.0337,0.6542,0.044,0.0419,0.0419,0.0486,0.0419
russia_invasion_2022,CAR,20,armed_conflict_instability,0.0813,0.5002,,0.6542,logistics_operations,0.0106,0.0381,0.0451,0.0337,0.6542,0.044,0.0419,0.0419,0.0486,0.0419
suez_blockage_2021,CAR,20,armed_conflict_instability,0.1395,0.2756,,0.6542,logistics_operations,0.0106,0.0381,0.0451,0.0337,0.6542,0.044,0.0419,0.0419,0.0486,0.0419
india_demonetization_2016,PPC,30,political_transitions_volatility,-0.0397,-0.0709,,0.6673,revenue_market_access,0.008,0.6673,0.0396,0.0371,0.0319,0.0472,0.0398,0.0398,0.0494,0.0398
panama_mine_closure_2023,PPC,30,political_transitions_volatility,0.0433,0.1109,,0.6673,revenue_market_access,0.008,0.6673,0.0396,0.0371,0.0319,0.0472,0.0398,0.0398,0.0494,0.0398
india_demonetization_2016,LKQ,25,political_transitions_volatility,0.0301,0.0135,,0.6673,revenue_market_access,0.008,0.6673,0.0396,0.0371,0.0319,0.0472,0.0398,0.0398,0.0494,0.0398
iran_sanctions_2018,JHG,40,sanctions_financial_restrictions,0.0598,0.0244,,0.6846,financial_treasury,0.0235,0.041,0.0366,0.0397,0.027,0.0386,0.0364,0.0364,0.6846,0.0364
us_tariffs_2025,NE,10,trade_policy_actions,-0.1229,0.0095,,0.5369,procurement_supply_chain,0.5369,0.0498,0.0539,0.052,0.0369,0.057,0.0514,0.0514,0.0592,0.0514
eu_energy_crisis_peak,CHRD,10,resource_energy_disruptions,-0.0311,0.0047,,0.5667,procurement_supply_chain,0.5667,0.058,0.0433,0.0534,0.0479,0.0517,0.0439,0.0439,0.0474,0.0439
opec_price_war_2014,CHRD,10,resource_energy_disruptions,-0.4358,-0.481,,0.5667,procurement_supply_chain,0.5667,0.058,0.0433,0.0534,0.0479,0.0517,0.0439,0.0439,0.0474,0.0439
us_china_trade_war_start,CHRD,10,trade_policy_actions,-0.05,-0.0855,,0.5369,procurement_supply_chain,0.5369,0.0498,0.0539,0.052,0.0369,0.057,0.0514,0.0514,0.0592,0.0514
us_tariffs_2025,CHRD,10,trade_policy_actions,-0.1634,-0.1555,,0.5369,procurement_supply_chain,0.5369,0.0498,0.0539,0.052,0.0369,0.057,0.0514,0.0514,0.0592,0.0514
xinjiang_boycott_2021,CHRD,10,trade_policy_actions,-0.0508,0.2452,,0.5369,procurement_supply_chain,0.5369,0.0498,0.0539,0.052,0.0369,0.057,0.0514,0.0514,0.0592,0.0514
opec_price_war_2014,FRO,10,resource_energy_disruptions,0.1066,2.3115,,0.5667,procurement_supply_chain,0.5667,0.058,0.0433,0.0534,0.0479,0.0517,0.0439,0.0439,0.0474,0.0439
us_china_trade_war_start,FRO,10,trade_policy_actions,-0.0471,-0.0725,,0.5369,procurement_supply_chain,0.5369,0.0498,0.0539,0.052,0.0369,0.057,0.0514,0.0514,0.0592,0.0514
us_tariffs_2025,FRO,10,trade_policy_actions,-0.0401,0.2087,,0.5369,procurement_supply_chain,0.5369,0.0498,0.0539,0.052,0.0369,0.057,0.0514,0.0514,0.0592,0.0514
xinjiang_boycott_2021,FRO,10,trade_policy_actions,-0.039,0.0497,,0.5369,procurement_supply_chain,0.5369,0.0498,0.0539,0.052,0.0369,0.057,0.0514,0.0514,0.0592,0.0514
eu_energy_crisis_peak,MOS,15,resource_energy_disruptions,-0.1099,-0.1448,,0.5667,procurement_supply_chain,0.5667,0.058,0.0433,0.0534,0.0479,0.0517,0.0439,0.0439,0.0474,0.0439
us_tariffs_2025,MOS,15,trade_policy_actions,-0.0676,0.3098,,0.5369,procurement_supply_chain,0.5369,0.0498,0.0539,0.052,0.0369,0.057,0.0514,0.0514,0.0592,0.0514
xinjiang_boycott_2021,MOS,15,trade_policy_actions,0.0463,0.1738,,0.5369,procurement_supply_chain,0.5369,0.0498,0.0539,0.052,0.0369,0.057,0.0514,0.0514,0.0592,0.0514
covid_lockdown_start,AAL,20,armed_conflict_instability,-0.2835,-0.3696,,0.6542,logistics_operations,0.0106,0.0381,0.0451,0.0337,0.6542,0.044,0.0419,0.0419,0.0486,0.0419
india_pakistan_sindoor,AAL,20,armed_conflict_instability,0.1212,0.0057,,0.6542,logistics_operations,0.0106,0.0381,0.0451,0.0337,0.6542,0.044,0.0419,0.0419,0.0486,0.0419
israel_hamas_2023,AAL,20,armed_conflict_instability,-0.0643,-0.0282,,0.6542,logistics_operations,0.0106,0.0381,0.0451,0.0337,0.6542,0.044,0.0419,0.0419,0.0486,0.0419
notpetya_2017,AAL,20,armed_conflict_instability,0.0569,0.0186,,0.6542,logistics_operations,0.0106,0.0381,0.0451,0.0337,0.6542,0.044,0.0419,0.0419,0.0486,0.0419
russia_invasion_2022,AAL,20,armed_conflict_instability,-0.0737,-0.0006,,0.6542,logistics_operations,0.0106,0.0381,0.0451,0.0337,0.6542,0.044,0.0419,0.0419,0.0486,0.0419
suez_blockage_2021,AAL,20,armed_conflict_instability,0.0831,-0.0314,,0.6542,logistics_operations,0.0106,0.0381,0.0451,0.0337,0.6542,0.044,0.0419,0.0419,0.0486,0.0419
us_iran_war_2026,AAL,20,armed_conflict_instability,-0.1247,-0.0719,,0.6542,logistics_operations,0.0106,0.0381,0.0451,0.0337,0.6542,0.044,0.0419,0.0419,0.0486,0.0419
covid_lockdown_start,AWI,20,armed_conflict_instability,-0.2293,-0.1589,,0.6542,logistics_operations,0.0106,0.0381,0.0451,0.0337,0.6542,0.044,0.0419,0.0419,0.0486,0.0419
india_pakistan_sindoor,AWI,20,armed_conflict_instability,0.0567,0.0222,,0.6542,logistics_operations,0.0106,0.0381,0.0451,0.0337,0.6542,0.044,0.0419,0.0419,0.0486,0.0419
israel_hamas_2023,AWI,20,armed_conflict_instability,0.0268,0.1858,,0.6542,logistics_operations,0.0106,0.0381,0.0451,0.0337,0.6542,0.044,0.0419,0.0419,0.0486,0.0419
suez_blockage_2021,AWI,20,armed_conflict_instability,0.0267,0.1704,,0.6542,logistics_operations,0.0106,0.0381,0.0451,0.0337,0.6542,0.044,0.0419,0.0419,0.0486,0.0419
us_iran_war_2026,AWI,20,armed_conflict_instability,-0.0385,0.0349,,0.6542,logistics_operations,0.0106,0.0381,0.0451,0.0337,0.6542,0.044,0.0419,0.0419,0.0486,0.0419
eu_energy_crisis_peak,SSD,15,resource_energy_disruptions,-0.0615,-0.1802,,0.5667,procurement_supply_chain,0.5667,0.058,0.0433,0.0534,0.0479,0.0517,0.0439,0.0439,0.0474,0.0439
us_tariffs_2025,SSD,15,trade_policy_actions,-0.0471,0.0289,,0.5369,procurement_supply_chain,0.5369,0.0498,0.0539,0.052,0.0369,0.057,0.0514,0.0514,0.0592,0.0514
xinjiang_boycott_2021,SSD,15,trade_policy_actions,0.0313,0.1605,,0.5369,procurement_supply_chain,0.5369,0.0498,0.0539,0.052,0.0369,0.057,0.0514,0.0514,0.0592,0.0514
covid_lockdown_start,ENS,20,armed_conflict_instability,-0.2385,0.0525,,0.6542,logistics_operations,0.0106,0.0381,0.0451,0.0337,0.6542,0.044,0.0419,0.0419,0.0486,0.0419
india_pakistan_sindoor,ENS,20,armed_conflict_instability,0.1019,-0.078,,0.6542,logistics_operations,0.0106,0.0381,0.0451,0.0337,0.6542,0.044,0.0419,0.0419,0.0486,0.0419
red_sea_houthi_2023,ENS,20,armed_conflict_instability,0.0476,-0.0237,,0.6542,logistics_operations,0.0106,0.0381,0.0451,0.0337,0.6542,0.044,0.0419,0.0419,0.0486,0.0419
us_iran_war_2026,ENS,20,armed_conflict_instability,-0.0274,0.1993,,0.6542,logistics_operations,0.0106,0.0381,0.0451,0.0337,0.6542,0.044,0.0419,0.0419,0.0486,0.0419
us_chip_export_oct2022,CIFR,45,technology_controls,-0.1667,-0.2193,,0.71,innovation_ip,0.0137,0.0294,0.0366,0.0313,0.0298,0.71,0.0344,0.0344,0.0458,0.0344
us_chip_export_oct2023,CIFR,45,technology_controls,0.1254,-0.0179,,0.71,innovation_ip,0.0137,0.0294,0.0366,0.0313,0.0298,0.71,0.0344,0.0344,0.0458,0.0344
eu_energy_crisis_peak,MTDR,10,resource_energy_disruptions,-0.051,-0.0011,,0.5667,procurement_supply_chain,0.5667,0.058,0.0433,0.0534,0.0479,0.0517,0.0439,0.0439,0.0474,0.0439
opec_price_war_2014,MTDR,10,resource_energy_disruptions,-0.2686,-0.0832,,0.5667,procurement_supply_chain,0.5667,0.058,0.0433,0.0534,0.0479,0.0517,0.0439,0.0439,0.0474,0.0439
us_china_trade_war_start,MTDR,10,trade_policy_actions,0.0281,-0.0113,,0.5369,procurement_supply_chain,0.5369,0.0498,0.0539,0.052,0.0369,0.057,0.0514,0.0514,0.0592,0.0514
us_tariffs_2025,MTDR,10,trade_policy_actions,-0.1863,-0.14,,0.5369,procurement_supply_chain,0.5369,0.0498,0.0539,0.052,0.0369,0.057,0.0514,0.0514,0.0592,0.0514
covid_lockdown_start,TKR,20,armed_conflict_instability,-0.3215,-0.0489,,0.6542,logistics_operations,0.0106,0.0381,0.0451,0.0337,0.6542,0.044,0.0419,0.0419,0.0486,0.0419
india_pakistan_sindoor,TKR,20,armed_conflict_instability,0.1035,0.0725,,0.6542,logistics_operations,0.0106,0.0381,0.0451,0.0337,0.6542,0.044,0.0419,0.0419,0.0486,0.0419
notpetya_2017,TKR,20,armed_conflict_instability,0.0573,0.0195,,0.6542,logistics_operations,0.0106,0.0381,0.0451,0.0337,0.6542,0.044,0.0419,0.0419,0.0486,0.0419
russia_invasion_2022,TKR,20,armed_conflict_instability,0.029,-0.1224,,0.6542,logistics_operations,0.0106,0.0381,0.0451,0.0337,0.6542,0.044,0.0419,0.0419,0.0486,0.0419
suez_blockage_2021,TKR,20,armed_conflict_instability,0.0519,0.1455,,0.6542,logistics_operations,0.0106,0.0381,0.0451,0.0337,0.6542,0.044,0.0419,0.0419,0.0486,0.0419
us_iran_war_2026,TKR,20,armed_conflict_instability,-0.072,-0.0145,,0.6542,logistics_operations,0.0106,0.0381,0.0451,0.0337,0.6542,0.044,0.0419,0.0419,0.0486,0.0419
eu_energy_crisis_peak,OR,15,resource_energy_disruptions,-0.0251,-0.0058,,0.5667,procurement_supply_chain,0.5667,0.058,0.0433,0.0534,0.0479,0.0517,0.0439,0.0439,0.0474,0.0439
us_tariffs_2025,OR,15,trade_policy_actions,-0.0295,0.0994,,0.5369,procurement_supply_chain,0.5369,0.0498,0.0539,0.052,0.0369,0.057,0.0514,0.0514,0.0592,0.0514
panama_mine_closure_2023,BIRK,25,political_transitions_volatility,0.0804,0.0476,,0.6673,revenue_market_access,0.008,0.6673,0.0396,0.0371,0.0319,0.0472,0.0398,0.0398,0.0494,0.0398
eu_energy_crisis_peak,WFRD,10,resource_energy_disruptions,0.0688,0.217,,0.5667,procurement_supply_chain,0.5667,0.058,0.0433,0.0534,0.0479,0.0517,0.0439,0.0439,0.0474,0.0439
us_tariffs_2025,WFRD,10,trade_policy_actions,-0.1535,-0.1014,,0.5369,procurement_supply_chain,0.5369,0.0498,0.0539,0.052,0.0369,0.057,0.0514,0.0514,0.0592,0.0514
xinjiang_boycott_2021,WFRD,10,trade_policy_actions,0.1592,0.0237,,0.5369,procurement_supply_chain,0.5369,0.0498,0.0539,0.052,0.0369,0.057,0.0514,0.0514,0.0592,0.0514
chile_lithium_nationalization,PRMB,30,political_transitions_volatility,-0.0259,-0.1538,,0.6673,revenue_market_access,0.008,0.6673,0.0396,0.0371,0.0319,0.0472,0.0398,0.0398,0.0494,0.0398
india_demonetization_2016,PRMB,30,political_transitions_volatility,-0.0588,-0.117,,0.6673,revenue_market_access,0.008,0.6673,0.0396,0.0371,0.0319,0.0472,0.0398,0.0398,0.0494,0.0398
us_tariffs_2025,VIST,10,trade_policy_actions,-0.1892,0.0678,,0.5369,procurement_supply_chain,0.5369,0.0498,0.0539,0.052,0.0369,0.057,0.0514,0.0514,0.0592,0.0514
xinjiang_boycott_2021,VIST,10,trade_policy_actions,-0.0791,-0.0504,,0.5369,procurement_supply_chain,0.5369,0.0498,0.0539,0.052,0.0369,0.057,0.0514,0.0514,0.0592,0.0514
eu_energy_crisis_peak,UEC,10,resource_energy_disruptions,0.0561,-0.0536,,0.5667,procurement_supply_chain,0.5667,0.058,0.0433,0.0534,0.0479,0.0517,0.0439,0.0439,0.0474,0.0439
opec_price_war_2014,UEC,10,resource_energy_disruptions,-0.0642,-0.2995,,0.5667,procurement_supply_chain,0.5667,0.058,0.0433,0.0534,0.0479,0.0517,0.0439,0.0439,0.0474,0.0439
us_china_trade_war_start,UEC,10,trade_policy_actions,-0.0476,-0.0417,,0.5369,procurement_supply_chain,0.5369,0.0498,0.0539,0.052,0.0369,0.057,0.0514,0.0514,0.0592,0.0514
us_tariffs_2025,UEC,10,trade_policy_actions,-0.0616,0.1932,,0.5369,procurement_supply_chain,0.5369,0.0498,0.0539,0.052,0.0369,0.057,0.0514,0.0514,0.0592,0.0514
xinjiang_boycott_2021,UEC,10,trade_policy_actions,0.0792,0.2226,,0.5369,procurement_supply_chain,0.5369,0.0498,0.0539,0.052,0.0369,0.057,0.0514,0.0514,0.0592,0.0514
eu_energy_crisis_peak,OGC,15,resource_energy_disruptions,-0.0909,0.013,,0.5667,procurement_supply_chain,0.5667,0.058,0.0433,0.0534,0.0479,0.0517,0.0439,0.0439,0.0474,0.0439
opec_price_war_2014,OGC,15,resource_energy_disruptions,-0.1935,-0.1152,,0.5667,procurement_supply_chain,0.5667,0.058,0.0433,0.0534,0.0479,0.0517,0.0439,0.0439,0.0474,0.0439
chile_lithium_nationalization,MBLY,25,political_transitions_volatility,-0.1886,-0.022,,0.6673,revenue_market_access,0.008,0.6673,0.0396,0.0371,0.0319,0.0472,0.0398,0.0398,0.0494,0.0398
panama_mine_closure_2023,MBLY,25,political_transitions_volatility,-0.0432,-0.2557,,0.6673,revenue_market_access,0.008,0.6673,0.0396,0.0371,0.0319,0.0472,0.0398,0.0398,0.0494,0.0398
eu_energy_crisis_peak,CE,15,resource_energy_disruptions,-0.0616,-0.1935,,0.5667,procurement_supply_chain,0.5667,0.058,0.0433,0.0534,0.0479,0.0517,0.0439,0.0439,0.0474,0.0439
opec_price_war_2014,CE,15,resource_energy_disruptions,0.031,-0.0654,,0.5667,procurement_supply_chain,0.5667,0.058,0.0433,0.0534,0.0479,0.0517,0.0439,0.0439,0.0474,0.0439
us_tariffs_2025,CE,15,trade_policy_actions,-0.2241,-0.0766,,0.5369,procurement_supply_chain,0.5369,0.0498,0.0539,0.052,0.0369,0.057,0.0514,0.0514,0.0592,0.0514
xinjiang_boycott_2021,CE,15,trade_policy_actions,0.0482,0.1834,,0.5369,procurement_supply_chain,0.5369,0.0498,0.0539,0.052,0.0369,0.057,0.0514,0.0514,0.0592,0.0514
eu_energy_crisis_peak,NOV,10,resource_energy_disruptions,-0.0504,-0.0327,,0.5667,procurement_supply_chain,0.5667,0.058,0.0433,0.0534,0.0479,0.0517,0.0439,0.0439,0.0474,0.0439
opec_price_war_2014,NOV,10,resource_energy_disruptions,-0.0552,-0.1812,,0.5667,procurement_supply_chain,0.5667,0.058,0.0433,0.0534,0.0479,0.0517,0.0439,0.0439,0.0474,0.0439
us_tariffs_2025,NOV,10,trade_policy_actions,-0.1654,-0.1562,,0.5369,procurement_supply_chain,0.5369,0.0498,0.0539,0.052,0.0369,0.057,0.0514,0.0514,0.0592,0.0514
us_chip_export_oct2022,CWAN,45,technology_controls,-0.1041,0.1133,,0.71,innovation_ip,0.0137,0.0294,0.0366,0.0313,0.0298,0.71,0.0344,0.0344,0.0458,0.0344
us_chip_export_oct2023,CWAN,45,technology_controls,-0.0305,0.065,,0.71,innovation_ip,0.0137,0.0294,0.0366,0.0313,0.0298,0.71,0.0344,0.0344,0.0458,0.0344
us_chip_export_oct2022,QBTS,45,technology_controls,-0.165,-0.6993,,0.71,innovation_ip,0.0137,0.0294,0.0366,0.0313,0.0298,0.71,0.0344,0.0344,0.0458,0.0344
us_chip_export_oct2023,QBTS,45,technology_controls,-0.1637,-0.1105,,0.71,innovation_ip,0.0137,0.0294,0.0366,0.0313,0.0298,0.71,0.0344,0.0344,0.0458,0.0344
covid_lockdown_start,TEX,20,armed_conflict_instability,-0.1973,-0.1832,,0.6542,logistics_operations,0.0106,0.0381,0.0451,0.0337,0.6542,0.044,0.0419,0.0419,0.0486,0.0419
india_pakistan_sindoor,TEX,20,armed_conflict_instability,0.2059,0.1725,,0.6542,logistics_operations,0.0106,0.0381,0.0451,0.0337,0.6542,0.044,0.0419,0.0419,0.0486,0.0419
notpetya_2017,TEX,20,armed_conflict_instability,0.0611,0.0935,,0.6542,logistics_operations,0.0106,0.0381,0.0451,0.0337,0.6542,0.044,0.0419,0.0419,0.0486,0.0419
suez_blockage_2021,TEX,20,armed_conflict_instability,0.0813,0.2167,,0.6542,logistics_operations,0.0106,0.0381,0.0451,0.0337,0.6542,0.044,0.0419,0.0419,0.0486,0.0419
us_iran_war_2026,TEX,20,armed_conflict_instability,-0.1032,-0.0712,,0.6542,logistics_operations,0.0106,0.0381,0.0451,0.0337,0.6542,0.044,0.0419,0.0419,0.0486,0.0419
covid_lockdown_start,FSS,20,armed_conflict_instability,-0.1081,-0.0178,,0.6542,logistics_operations,0.0106,0.0381,0.0451,0.0337,0.6542,0.044,0.0419,0.0419,0.0486,0.0419
india_pakistan_sindoor,FSS,20,armed_conflict_instability,0.0625,0.1465,,0.6542,logistics_operations,0.0106,0.0381,0.0451,0.0337,0.6542,0.044,0.0419,0.0419,0.0486,0.0419
notpetya_2017,FSS,20,armed_conflict_instability,0.041,0.1022,,0.6542,logistics_operations,0.0106,0.0381,0.0451,0.0337,0.6542,0.044,0.0419,0.0419,0.0486,0.0419
russia_invasion_2022,FSS,20,armed_conflict_instability,-0.0265,-0.0851,,0.6542,logistics_operations,0.0106,0.0381,0.0451,0.0337,0.6542,0.044,0.0419,0.0419,0.0486,0.0419
suez_blockage_2021,FSS,20,armed_conflict_instability,0.061,0.1441,,0.6542,logistics_operations,0.0106,0.0381,0.0451,0.0337,0.6542,0.044,0.0419,0.0419,0.0486,0.0419
us_iran_war_2026,FSS,20,armed_conflict_instability,-0.0879,0.0082,,0.6542,logistics_operations,0.0106,0.0381,0.0451,0.0337,0.6542,0.044,0.0419,0.0419,0.0486,0.0419
india_demonetization_2016,INGR,30,political_transitions_volatility,-0.1013,-0.054,,0.6673,revenue_market_access,0.008,0.6673,0.0396,0.0371,0.0319,0.0472,0.0398,0.0398,0.0494,0.0398
panama_mine_closure_2023,INGR,30,political_transitions_volatility,0.0259,0.0705,,0.6673,revenue_market_access,0.008,0.6673,0.0396,0.0371,0.0319,0.0472,0.0398,0.0398,0.0494,0.0398
us_chip_export_oct2022,SLAB,45,technology_controls,-0.0903,0.1167,,0.71,innovation_ip,0.0137,0.0294,0.0366,0.0313,0.0298,0.71,0.0344,0.0344,0.0458,0.0344
us_chip_export_oct2023,SLAB,45,technology_controls,-0.0631,-0.0424,,0.71,innovation_ip,0.0137,0.0294,0.0366,0.0313,0.0298,0.71,0.0344,0.0344,0.0458,0.0344
covid_lockdown_start,GATX,20,armed_conflict_instability,-0.0988,-0.0699,,0.6542,logistics_operations,0.0106,0.0381,0.0451,0.0337,0.6542,0.044,0.0419,0.0419,0.0486,0.0419
india_pakistan_sindoor,GATX,20,armed_conflict_instability,0.0316,0.0623,,0.6542,logistics_operations,0.0106,0.0381,0.0451,0.0337,0.6542,0.044,0.0419,0.0419,0.0486,0.0419
israel_hamas_2023,GATX,20,armed_conflict_instability,0.0278,0.0439,,0.6542,logistics_operations,0.0106,0.0381,0.0451,0.0337,0.6542,0.044,0.0419,0.0419,0.0486,0.0419
russia_invasion_2022,GATX,20,armed_conflict_instability,0.0657,0.1183,,0.6542,logistics_operations,0.0106,0.0381,0.0451,0.0337,0.6542,0.044,0.0419,0.0419,0.0486,0.0419
suez_blockage_2021,GATX,20,armed_conflict_instability,0.0614,0.148,,0.6542,logistics_operations,0.0106,0.0381,0.0451,0.0337,0.6542,0.044,0.0419,0.0419,0.0486,0.0419
us_iran_war_2026,GATX,20,armed_conflict_instability,-0.0269,0.0685,,0.6542,logistics_operations,0.0106,0.0381,0.0451,0.0337,0.6542,0.044,0.0419,0.0419,0.0486,0.0419
eu_energy_crisis_peak,SM,10,resource_energy_disruptions,-0.045,-0.0283,,0.5667,procurement_supply_chain,0.5667,0.058,0.0433,0.0534,0.0479,0.0517,0.0439,0.0439,0.0474,0.0439
opec_price_war_2014,SM,10,resource_energy_disruptions,-0.364,-0.3761,,0.5667,procurement_supply_chain,0.5667,0.058,0.0433,0.0534,0.0479,0.0517,0.0439,0.0439,0.0474,0.0439
us_tariffs_2025,SM,10,trade_policy_actions,-0.1933,-0.188,,0.5369,procurement_supply_chain,0.5369,0.0498,0.0539,0.052,0.0369,0.057,0.0514,0.0514,0.0592,0.0514
us_chip_export_oct2022,DOX,45,technology_controls,-0.0278,0.0433,,0.71,innovation_ip,0.0137,0.0294,0.0366,0.0313,0.0298,0.71,0.0344,0.0344,0.0458,0.0344
india_pakistan_sindoor,ECG,20,armed_conflict_instability,0.2943,0.2702,,0.6542,logistics_operations,0.0106,0.0381,0.0451,0.0337,0.6542,0.044,0.0419,0.0419,0.0486,0.0419
us_iran_war_2026,ECG,20,armed_conflict_instability,-0.0389,0.1233,,0.6542,logistics_operations,0.0106,0.0381,0.0451,0.0337,0.6542,0.044,0.0419,0.0419,0.0486,0.0419
india_demonetization_2016,AN,25,political_transitions_volatility,0.111,0.2305,,0.6673,revenue_market_access,0.008,0.6673,0.0396,0.0371,0.0319,0.0472,0.0398,0.0398,0.0494,0.0398
iran_sanctions_2018,OMF,40,sanctions_financial_restrictions,0.0363,0.0491,,0.6846,financial_treasury,0.0235,0.041,0.0366,0.0397,0.027,0.0386,0.0364,0.0364,0.6846,0.0364
chile_lithium_nationalization,BROS,25,political_transitions_volatility,0.0283,-0.0696,,0.6673,revenue_market_access,0.008,0.6673,0.0396,0.0371,0.0319,0.0472,0.0398,0.0398,0.0494,0.0398
panama_mine_closure_2023,BROS,25,political_transitions_volatility,-0.0884,-0.0493,,0.6673,revenue_market_access,0.008,0.6673,0.0396,0.0371,0.0319,0.0472,0.0398,0.0398,0.0494,0.0398
covid_lockdown_start,HXL,20,armed_conflict_instability,-0.4068,-0.4557,,0.6542,logistics_operations,0.0106,0.0381,0.0451,0.0337,0.6542,0.044,0.0419,0.0419,0.0486,0.0419
india_pakistan_sindoor,HXL,20,armed_conflict_instability,0.0651,0.0762,,0.6542,logistics_operations,0.0106,0.0381,0.0451,0.0337,0.6542,0.044,0.0419,0.0419,0.0486,0.0419
notpetya_2017,HXL,20,armed_conflict_instability,0.0338,0.0294,,0.6542,logistics_operations,0.0106,0.0381,0.0451,0.0337,0.6542,0.044,0.0419,0.0419,0.0486,0.0419
russia_invasion_2022,HXL,20,armed_conflict_instability,0.0283,0.0178,,0.6542,logistics_operations,0.0106,0.0381,0.0451,0.0337,0.6542,0.044,0.0419,0.0419,0.0486,0.0419
us_iran_war_2026,HXL,20,armed_conflict_instability,-0.0624,-0.0832,,0.6542,logistics_operations,0.0106,0.0381,0.0451,0.0337,0.6542,0.044,0.0419,0.0419,0.0486,0.0419
india_pakistan_sindoor,BBUC,20,armed_conflict_instability,0.0715,0.0988,,0.6542,logistics_operations,0.0106,0.0381,0.0451,0.0337,0.6542,0.044,0.0419,0.0419,0.0486,0.0419
israel_hamas_2023,BBUC,20,armed_conflict_instability,-0.0287,-0.0672,,0.6542,logistics_operations,0.0106,0.0381,0.0451,0.0337,0.6542,0.044,0.0419,0.0419,0.0486,0.0419
red_sea_houthi_2023,BBUC,20,armed_conflict_instability,0.028,0.0195,,0.6542,logistics_operations,0.0106,0.0381,0.0451,0.0337,0.6542,0.044,0.0419,0.0419,0.0486,0.0419
us_iran_war_2026,BBUC,20,armed_conflict_instability,-0.0441,0.0068,,0.6542,logistics_operations,0.0106,0.0381,0.0451,0.0337,0.6542,0.044,0.0419,0.0419,0.0486,0.0419
iran_sanctions_2018,RIOT,40,sanctions_financial_restrictions,0.0581,-0.0068,,0.6846,financial_treasury,0.0235,0.041,0.0366,0.0397,0.027,0.0386,0.0364,0.0364,0.6846,0.0364
covid_lockdown_start,ROAD,20,armed_conflict_instability,0.0865,0.1491,,0.6542,logistics_operations,0.0106,0.0381,0.0451,0.0337,0.6542,0.044,0.0419,0.0419,0.0486,0.0419
india_pakistan_sindoor,ROAD,20,armed_conflict_instability,0.1141,0.138,,0.6542,logistics_operations,0.0106,0.0381,0.0451,0.0337,0.6542,0.044,0.0419,0.0419,0.0486,0.0419
suez_blockage_2021,ROAD,20,armed_conflict_instability,0.1049,0.2102,,0.6542,logistics_operations,0.0106,0.0381,0.0451,0.0337,0.6542,0.044,0.0419,0.0419,0.0486,0.0419
us_iran_war_2026,ROAD,20,armed_conflict_instability,-0.0811,-0.1448,,0.6542,logistics_operations,0.0106,0.0381,0.0451,0.0337,0.6542,0.044,0.0419,0.0419,0.0486,0.0419
chile_lithium_nationalization,SFM,30,political_transitions_volatility,0.0685,0.0107,,0.6673,revenue_market_access,0.008,0.6673,0.0396,0.0371,0.0319,0.0472,0.0398,0.0398,0.0494,0.0398
india_demonetization_2016,SFM,30,political_transitions_volatility,0.0881,0.0083,,0.6673,revenue_market_access,0.008,0.6673,0.0396,0.0371,0.0319,0.0472,0.0398,0.0398,0.0494,0.0398
panama_mine_closure_2023,SFM,30,political_transitions_volatility,0.0835,0.1839,,0.6673,revenue_market_access,0.008,0.6673,0.0396,0.0371,0.0319,0.0472,0.0398,0.0398,0.0494,0.0398
panama_mine_closure_2023,VIPS,25,political_transitions_volatility,-0.0743,0.028,,0.6673,revenue_market_access,0.008,0.6673,0.0396,0.0371,0.0319,0.0472,0.0398,0.0398,0.0494,0.0398
iran_sanctions_2018,MORN,40,sanctions_financial_restrictions,0.0318,0.2255,,0.6846,financial_treasury,0.0235,0.041,0.0366,0.0397,0.027,0.0386,0.0364,0.0364,0.6846,0.0364
chile_lithium_nationalization,CHDN,25,political_transitions_volatility,0.1227,0.1114,,0.6673,revenue_market_access,0.008,0.6673,0.0396,0.0371,0.0319,0.0472,0.0398,0.0398,0.0494,0.0398
india_demonetization_2016,CHDN,25,political_transitions_volatility,0.0691,0.1292,,0.6673,revenue_market_access,0.008,0.6673,0.0396,0.0371,0.0319,0.0472,0.0398,0.0398,0.0494,0.0398
covid_lockdown_start,JBTM,20,armed_conflict_instability,-0.1796,-0.0229,,0.6542,logistics_operations,0.0106,0.0381,0.0451,0.0337,0.6542,0.044,0.0419,0.0419,0.0486,0.0419
india_pakistan_sindoor,JBTM,20,armed_conflict_instability,0.1015,0.1184,,0.6542,logistics_operations,0.0106,0.0381,0.0451,0.0337,0.6542,0.044,0.0419,0.0419,0.0486,0.0419
red_sea_houthi_2023,JBTM,20,armed_conflict_instability,-0.0405,-0.066,,0.6542,logistics_operations,0.0106,0.0381,0.0451,0.0337,0.6542,0.044,0.0419,0.0419,0.0486,0.0419
russia_invasion_2022,JBTM,20,armed_conflict_instability,0.0736,0.0636,,0.6542,logistics_operations,0.0106,0.0381,0.0451,0.0337,0.6542,0.044,0.0419,0.0419,0.0486,0.0419
us_iran_war_2026,JBTM,20,armed_conflict_instability,-0.0264,-0.1451,,0.6542,logistics_operations,0.0106,0.0381,0.0451,0.0337,0.6542,0.044,0.0419,0.0419,0.0486,0.0419
covid_lockdown_start,FLR,20,armed_conflict_instability,-0.5184,0.2592,,0.6542,logistics_operations,0.0106,0.0381,0.0451,0.0337,0.6542,0.044,0.0419,0.0419,0.0486,0.0419
india_pakistan_sindoor,FLR,20,armed_conflict_instability,0.1123,0.426,,0.6542,logistics_operations,0.0106,0.0381,0.0451,0.0337,0.6542,0.044,0.0419,0.0419,0.0486,0.0419
notpetya_2017,FLR,20,armed_conflict_instability,0.028,-0.1298,,0.6542,logistics_operations,0.0106,0.0381,0.0451,0.0337,0.6542,0.044,0.0419,0.0419,0.0486,0.0419
russia_invasion_2022,FLR,20,armed_conflict_instability,0.098,0.3743,,0.6542,logistics_operations,0.0106,0.0381,0.0451,0.0337,0.6542,0.044,0.0419,0.0419,0.0486,0.0419
suez_blockage_2021,FLR,20,armed_conflict_instability,0.1377,0.2059,,0.6542,logistics_operations,0.0106,0.0381,0.0451,0.0337,0.6542,0.044,0.0419,0.0419,0.0486,0.0419
us_iran_war_2026,FLR,20,armed_conflict_instability,-0.1241,-0.0581,,0.6542,logistics_operations,0.0106,0.0381,0.0451,0.0337,0.6542,0.044,0.0419,0.0419,0.0486,0.0419
us_chip_export_oct2022,PAYC,45,technology_controls,-0.1172,-0.065,,0.71,innovation_ip,0.0137,0.0294,0.0366,0.0313,0.0298,0.71,0.0344,0.0344,0.0458,0.0344
us_chip_export_oct2023,PAYC,45,technology_controls,-0.0501,-0.3399,,0.71,innovation_ip,0.0137,0.0294,0.0366,0.0313,0.0298,0.71,0.0344,0.0344,0.0458,0.0344
covid_lockdown_start,MIDD,20,armed_conflict_instability,-0.4411,-0.3907,,0.6542,logistics_operations,0.0106,0.0381,0.0451,0.0337,0.6542,0.044,0.0419,0.0419,0.0486,0.0419
india_pakistan_sindoor,MIDD,20,armed_conflict_instability,0.1298,0.0749,,0.6542,logistics_operations,0.0106,0.0381,0.0451,0.0337,0.6542,0.044,0.0419,0.0419,0.0486,0.0419
russia_invasion_2022,MIDD,20,armed_conflict_instability,0.0413,-0.1196,,0.6542,logistics_operations,0.0106,0.0381,0.0451,0.0337,0.6542,0.044,0.0419,0.0419,0.0486,0.0419
suez_blockage_2021,MIDD,20,armed_conflict_instability,0.0405,0.1161,,0.6542,logistics_operations,0.0106,0.0381,0.0451,0.0337,0.6542,0.044,0.0419,0.0419,0.0486,0.0419
us_iran_war_2026,MIDD,20,armed_conflict_instability,-0.1124,-0.1537,,0.6542,logistics_operations,0.0106,0.0381,0.0451,0.0337,0.6542,0.044,0.0419,0.0419,0.0486,0.0419
india_demonetization_2016,BYD,25,political_transitions_volatility,0.0485,0.1679,,0.6673,revenue_market_access,0.008,0.6673,0.0396,0.0371,0.0319,0.0472,0.0398,0.0398,0.0494,0.0398
eu_energy_crisis_peak,ICL,15,resource_energy_disruptions,-0.087,-0.2049,,0.5667,procurement_supply_chain,0.5667,0.058,0.0433,0.0534,0.0479,0.0517,0.0439,0.0439,0.0474,0.0439
us_tariffs_2025,ICL,15,trade_policy_actions,0.066,0.1771,,0.5369,procurement_supply_chain,0.5369,0.0498,0.0539,0.052,0.0369,0.057,0.0514,0.0514,0.0592,0.0514
xinjiang_boycott_2021,ICL,15,trade_policy_actions,-0.0252,0.1678,,0.5369,procurement_supply_chain,0.5369,0.0498,0.0539,0.052,0.0369,0.057,0.0514,0.0514,0.0592,0.0514
eu_energy_crisis_peak,RIG,10,resource_energy_disruptions,-0.0404,-0.1914,,0.5667,procurement_supply_chain,0.5667,0.058,0.0433,0.0534,0.0479,0.0517,0.0439,0.0439,0.0474,0.0439
opec_price_war_2014,RIG,10,resource_energy_disruptions,-0.1955,-0.333,,0.5667,procurement_supply_chain,0.5667,0.058,0.0433,0.0534,0.0479,0.0517,0.0439,0.0439,0.0474,0.0439
us_tariffs_2025,RIG,10,trade_policy_actions,-0.2373,-0.1582,,0.5369,procurement_supply_chain,0.5369,0.0498,0.0539,0.052,0.0369,0.057,0.0514,0.0514,0.0592,0.0514
xinjiang_boycott_2021,RIG,10,trade_policy_actions,0.0823,0.0945,,0.5369,procurement_supply_chain,0.5369,0.0498,0.0539,0.052,0.0369,0.057,0.0514,0.0514,0.0592,0.0514
us_chip_export_oct2023,PLXS,45,technology_controls,-0.0642,0.0722,,0.71,innovation_ip,0.0137,0.0294,0.0366,0.0313,0.0298,0.71,0.0344,0.0344,0.0458,0.0344
covid_lockdown_start,MSA,20,armed_conflict_instability,0.0843,-0.0955,,0.6542,logistics_operations,0.0106,0.0381,0.0451,0.0337,0.6542,0.044,0.0419,0.0419,0.0486,0.0419
russia_invasion_2022,MSA,20,armed_conflict_instability,0.0443,0.0005,,0.6542,logistics_operations,0.0106,0.0381,0.0451,0.0337,0.6542,0.044,0.0419,0.0419,0.0486,0.0419
suez_blockage_2021,MSA,20,armed_conflict_instability,-0.0296,0.0517,,0.6542,logistics_operations,0.0106,0.0381,0.0451,0.0337,0.6542,0.044,0.0419,0.0419,0.0486,0.0419
us_iran_war_2026,MSA,20,armed_conflict_instability,-0.054,-0.122,,0.6542,logistics_operations,0.0106,0.0381,0.0451,0.0337,0.6542,0.044,0.0419,0.0419,0.0486,0.0419
us_tariffs_2025,SOBO,10,trade_policy_actions,-0.0839,0.0027,,0.5369,procurement_supply_chain,0.5369,0.0498,0.0539,0.052,0.0369,0.057,0.0514,0.0514,0.0592,0.0514
chile_lithium_nationalization,TAL,30,political_transitions_volatility,-0.1217,-0.0312,,0.6673,revenue_market_access,0.008,0.6673,0.0396,0.0371,0.0319,0.0472,0.0398,0.0398,0.0494,0.0398
india_demonetization_2016,TAL,30,political_transitions_volatility,-0.1163,-0.1576,,0.6673,revenue_market_access,0.008,0.6673,0.0396,0.0371,0.0319,0.0472,0.0398,0.0398,0.0494,0.0398
eu_energy_crisis_peak,BTG,15,resource_energy_disruptions,-0.04,-0.0222,,0.5667,procurement_supply_chain,0.5667,0.058,0.0433,0.0534,0.0479,0.0517,0.0439,0.0439,0.0474,0.0439
opec_price_war_2014,BTG,15,resource_energy_disruptions,-0.0604,0.0824,,0.5667,procurement_supply_chain,0.5667,0.058,0.0433,0.0534,0.0479,0.0517,0.0439,0.0439,0.0474,0.0439
us_china_trade_war_start,BTG,15,trade_policy_actions,-0.0276,-0.1496,,0.5369,procurement_supply_chain,0.5369,0.0498,0.0539,0.052,0.0369,0.057,0.0514,0.0514,0.0592,0.0514
xinjiang_boycott_2021,BTG,15,trade_policy_actions,-0.0422,0.14,,0.5369,procurement_supply_chain,0.5369,0.0498,0.0539,0.052,0.0369,0.057,0.0514,0.0514,0.0592,0.0514
panama_mine_closure_2023,MHK,25,political_transitions_volatility,0.0682,0.2171,,0.6673,revenue_market_access,0.008,0.6673,0.0396,0.0371,0.0319,0.0472,0.0398,0.0398,0.0494,0.0398
india_demonetization_2016,URBN,25,political_transitions_volatility,0.1945,-0.0922,,0.6673,revenue_market_access,0.008,0.6673,0.0396,0.0371,0.0319,0.0472,0.0398,0.0398,0.0494,0.0398
chile_lithium_nationalization,LEA,25,political_transitions_volatility,-0.0548,-0.0336,,0.6673,revenue_market_access,0.008,0.6673,0.0396,0.0371,0.0319,0.0472,0.0398,0.0398,0.0494,0.0398
india_demonetization_2016,LEA,25,political_transitions_volatility,0.0254,0.1153,,0.6673,revenue_market_access,0.008,0.6673,0.0396,0.0371,0.0319,0.0472,0.0398,0.0398,0.0494,0.0398
panama_mine_closure_2023,LEA,25,political_transitions_volatility,0.0288,0.017,,0.6673,revenue_market_access,0.008,0.6673,0.0396,0.0371,0.0319,0.0472,0.0398,0.0398,0.0494,0.0398
eu_energy_crisis_peak,EXP,15,resource_energy_disruptions,-0.05,-0.0857,,0.5667,procurement_supply_chain,0.5667,0.058,0.0433,0.0534,0.0479,0.0517,0.0439,0.0439,0.0474,0.0439
opec_price_war_2014,EXP,15,resource_energy_disruptions,-0.0968,-0.2049,,0.5667,procurement_supply_chain,0.5667,0.058,0.0433,0.0534,0.0479,0.0517,0.0439,0.0439,0.0474,0.0439
us_tariffs_2025,EXP,15,trade_policy_actions,-0.0426,-0.0027,,0.5369,procurement_supply_chain,0.5369,0.0498,0.0539,0.052,0.0369,0.057,0.0514,0.0514,0.0592,0.0514
xinjiang_boycott_2021,EXP,15,trade_policy_actions,0.08,0.1604,,0.5369,procurement_supply_chain,0.5369,0.0498,0.0539,0.052,0.0369,0.057,0.0514,0.0514,0.0592,0.0514
us_iran_war_2026,TKMTY,20,armed_conflict_instability,-0.0577,0.0149,,0.6542,logistics_operations,0.0106,0.0381,0.0451,0.0337,0.6542,0.044,0.0419,0.0419,0.0486,0.0419
chile_lithium_nationalization,WH,25,political_transitions_volatility,-0.0284,0.0465,,0.6673,revenue_market_access,0.008,0.6673,0.0396,0.0371,0.0319,0.0472,0.0398,0.0398,0.0494,0.0398
covid_lockdown_start,GTES,20,armed_conflict_instability,-0.279,-0.1606,,0.6542,logistics_operations,0.0106,0.0381,0.0451,0.0337,0.6542,0.044,0.0419,0.0419,0.0486,0.0419
india_pakistan_sindoor,GTES,20,armed_conflict_instability,0.1054,0.0935,,0.6542,logistics_operations,0.0106,0.0381,0.0451,0.0337,0.6542,0.044,0.0419,0.0419,0.0486,0.0419
red_sea_houthi_2023,GTES,20,armed_conflict_instability,0.0689,0.0312,,0.6542,logistics_operations,0.0106,0.0381,0.0451,0.0337,0.6542,0.044,0.0419,0.0419,0.0486,0.0419
russia_invasion_2022,GTES,20,armed_conflict_instability,0.0372,-0.1313,,0.6542,logistics_operations,0.0106,0.0381,0.0451,0.0337,0.6542,0.044,0.0419,0.0419,0.0486,0.0419
suez_blockage_2021,GTES,20,armed_conflict_instability,0.0282,0.1072,,0.6542,logistics_operations,0.0106,0.0381,0.0451,0.0337,0.6542,0.044,0.0419,0.0419,0.0486,0.0419
us_iran_war_2026,GTES,20,armed_conflict_instability,-0.1255,-0.0428,,0.6542,logistics_operations,0.0106,0.0381,0.0451,0.0337,0.6542,0.044,0.0419,0.0419,0.0486,0.0419
eu_energy_crisis_peak,SEI,10,resource_energy_disruptions,-0.0484,-0.0658,,0.5667,procurement_supply_chain,0.5667,0.058,0.0433,0.0534,0.0479,0.0517,0.0439,0.0439,0.0474,0.0439
us_china_trade_war_start,SEI,10,trade_policy_actions,0.0256,0.1809,,0.5369,procurement_supply_chain,0.5369,0.0498,0.0539,0.052,0.0369,0.057,0.0514,0.0514,0.0592,0.0514
us_tariffs_2025,SEI,10,trade_policy_actions,-0.1498,-0.0131,,0.5369,procurement_supply_chain,0.5369,0.0498,0.0539,0.052,0.0369,0.057,0.0514,0.0514,0.0592,0.0514
xinjiang_boycott_2021,SEI,10,trade_policy_actions,-0.0429,-0.209,,0.5369,procurement_supply_chain,0.5369,0.0498,0.0539,0.052,0.0369,0.057,0.0514,0.0514,0.0592,0.0514
india_demonetization_2016,LAD,25,political_transitions_volatility,0.1068,0.2991,,0.6673,revenue_market_access,0.008,0.6673,0.0396,0.0371,0.0319,0.0472,0.0398,0.0398,0.0494,0.0398
covid_lockdown_start,SITE,20,armed_conflict_instability,-0.2967,-0.1527,,0.6542,logistics_operations,0.0106,0.0381,0.0451,0.0337,0.6542,0.044,0.0419,0.0419,0.0486,0.0419
india_pakistan_sindoor,SITE,20,armed_conflict_instability,0.0511,-0.0151,,0.6542,logistics_operations,0.0106,0.0381,0.0451,0.0337,0.6542,0.044,0.0419,0.0419,0.0486,0.0419
israel_hamas_2023,SITE,20,armed_conflict_instability,-0.0285,-0.127,,0.6542,logistics_operations,0.0106,0.0381,0.0451,0.0337,0.6542,0.044,0.0419,0.0419,0.0486,0.0419
notpetya_2017,SITE,20,armed_conflict_instability,0.0441,0.0209,,0.6542,logistics_operations,0.0106,0.0381,0.0451,0.0337,0.6542,0.044,0.0419,0.0419,0.0486,0.0419
suez_blockage_2021,SITE,20,armed_conflict_instability,0.0445,0.1717,,0.6542,logistics_operations,0.0106,0.0381,0.0451,0.0337,0.6542,0.044,0.0419,0.0419,0.0486,0.0419
us_iran_war_2026,SITE,20,armed_conflict_instability,-0.0616,-0.0375,,0.6542,logistics_operations,0.0106,0.0381,0.0451,0.0337,0.6542,0.044,0.0419,0.0419,0.0486,0.0419
us_tariffs_2025,NEU,15,trade_policy_actions,-0.0293,0.1411,,0.5369,procurement_supply_chain,0.5369,0.0498,0.0539,0.052,0.0369,0.057,0.0514,0.0514,0.0592,0.0514
us_chip_export_oct2023,AVT,45,technology_controls,-0.035,-0.0225,,0.71,innovation_ip,0.0137,0.0294,0.0366,0.0313,0.0298,0.71,0.0344,0.0344,0.0458,0.0344
us_chip_export_oct2022,EPAM,45,technology_controls,-0.0384,0.0043,,0.71,innovation_ip,0.0137,0.0294,0.0366,0.0313,0.0298,0.71,0.0344,0.0344,0.0458,0.0344
us_chip_export_oct2023,EPAM,45,technology_controls,-0.0841,0.076,,0.71,innovation_ip,0.0137,0.0294,0.0366,0.0313,0.0298,0.71,0.0344,0.0344,0.0458,0.0344
iran_sanctions_2018,FNB,40,sanctions_financial_restrictions,0.0274,0.078,,0.6846,financial_treasury,0.0235,0.041,0.0366,0.0397,0.027,0.0386,0.0364,0.0364,0.6846,0.0364
eu_energy_crisis_peak,AROC,10,resource_energy_disruptions,-0.0578,-0.122,,0.5667,procurement_supply_chain,0.5667,0.058,0.0433,0.0534,0.0479,0.0517,0.0439,0.0439,0.0474,0.0439
opec_price_war_2014,AROC,10,resource_energy_disruptions,-0.0914,-0.2134,,0.5667,procurement_supply_chain,0.5667,0.058,0.0433,0.0534,0.0479,0.0517,0.0439,0.0439,0.0474,0.0439
us_tariffs_2025,AROC,10,trade_policy_actions,-0.1335,-0.0504,,0.5369,procurement_supply_chain,0.5369,0.0498,0.0539,0.052,0.0369,0.057,0.0514,0.0514,0.0592,0.0514
opec_price_war_2014,AXTA,15,resource_energy_disruptions,0.0892,0.2037,,0.5667,procurement_supply_chain,0.5667,0.058,0.0433,0.0534,0.0479,0.0517,0.0439,0.0439,0.0474,0.0439
us_tariffs_2025,AXTA,15,trade_policy_actions,-0.0609,-0.0426,,0.5369,procurement_supply_chain,0.5369,0.0498,0.0539,0.052,0.0369,0.057,0.0514,0.0514,0.0592,0.0514
xinjiang_boycott_2021,AXTA,15,trade_policy_actions,0.0289,0.1652,,0.5369,procurement_supply_chain,0.5369,0.0498,0.0539,0.052,0.0369,0.057,0.0514,0.0514,0.0592,0.0514
india_pakistan_sindoor,ESAB,20,armed_conflict_instability,0.0531,-0.0528,,0.6542,logistics_operations,0.0106,0.0381,0.0451,0.0337,0.6542,0.044,0.0419,0.0419,0.0486,0.0419
us_iran_war_2026,ESAB,20,armed_conflict_instability,-0.1518,-0.1736,,0.6542,logistics_operations,0.0106,0.0381,0.0451,0.0337,0.6542,0.044,0.0419,0.0419,0.0486,0.0419
india_demonetization_2016,EAT,25,political_transitions_volatility,0.1149,0.0345,,0.6673,revenue_market_access,0.008,0.6673,0.0396,0.0371,0.0319,0.0472,0.0398,0.0398,0.0494,0.0398
panama_mine_closure_2023,EAT,25,political_transitions_volatility,0.0672,0.1115,,0.6673,revenue_market_access,0.008,0.6673,0.0396,0.0371,0.0319,0.0472,0.0398,0.0398,0.0494,0.0398
iran_sanctions_2018,PIPR,40,sanctions_financial_restrictions,0.0442,0.1094,,0.6846,financial_treasury,0.0235,0.041,0.0366,0.0397,0.027,0.0386,0.0364,0.0364,0.6846,0.0364
eu_energy_crisis_peak,VAL,10,resource_energy_disruptions,0.0673,0.1297,,0.5667,procurement_supply_chain,0.5667,0.058,0.0433,0.0534,0.0479,0.0517,0.0439,0.0439,0.0474,0.0439
us_tariffs_2025,VAL,10,trade_policy_actions,-0.1699,-0.0247,,0.5369,procurement_supply_chain,0.5369,0.0498,0.0539,0.052,0.0369,0.057,0.0514,0.0514,0.0592,0.0514
chile_lithium_nationalization,SGHC,25,political_transitions_volatility,-0.0464,-0.1339,,0.6673,revenue_market_access,0.008,0.6673,0.0396,0.0371,0.0319,0.0472,0.0398,0.0398,0.0494,0.0398
us_chip_export_oct2022,DSGX,45,technology_controls,-0.0528,-0.0115,,0.71,innovation_ip,0.0137,0.0294,0.0366,0.0313,0.0298,0.71,0.0344,0.0344,0.0458,0.0344
eu_energy_crisis_peak,ALM,15,resource_energy_disruptions,-0.1474,-0.3985,,0.5667,procurement_supply_chain,0.5667,0.058,0.0433,0.0534,0.0479,0.0517,0.0439,0.0439,0.0474,0.0439
us_china_trade_war_start,ALM,15,trade_policy_actions,-0.0305,-0.1731,,0.5369,procurement_supply_chain,0.5369,0.0498,0.0539,0.052,0.0369,0.057,0.0514,0.0514,0.0592,0.0514
xinjiang_boycott_2021,ALM,15,trade_policy_actions,-0.1269,-0.0419,,0.5369,procurement_supply_chain,0.5369,0.0498,0.0539,0.052,0.0369,0.057,0.0514,0.0514,0.0592,0.0514
chile_lithium_nationalization,TMHC,25,political_transitions_volatility,0.0691,0.1293,,0.6673,revenue_market_access,0.008,0.6673,0.0396,0.0371,0.0319,0.0472,0.0398,0.0398,0.0494,0.0398
india_demonetization_2016,TMHC,25,political_transitions_volatility,0.0625,0.121,,0.6673,revenue_market_access,0.008,0.6673,0.0396,0.0371,0.0319,0.0472,0.0398,0.0398,0.0494,0.0398
panama_mine_closure_2023,TMHC,25,political_transitions_volatility,0.0335,0.1696,,0.6673,revenue_market_access,0.008,0.6673,0.0396,0.0371,0.0319,0.0472,0.0398,0.0398,0.0494,0.0398
eu_energy_crisis_peak,UGP,10,resource_energy_disruptions,-0.0432,-0.1259,,0.5667,procurement_supply_chain,0.5667,0.058,0.0433,0.0534,0.0479,0.0517,0.0439,0.0439,0.0474,0.0439
opec_price_war_2014,UGP,10,resource_energy_disruptions,-0.0865,-0.1378,,0.5667,procurement_supply_chain,0.5667,0.058,0.0433,0.0534,0.0479,0.0517,0.0439,0.0439,0.0474,0.0439
us_china_trade_war_start,UGP,10,trade_policy_actions,-0.0713,-0.0735,,0.5369,procurement_supply_chain,0.5369,0.0498,0.0539,0.052,0.0369,0.057,0.0514,0.0514,0.0592,0.0514
us_tariffs_2025,UGP,10,trade_policy_actions,-0.0645,-0.0097,,0.5369,procurement_supply_chain,0.5369,0.0498,0.0539,0.052,0.0369,0.057,0.0514,0.0514,0.0592,0.0514
xinjiang_boycott_2021,UGP,10,trade_policy_actions,0.0946,0.1003,,0.5369,procurement_supply_chain,0.5369,0.0498,0.0539,0.052,0.0369,0.057,0.0514,0.0514,0.0592,0.0514
us_iran_war_2026,FLY,20,armed_conflict_instability,0.0768,0.8998,,0.6542,logistics_operations,0.0106,0.0381,0.0451,0.0337,0.6542,0.044,0.0419,0.0419,0.0486,0.0419
covid_lockdown_start,REZI,20,armed_conflict_instability,-0.4278,-0.4162,,0.6542,logistics_operations,0.0106,0.0381,0.0451,0.0337,0.6542,0.044,0.0419,0.0419,0.0486,0.0419
india_pakistan_sindoor,REZI,20,armed_conflict_instability,0.1182,0.1025,,0.6542,logistics_operations,0.0106,0.0381,0.0451,0.0337,0.6542,0.044,0.0419,0.0419,0.0486,0.0419
israel_hamas_2023,REZI,20,armed_conflict_instability,-0.0318,0.0503,,0.6542,logistics_operations,0.0106,0.0381,0.0451,0.0337,0.6542,0.044,0.0419,0.0419,0.0486,0.0419
red_sea_houthi_2023,REZI,20,armed_conflict_instability,0.0293,-0.0896,,0.6542,logistics_operations,0.0106,0.0381,0.0451,0.0337,0.6542,0.044,0.0419,0.0419,0.0486,0.0419
suez_blockage_2021,REZI,20,armed_conflict_instability,0.0314,0.0557,,0.6542,logistics_operations,0.0106,0.0381,0.0451,0.0337,0.6542,0.044,0.0419,0.0419,0.0486,0.0419
us_iran_war_2026,REZI,20,armed_conflict_instability,-0.085,0.015,,0.6542,logistics_operations,0.0106,0.0381,0.0451,0.0337,0.6542,0.044,0.0419,0.0419,0.0486,0.0419
covid_lockdown_start,NPO,20,armed_conflict_instability,-0.2896,-0.1332,,0.6542,logistics_operations,0.0106,0.0381,0.0451,0.0337,0.6542,0.044,0.0419,0.0419,0.0486,0.0419
india_pakistan_sindoor,NPO,20,armed_conflict_instability,0.0495,0.0581,,0.6542,logistics_operations,0.0106,0.0381,0.0451,0.0337,0.6542,0.044,0.0419,0.0419,0.0486,0.0419
notpetya_2017,NPO,20,armed_conflict_instability,0.0412,0.0362,,0.6542,logistics_operations,0.0106,0.0381,0.0451,0.0337,0.6542,0.044,0.0419,0.0419,0.0486,0.0419
red_sea_houthi_2023,NPO,20,armed_conflict_instability,0.0319,-0.0074,,0.6542,logistics_operations,0.0106,0.0381,0.0451,0.0337,0.6542,0.044,0.0419,0.0419,0.0486,0.0419
us_iran_war_2026,NPO,20,armed_conflict_instability,-0.0334,0.0767,,0.6542,logistics_operations,0.0106,0.0381,0.0451,0.0337,0.6542,0.044,0.0419,0.0419,0.0486,0.0419
iran_sanctions_2018,PJT,40,sanctions_financial_restrictions,0.0289,0.0815,,0.6846,financial_treasury,0.0235,0.041,0.0366,0.0397,0.027,0.0386,0.0364,0.0364,0.6846,0.0364
eu_energy_crisis_peak,SSRM,15,resource_energy_disruptions,-0.0353,0.0035,,0.5667,procurement_supply_chain,0.5667,0.058,0.0433,0.0534,0.0479,0.0517,0.0439,0.0439,0.0474,0.0439
opec_price_war_2014,SSRM,15,resource_energy_disruptions,-0.075,0.0733,,0.5667,procurement_supply_chain,0.5667,0.058,0.0433,0.0534,0.0479,0.0517,0.0439,0.0439,0.0474,0.0439
us_china_trade_war_start,SSRM,15,trade_policy_actions,-0.0253,-0.1527,,0.5369,procurement_supply_chain,0.5369,0.0498,0.0539,0.052,0.0369,0.057,0.0514,0.0514,0.0592,0.0514
us_chip_export_oct2022,ST,45,technology_controls,-0.0373,0.1208,,0.71,innovation_ip,0.0137,0.0294,0.0366,0.0313,0.0298,0.71,0.0344,0.0344,0.0458,0.0344
us_chip_export_oct2023,ST,45,technology_controls,-0.0669,-0.1379,,0.71,innovation_ip,0.0137,0.0294,0.0366,0.0313,0.0298,0.71,0.0344,0.0344,0.0458,0.0344
chile_lithium_nationalization,LTH,25,political_transitions_volatility,0.1799,0.1875,,0.6673,revenue_market_access,0.008,0.6673,0.0396,0.0371,0.0319,0.0472,0.0398,0.0398,0.0494,0.0398
panama_mine_closure_2023,LTH,25,political_transitions_volatility,-0.0411,-0.0509,,0.6673,revenue_market_access,0.008,0.6673,0.0396,0.0371,0.0319,0.0472,0.0398,0.0398,0.0494,0.0398
india_demonetization_2016,ETSY,25,political_transitions_volatility,0.046,0.0998,,0.6673,revenue_market_access,0.008,0.6673,0.0396,0.0371,0.0319,0.0472,0.0398,0.0398,0.0494,0.0398
panama_mine_closure_2023,ETSY,25,political_transitions_volatility,0.0849,-0.0296,,0.6673,revenue_market_access,0.008,0.6673,0.0396,0.0371,0.0319,0.0472,0.0398,0.0398,0.0494,0.0398
covid_lockdown_start,DLB,20,armed_conflict_instability,-0.2207,-0.0362,,0.6542,logistics_operations,0.0106,0.0381,0.0451,0.0337,0.6542,0.044,0.0419,0.0419,0.0486,0.0419
india_pakistan_sindoor,DLB,20,armed_conflict_instability,0.0523,-0.0116,,0.6542,logistics_operations,0.0106,0.0381,0.0451,0.0337,0.6542,0.044,0.0419,0.0419,0.0486,0.0419
russia_invasion_2022,DLB,20,armed_conflict_instability,-0.0293,0.0181,,0.6542,logistics_operations,0.0106,0.0381,0.0451,0.0337,0.6542,0.044,0.0419,0.0419,0.0486,0.0419
us_chip_export_oct2022,NICE,45,technology_controls,-0.0598,0.0196,,0.71,innovation_ip,0.0137,0.0294,0.0366,0.0313,0.0298,0.71,0.0344,0.0344,0.0458,0.0344
us_chip_export_oct2023,NICE,45,technology_controls,-0.0413,0.1707,,0.71,innovation_ip,0.0137,0.0294,0.0366,0.0313,0.0298,0.71,0.0344,0.0344,0.0458,0.0344
iran_sanctions_2018,FLG,40,sanctions_financial_restrictions,0.0329,-0.0069,,0.6846,financial_treasury,0.0235,0.041,0.0366,0.0397,0.027,0.0386,0.0364,0.0364,0.6846,0.0364
us_chip_export_oct2022,PEGA,45,technology_controls,-0.0374,0.1,,0.71,innovation_ip,0.0137,0.0294,0.0366,0.0313,0.0298,0.71,0.0344,0.0344,0.0458,0.0344
us_chip_export_oct2023,PEGA,45,technology_controls,-0.0791,0.2381,,0.71,innovation_ip,0.0137,0.0294,0.0366,0.0313,0.0298,0.71,0.0344,0.0344,0.0458,0.0344
eu_energy_crisis_peak,CENX,15,resource_energy_disruptions,-0.1389,-0.28,,0.5667,procurement_supply_chain,0.5667,0.058,0.0433,0.0534,0.0479,0.0517,0.0439,0.0439,0.0474,0.0439
opec_price_war_2014,CENX,15,resource_energy_disruptions,-0.154,-0.2669,,0.5667,procurement_supply_chain,0.5667,0.058,0.0433,0.0534,0.0479,0.0517,0.0439,0.0439,0.0474,0.0439
us_china_trade_war_start,CENX,15,trade_policy_actions,-0.065,-0.2108,,0.5369,procurement_supply_chain,0.5369,0.0498,0.0539,0.052,0.0369,0.057,0.0514,0.0514,0.0592,0.0514
us_tariffs_2025,CENX,15,trade_policy_actions,-0.143,-0.1118,,0.5369,procurement_supply_chain,0.5369,0.0498,0.0539,0.052,0.0369,0.057,0.0514,0.0514,0.0592,0.0514
xinjiang_boycott_2021,CENX,15,trade_policy_actions,0.1256,-0.0287,,0.5369,procurement_supply_chain,0.5369,0.0498,0.0539,0.052,0.0369,0.057,0.0514,0.0514,0.0592,0.0514
covid_lockdown_start,ACA,20,armed_conflict_instability,-0.1866,0.0358,,0.6542,logistics_operations,0.0106,0.0381,0.0451,0.0337,0.6542,0.044,0.0419,0.0419,0.0486,0.0419
india_pakistan_sindoor,ACA,20,armed_conflict_instability,0.0793,0.0335,,0.6542,logistics_operations,0.0106,0.0381,0.0451,0.0337,0.6542,0.044,0.0419,0.0419,0.0486,0.0419
red_sea_houthi_2023,ACA,20,armed_conflict_instability,0.0416,-0.022,,0.6542,logistics_operations,0.0106,0.0381,0.0451,0.0337,0.6542,0.044,0.0419,0.0419,0.0486,0.0419
russia_invasion_2022,ACA,20,armed_conflict_instability,0.107,0.1284,,0.6542,logistics_operations,0.0106,0.0381,0.0451,0.0337,0.6542,0.044,0.0419,0.0419,0.0486,0.0419
suez_blockage_2021,ACA,20,armed_conflict_instability,0.0701,0.0948,,0.6542,logistics_operations,0.0106,0.0381,0.0451,0.0337,0.6542,0.044,0.0419,0.0419,0.0486,0.0419
us_chip_export_oct2023,G,45,technology_controls,-0.0767,-0.0781,,0.71,innovation_ip,0.0137,0.0294,0.0366,0.0313,0.0298,0.71,0.0344,0.0344,0.0458,0.0344
chile_lithium_nationalization,RUSHA,25,political_transitions_volatility,-0.0291,0.0216,,0.6673,revenue_market_access,0.008,0.6673,0.0396,0.0371,0.0319,0.0472,0.0398,0.0398,0.0494,0.0398
india_demonetization_2016,RUSHA,25,political_transitions_volatility,0.0829,0.3221,,0.6673,revenue_market_access,0.008,0.6673,0.0396,0.0371,0.0319,0.0472,0.0398,0.0398,0.0494,0.0398
panama_mine_closure_2023,RUSHA,25,political_transitions_volatility,0.0478,0.1512,,0.6673,revenue_market_access,0.008,0.6673,0.0396,0.0371,0.0319,0.0472,0.0398,0.0398,0.0494,0.0398
covid_lockdown_start,ADT,20,armed_conflict_instability,-0.1849,0.1122,,0.6542,logistics_operations,0.0106,0.0381,0.0451,0.0337,0.6542,0.044,0.0419,0.0419,0.0486,0.0419
red_sea_houthi_2023,ADT,20,armed_conflict_instability,-0.032,-0.0509,,0.6542,logistics_operations,0.0106,0.0381,0.0451,0.0337,0.6542,0.044,0.0419,0.0419,0.0486,0.0419
russia_invasion_2022,ADT,20,armed_conflict_instability,0.0862,-0.0009,,0.6542,logistics_operations,0.0106,0.0381,0.0451,0.0337,0.6542,0.044,0.0419,0.0419,0.0486,0.0419
suez_blockage_2021,ADT,20,armed_conflict_instability,0.0656,0.1838,,0.6542,logistics_operations,0.0106,0.0381,0.0451,0.0337,0.6542,0.044,0.0419,0.0419,0.0486,0.0419
us_iran_war_2026,ADT,20,armed_conflict_instability,-0.1858,-0.1223,,0.6542,logistics_operations,0.0106,0.0381,0.0451,0.0337,0.6542,0.044,0.0419,0.0419,0.0486,0.0419
eu_energy_crisis_peak,CRC,10,resource_energy_disruptions,-0.0744,-0.1623,,0.5667,procurement_supply_chain,0.5667,0.058,0.0433,0.0534,0.0479,0.0517,0.0439,0.0439,0.0474,0.0439
us_tariffs_2025,CRC,10,trade_policy_actions,-0.2007,-0.0541,,0.5369,procurement_supply_chain,0.5369,0.0498,0.0539,0.052,0.0369,0.057,0.0514,0.0514,0.0592,0.0514
us_tariffs_2025,KGS,10,trade_policy_actions,-0.133,-0.0681,,0.5369,procurement_supply_chain,0.5369,0.0498,0.0539,0.052,0.0369,0.057,0.0514,0.0514,0.0592,0.0514
us_chip_export_oct2023,KVYO,45,technology_controls,-0.0962,-0.036,,0.71,innovation_ip,0.0137,0.0294,0.0366,0.0313,0.0298,0.71,0.0344,0.0344,0.0458,0.0344
chile_lithium_nationalization,RRR,25,political_transitions_volatility,0.0252,0.007,,0.6673,revenue_market_access,0.008,0.6673,0.0396,0.0371,0.0319,0.0472,0.0398,0.0398,0.0494,0.0398
panama_mine_closure_2023,RRR,25,political_transitions_volatility,-0.036,0.1088,,0.6673,revenue_market_access,0.008,0.6673,0.0396,0.0371,0.0319,0.0472,0.0398,0.0398,0.0494,0.0398
us_chip_export_oct2022,DBX,45,technology_controls,-0.0427,0.0574,,0.71,innovation_ip,0.0137,0.0294,0.0366,0.0313,0.0298,0.71,0.0344,0.0344,0.0458,0.0344
india_demonetization_2016,CZR,25,political_transitions_volatility,0.1504,0.4779,,0.6673,revenue_market_access,0.008,0.6673,0.0396,0.0371,0.0319,0.0472,0.0398,0.0398,0.0494,0.0398
panama_mine_closure_2023,CZR,25,political_transitions_volatility,-0.0402,-0.002,,0.6673,revenue_market_access,0.008,0.6673,0.0396,0.0371,0.0319,0.0472,0.0398,0.0398,0.0494,0.0398
us_chip_export_oct2023,OTEX,45,technology_controls,-0.0322,0.1788,,0.71,innovation_ip,0.0137,0.0294,0.0366,0.0313,0.0298,0.71,0.0344,0.0344,0.0458,0.0344
opec_price_war_2014,MUR,10,resource_energy_disruptions,-0.0516,-0.096,,0.5667,procurement_supply_chain,0.5667,0.058,0.0433,0.0534,0.0479,0.0517,0.0439,0.0439,0.0474,0.0439
us_tariffs_2025,MUR,10,trade_policy_actions,-0.2064,-0.2277,,0.5369,procurement_supply_chain,0.5369,0.0498,0.0539,0.052,0.0369,0.057,0.0514,0.0514,0.0592,0.0514
eu_energy_crisis_peak,MGY,10,resource_energy_disruptions,-0.0619,-0.087,,0.5667,procurement_supply_chain,0.5667,0.058,0.0433,0.0534,0.0479,0.0517,0.0439,0.0439,0.0474,0.0439
us_china_trade_war_start,MGY,10,trade_policy_actions,0.0565,0.1942,,0.5369,procurement_supply_chain,0.5369,0.0498,0.0539,0.052,0.0369,0.057,0.0514,0.0514,0.0592,0.0514
us_tariffs_2025,MGY,10,trade_policy_actions,-0.1404,-0.1086,,0.5369,procurement_supply_chain,0.5369,0.0498,0.0539,0.052,0.0369,0.057,0.0514,0.0514,0.0592,0.0514
xinjiang_boycott_2021,MGY,10,trade_policy_actions,0.061,0.1091,,0.5369,procurement_supply_chain,0.5369,0.0498,0.0539,0.052,0.0369,0.057,0.0514,0.0514,0.0592,0.0514
india_demonetization_2016,PNDRY,25,political_transitions_volatility,-0.0265,0.0347,,0.6673,revenue_market_access,0.008,0.6673,0.0396,0.0371,0.0319,0.0472,0.0398,0.0398,0.0494,0.0398
eu_energy_crisis_peak,BCPC,15,resource_energy_disruptions,-0.0638,-0.1051,,0.5667,procurement_supply_chain,0.5667,0.058,0.0433,0.0534,0.0479,0.0517,0.0439,0.0439,0.0474,0.0439
us_china_trade_war_start,BCPC,15,trade_policy_actions,-0.0403,0.023,,0.5369,procurement_supply_chain,0.5369,0.0498,0.0539,0.052,0.0369,0.057,0.0514,0.0514,0.0592,0.0514
us_tariffs_2025,BCPC,15,trade_policy_actions,-0.0461,-0.0014,,0.5369,procurement_supply_chain,0.5369,0.0498,0.0539,0.052,0.0369,0.057,0.0514,0.0514,0.0592,0.0514
us_chip_export_oct2022,RGTI,45,technology_controls,-0.1481,-0.3439,,0.71,innovation_ip,0.0137,0.0294,0.0366,0.0313,0.0298,0.71,0.0344,0.0344,0.0458,0.0344
us_chip_export_oct2023,RGTI,45,technology_controls,-0.0909,-0.2587,,0.71,innovation_ip,0.0137,0.0294,0.0366,0.0313,0.0298,0.71,0.0344,0.0344,0.0458,0.0344
covid_lockdown_start,FCN,20,armed_conflict_instability,0.1431,0.1716,,0.6542,logistics_operations,0.0106,0.0381,0.0451,0.0337,0.6542,0.044,0.0419,0.0419,0.0486,0.0419
russia_invasion_2022,FCN,20,armed_conflict_instability,0.052,0.1265,,0.6542,logistics_operations,0.0106,0.0381,0.0451,0.0337,0.6542,0.044,0.0419,0.0419,0.0486,0.0419
covid_lockdown_start,SEB,20,armed_conflict_instability,-0.1093,-0.0313,,0.6542,logistics_operations,0.0106,0.0381,0.0451,0.0337,0.6542,0.044,0.0419,0.0419,0.0486,0.0419
israel_hamas_2023,SEB,20,armed_conflict_instability,-0.0366,-0.038,,0.6542,logistics_operations,0.0106,0.0381,0.0451,0.0337,0.6542,0.044,0.0419,0.0419,0.0486,0.0419
notpetya_2017,SEB,20,armed_conflict_instability,0.0502,0.1353,,0.6542,logistics_operations,0.0106,0.0381,0.0451,0.0337,0.6542,0.044,0.0419,0.0419,0.0486,0.0419
us_iran_war_2026,SEB,20,armed_conflict_instability,-0.0527,0.1202,,0.6542,logistics_operations,0.0106,0.0381,0.0451,0.0337,0.6542,0.044,0.0419,0.0419,0.0486,0.0419
iran_sanctions_2018,CACC,40,sanctions_financial_restrictions,0.0431,0.1436,,0.6846,financial_treasury,0.0235,0.041,0.0366,0.0397,0.027,0.0386,0.0364,0.0364,0.6846,0.0364
us_tariffs_2025,LB,10,trade_policy_actions,-0.0879,0.0775,,0.5369,procurement_supply_chain,0.5369,0.0498,0.0539,0.052,0.0369,0.057,0.0514,0.0514,0.0592,0.0514
us_chip_export_oct2023,PSN,45,technology_controls,-0.029,0.0719,,0.71,innovation_ip,0.0137,0.0294,0.0366,0.0313,0.0298,0.71,0.0344,0.0344,0.0458,0.0344
chile_lithium_nationalization,PLNT,25,political_transitions_volatility,0.0575,-0.1789,,0.6673,revenue_market_access,0.008,0.6673,0.0396,0.0371,0.0319,0.0472,0.0398,0.0398,0.0494,0.0398
india_demonetization_2016,PLNT,25,political_transitions_volatility,0.0851,0.0268,,0.6673,revenue_market_access,0.008,0.6673,0.0396,0.0371,0.0319,0.0472,0.0398,0.0398,0.0494,0.0398
panama_mine_closure_2023,PLNT,25,political_transitions_volatility,0.0389,0.1156,,0.6673,revenue_market_access,0.008,0.6673,0.0396,0.0371,0.0319,0.0472,0.0398,0.0398,0.0494,0.0398
covid_lockdown_start,OMAB,20,armed_conflict_instability,-0.3718,-0.348,,0.6542,logistics_operations,0.0106,0.0381,0.0451,0.0337,0.6542,0.044,0.0419,0.0419,0.0486,0.0419
india_pakistan_sindoor,OMAB,20,armed_conflict_instability,0.0398,0.0669,,0.6542,logistics_operations,0.0106,0.0381,0.0451,0.0337,0.6542,0.044,0.0419,0.0419,0.0486,0.0419
israel_hamas_2023,OMAB,20,armed_conflict_instability,0.0261,0.0286,,0.6542,logistics_operations,0.0106,0.0381,0.0451,0.0337,0.6542,0.044,0.0419,0.0419,0.0486,0.0419
suez_blockage_2021,OMAB,20,armed_conflict_instability,-0.0436,-0.0474,,0.6542,logistics_operations,0.0106,0.0381,0.0451,0.0337,0.6542,0.044,0.0419,0.0419,0.0486,0.0419
us_iran_war_2026,OMAB,20,armed_conflict_instability,-0.093,-0.0797,,0.6542,logistics_operations,0.0106,0.0381,0.0451,0.0337,0.6542,0.044,0.0419,0.0419,0.0486,0.0419
india_pakistan_sindoor,LOAR,20,armed_conflict_instability,-0.1446,-0.1673,,0.6542,logistics_operations,0.0106,0.0381,0.0451,0.0337,0.6542,0.044,0.0419,0.0419,0.0486,0.0419
chile_lithium_nationalization,FND,25,political_transitions_volatility,-0.0254,-0.0479,,0.6673,revenue_market_access,0.008,0.6673,0.0396,0.0371,0.0319,0.0472,0.0398,0.0398,0.0494,0.0398
panama_mine_closure_2023,FND,25,political_transitions_volatility,0.0545,0.1342,,0.6673,revenue_market_access,0.008,0.6673,0.0396,0.0371,0.0319,0.0472,0.0398,0.0398,0.0494,0.0398
eu_energy_crisis_peak,UFPI,15,resource_energy_disruptions,-0.0636,-0.0949,,0.5667,procurement_supply_chain,0.5667,0.058,0.0433,0.0534,0.0479,0.0517,0.0439,0.0439,0.0474,0.0439
xinjiang_boycott_2021,UFPI,15,trade_policy_actions,0.1178,0.3063,,0.5369,procurement_supply_chain,0.5369,0.0498,0.0539,0.052,0.0369,0.057,0.0514,0.0514,0.0592,0.0514
india_pakistan_sindoor,MSM,20,armed_conflict_instability,0.0548,0.0819,,0.6542,logistics_operations,0.0106,0.0381,0.0451,0.0337,0.6542,0.044,0.0419,0.0419,0.0486,0.0419
israel_hamas_2023,MSM,20,armed_conflict_instability,0.0446,-0.0017,,0.6542,logistics_operations,0.0106,0.0381,0.0451,0.0337,0.6542,0.044,0.0419,0.0419,0.0486,0.0419
notpetya_2017,MSM,20,armed_conflict_instability,0.0452,-0.1573,,0.6542,logistics_operations,0.0106,0.0381,0.0451,0.0337,0.6542,0.044,0.0419,0.0419,0.0486,0.0419
russia_invasion_2022,MSM,20,armed_conflict_instability,0.0439,0.1075,,0.6542,logistics_operations,0.0106,0.0381,0.0451,0.0337,0.6542,0.044,0.0419,0.0419,0.0486,0.0419
suez_blockage_2021,MSM,20,armed_conflict_instability,0.0645,0.0896,,0.6542,logistics_operations,0.0106,0.0381,0.0451,0.0337,0.6542,0.044,0.0419,0.0419,0.0486,0.0419
us_iran_war_2026,MSM,20,armed_conflict_instability,-0.0393,0.0306,,0.6542,logistics_operations,0.0106,0.0381,0.0451,0.0337,0.6542,0.044,0.0419,0.0419,0.0486,0.0419
opec_price_war_2014,CNX,10,resource_energy_disruptions,-0.0818,-0.2423,,0.5667,procurement_supply_chain,0.5667,0.058,0.0433,0.0534,0.0479,0.0517,0.0439,0.0439,0.0474,0.0439
us_tariffs_2025,CNX,10,trade_policy_actions,-0.0817,0.0297,,0.5369,procurement_supply_chain,0.5369,0.0498,0.0539,0.052,0.0369,0.057,0.0514,0.0514,0.0592,0.0514
xinjiang_boycott_2021,CNX,10,trade_policy_actions,0.0637,-0.0094,,0.5369,procurement_supply_chain,0.5369,0.0498,0.0539,0.052,0.0369,0.057,0.0514,0.0514,0.0592,0.0514
us_chip_export_oct2022,APPF,45,technology_controls,-0.0836,0.0624,,0.71,innovation_ip,0.0137,0.0294,0.0366,0.0313,0.0298,0.71,0.0344,0.0344,0.0458,0.0344
chile_lithium_nationalization,ATAT,25,political_transitions_volatility,-0.1126,-0.2596,,0.6673,revenue_market_access,0.008,0.6673,0.0396,0.0371,0.0319,0.0472,0.0398,0.0398,0.0494,0.0398
panama_mine_closure_2023,ATAT,25,political_transitions_volatility,-0.157,-0.0944,,0.6673,revenue_market_access,0.008,0.6673,0.0396,0.0371,0.0319,0.0472,0.0398,0.0398,0.0494,0.0398
chile_lithium_nationalization,KMX,25,political_transitions_volatility,0.0437,0.1069,,0.6673,revenue_market_access,0.008,0.6673,0.0396,0.0371,0.0319,0.0472,0.0398,0.0398,0.0494,0.0398
india_demonetization_2016,KMX,25,political_transitions_volatility,0.1553,0.3558,,0.6673,revenue_market_access,0.008,0.6673,0.0396,0.0371,0.0319,0.0472,0.0398,0.0398,0.0494,0.0398
panama_mine_closure_2023,KMX,25,political_transitions_volatility,0.0256,0.1288,,0.6673,revenue_market_access,0.008,0.6673,0.0396,0.0371,0.0319,0.0472,0.0398,0.0398,0.0494,0.0398
us_chip_export_oct2022,PCTY,45,technology_controls,-0.1193,-0.1564,,0.71,innovation_ip,0.0137,0.0294,0.0366,0.0313,0.0298,0.71,0.0344,0.0344,0.0458,0.0344
us_chip_export_oct2023,PCTY,45,technology_controls,-0.0848,-0.2393,,0.71,innovation_ip,0.0137,0.0294,0.0366,0.0313,0.0298,0.71,0.0344,0.0344,0.0458,0.0344
eu_energy_crisis_peak,UUUU,10,resource_energy_disruptions,0.0284,-0.1264,,0.5667,procurement_supply_chain,0.5667,0.058,0.0433,0.0534,0.0479,0.0517,0.0439,0.0439,0.0474,0.0439
opec_price_war_2014,UUUU,10,resource_energy_disruptions,-0.031,-0.3239,,0.5667,procurement_supply_chain,0.5667,0.058,0.0433,0.0534,0.0479,0.0517,0.0439,0.0439,0.0474,0.0439
us_china_trade_war_start,UUUU,10,trade_policy_actions,-0.0528,0.3537,,0.5369,procurement_supply_chain,0.5369,0.0498,0.0539,0.052,0.0369,0.057,0.0514,0.0514,0.0592,0.0514
chile_lithium_nationalization,RSI,25,political_transitions_volatility,-0.0979,-0.0214,,0.6673,revenue_market_access,0.008,0.6673,0.0396,0.0371,0.0319,0.0472,0.0398,0.0398,0.0494,0.0398
panama_mine_closure_2023,RSI,25,political_transitions_volatility,-0.052,-0.1158,,0.6673,revenue_market_access,0.008,0.6673,0.0396,0.0371,0.0319,0.0472,0.0398,0.0398,0.0494,0.0398
iran_sanctions_2018,MCY,40,sanctions_financial_restrictions,0.0361,0.0607,,0.6846,financial_treasury,0.0235,0.041,0.0366,0.0397,0.027,0.0386,0.0364,0.0364,0.6846,0.0364
chile_lithium_nationalization,OLLI,30,political_transitions_volatility,0.0265,-0.0952,,0.6673,revenue_market_access,0.008,0.6673,0.0396,0.0371,0.0319,0.0472,0.0398,0.0398,0.0494,0.0398
india_demonetization_2016,OLLI,30,political_transitions_volatility,0.1138,0.1269,,0.6673,revenue_market_access,0.008,0.6673,0.0396,0.0371,0.0319,0.0472,0.0398,0.0398,0.0494,0.0398
eu_energy_crisis_peak,GLNG,10,resource_energy_disruptions,-0.0763,-0.1489,,0.5667,procurement_supply_chain,0.5667,0.058,0.0433,0.0534,0.0479,0.0517,0.0439,0.0439,0.0474,0.0439
opec_price_war_2014,GLNG,10,resource_energy_disruptions,-0.1202,-0.3846,,0.5667,procurement_supply_chain,0.5667,0.058,0.0433,0.0534,0.0479,0.0517,0.0439,0.0439,0.0474,0.0439
us_china_trade_war_start,GLNG,10,trade_policy_actions,-0.0651,-0.2109,,0.5369,procurement_supply_chain,0.5369,0.0498,0.0539,0.052,0.0369,0.057,0.0514,0.0514,0.0592,0.0514
us_tariffs_2025,GLNG,10,trade_policy_actions,-0.0539,0.0518,,0.5369,procurement_supply_chain,0.5369,0.0498,0.0539,0.052,0.0369,0.057,0.0514,0.0514,0.0592,0.0514
xinjiang_boycott_2021,GLNG,10,trade_policy_actions,-0.075,0.0136,,0.5369,procurement_supply_chain,0.5369,0.0498,0.0539,0.052,0.0369,0.057,0.0514,0.0514,0.0592,0.0514
us_chip_export_oct2022,LYFT,45,technology_controls,-0.0592,-0.1039,,0.71,innovation_ip,0.0137,0.0294,0.0366,0.0313,0.0298,0.71,0.0344,0.0344,0.0458,0.0344
us_chip_export_oct2023,LYFT,45,technology_controls,-0.0453,0.0749,,0.71,innovation_ip,0.0137,0.0294,0.0366,0.0313,0.0298,0.71,0.0344,0.0344,0.0458,0.0344
us_chip_export_oct2022,YOU,45,technology_controls,-0.0346,0.1994,,0.71,innovation_ip,0.0137,0.0294,0.0366,0.0313,0.0298,0.71,0.0344,0.0344,0.0458,0.0344
us_chip_export_oct2023,YOU,45,technology_controls,-0.0296,0.2131,,0.71,innovation_ip,0.0137,0.0294,0.0366,0.0313,0.0298,0.71,0.0344,0.0344,0.0458,0.0344
covid_lockdown_start,CWST,20,armed_conflict_instability,-0.1656,-0.0667,,0.6542,logistics_operations,0.0106,0.0381,0.0451,0.0337,0.6542,0.044,0.0419,0.0419,0.0486,0.0419
india_pakistan_sindoor,CWST,20,armed_conflict_instability,-0.0851,-0.0354,,0.6542,logistics_operations,0.0106,0.0381,0.0451,0.0337,0.6542,0.044,0.0419,0.0419,0.0486,0.0419
russia_invasion_2022,CWST,20,armed_conflict_instability,0.1195,0.239,,0.6542,logistics_operations,0.0106,0.0381,0.0451,0.0337,0.6542,0.044,0.0419,0.0419,0.0486,0.0419
us_iran_war_2026,CWST,20,armed_conflict_instability,0.0278,-0.1043,,0.6542,logistics_operations,0.0106,0.0381,0.0451,0.0337,0.6542,0.044,0.0419,0.0419,0.0486,0.0419
covid_lockdown_start,GVA,20,armed_conflict_instability,-0.2497,0.0564,,0.6542,logistics_operations,0.0106,0.0381,0.0451,0.0337,0.6542,0.044,0.0419,0.0419,0.0486,0.0419
india_pakistan_sindoor,GVA,20,armed_conflict_instability,0.0598,0.0968,,0.6542,logistics_operations,0.0106,0.0381,0.0451,0.0337,0.6542,0.044,0.0419,0.0419,0.0486,0.0419
israel_hamas_2023,GVA,20,armed_conflict_instability,-0.0375,0.215,,0.6542,logistics_operations,0.0106,0.0381,0.0451,0.0337,0.6542,0.044,0.0419,0.0419,0.0486,0.0419
notpetya_2017,GVA,20,armed_conflict_instability,0.0382,0.1167,,0.6542,logistics_operations,0.0106,0.0381,0.0451,0.0337,0.6542,0.044,0.0419,0.0419,0.0486,0.0419
red_sea_houthi_2023,GVA,20,armed_conflict_instability,0.0333,-0.0871,,0.6542,logistics_operations,0.0106,0.0381,0.0451,0.0337,0.6542,0.044,0.0419,0.0419,0.0486,0.0419
russia_invasion_2022,GVA,20,armed_conflict_instability,-0.161,-0.0841,,0.6542,logistics_operations,0.0106,0.0381,0.0451,0.0337,0.6542,0.044,0.0419,0.0419,0.0486,0.0419
suez_blockage_2021,GVA,20,armed_conflict_instability,0.0947,0.1608,,0.6542,logistics_operations,0.0106,0.0381,0.0451,0.0337,0.6542,0.044,0.0419,0.0419,0.0486,0.0419
us_iran_war_2026,GVA,20,armed_conflict_instability,-0.0665,-0.0546,,0.6542,logistics_operations,0.0106,0.0381,0.0451,0.0337,0.6542,0.044,0.0419,0.0419,0.0486,0.0419
us_chip_export_oct2022,FROG,45,technology_controls,-0.0899,-0.05,,0.71,innovation_ip,0.0137,0.0294,0.0366,0.0313,0.0298,0.71,0.0344,0.0344,0.0458,0.0344
us_chip_export_oct2023,FROG,45,technology_controls,-0.0275,0.1432,,0.71,innovation_ip,0.0137,0.0294,0.0366,0.0313,0.0298,0.71,0.0344,0.0344,0.0458,0.0344
chile_lithium_nationalization,M,25,political_transitions_volatility,-0.0646,-0.1107,,0.6673,revenue_market_access,0.008,0.6673,0.0396,0.0371,0.0319,0.0472,0.0398,0.0398,0.0494,0.0398
india_demonetization_2016,M,25,political_transitions_volatility,0.0929,-0.0002,,0.6673,revenue_market_access,0.008,0.6673,0.0396,0.0371,0.0319,0.0472,0.0398,0.0398,0.0494,0.0398
panama_mine_closure_2023,M,25,political_transitions_volatility,0.1003,0.2553,,0.6673,revenue_market_access,0.008,0.6673,0.0396,0.0371,0.0319,0.0472,0.0398,0.0398,0.0494,0.0398
us_chip_export_oct2022,WEX,45,technology_controls,-0.0507,0.0927,,0.71,innovation_ip,0.0137,0.0294,0.0366,0.0313,0.0298,0.71,0.0344,0.0344,0.0458,0.0344
us_chip_export_oct2023,WEX,45,technology_controls,-0.0422,-0.1013,,0.71,innovation_ip,0.0137,0.0294,0.0366,0.0313,0.0298,0.71,0.0344,0.0344,0.0458,0.0344
us_chip_export_oct2022,PATH,45,technology_controls,-0.142,-0.0355,,0.71,innovation_ip,0.0137,0.0294,0.0366,0.0313,0.0298,0.71,0.0344,0.0344,0.0458,0.0344
us_chip_export_oct2023,PATH,45,technology_controls,-0.0419,0.1898,,0.71,innovation_ip,0.0137,0.0294,0.0366,0.0313,0.0298,0.71,0.0344,0.0344,0.0458,0.0344
covid_lockdown_start,SNDR,20,armed_conflict_instability,0.0762,0.2139,,0.6542,logistics_operations,0.0106,0.0381,0.0451,0.0337,0.6542,0.044,0.0419,0.0419,0.0486,0.0419
india_pakistan_sindoor,SNDR,20,armed_conflict_instability,0.0902,0.0617,,0.6542,logistics_operations,0.0106,0.0381,0.0451,0.0337,0.6542,0.044,0.0419,0.0419,0.0486,0.0419
notpetya_2017,SNDR,20,armed_conflict_instability,0.0722,0.0014,,0.6542,logistics_operations,0.0106,0.0381,0.0451,0.0337,0.6542,0.044,0.0419,0.0419,0.0486,0.0419
russia_invasion_2022,SNDR,20,armed_conflict_instability,0.0585,-0.1265,,0.6542,logistics_operations,0.0106,0.0381,0.0451,0.0337,0.6542,0.044,0.0419,0.0419,0.0486,0.0419
suez_blockage_2021,SNDR,20,armed_conflict_instability,0.0497,0.0493,,0.6542,logistics_operations,0.0106,0.0381,0.0451,0.0337,0.6542,0.044,0.0419,0.0419,0.0486,0.0419
us_iran_war_2026,SNDR,20,armed_conflict_instability,-0.0913,-0.0032,,0.6542,logistics_operations,0.0106,0.0381,0.0451,0.0337,0.6542,0.044,0.0419,0.0419,0.0486,0.0419
covid_lockdown_start,MYRG,20,armed_conflict_instability,-0.3386,0.0779,,0.6542,logistics_operations,0.0106,0.0381,0.0451,0.0337,0.6542,0.044,0.0419,0.0419,0.0486,0.0419
india_pakistan_sindoor,MYRG,20,armed_conflict_instability,0.0566,0.0905,,0.6542,logistics_operations,0.0106,0.0381,0.0451,0.0337,0.6542,0.044,0.0419,0.0419,0.0486,0.0419
red_sea_houthi_2023,MYRG,20,armed_conflict_instability,-0.0287,-0.0363,,0.6542,logistics_operations,0.0106,0.0381,0.0451,0.0337,0.6542,0.044,0.0419,0.0419,0.0486,0.0419
suez_blockage_2021,MYRG,20,armed_conflict_instability,0.0264,0.2657,,0.6542,logistics_operations,0.0106,0.0381,0.0451,0.0337,0.6542,0.044,0.0419,0.0419,0.0486,0.0419
us_chip_export_oct2022,IPGP,45,technology_controls,-0.0267,0.0531,,0.71,innovation_ip,0.0137,0.0294,0.0366,0.0313,0.0298,0.71,0.0344,0.0344,0.0458,0.0344
us_chip_export_oct2023,IPGP,45,technology_controls,-0.0418,-0.0029,,0.71,innovation_ip,0.0137,0.0294,0.0366,0.0313,0.0298,0.71,0.0344,0.0344,0.0458,0.0344
eu_energy_crisis_peak,LBRT,10,resource_energy_disruptions,-0.0582,-0.08,,0.5667,procurement_supply_chain,0.5667,0.058,0.0433,0.0534,0.0479,0.0517,0.0439,0.0439,0.0474,0.0439
us_china_trade_war_start,LBRT,10,trade_policy_actions,-0.0267,0.0742,,0.5369,procurement_supply_chain,0.5369,0.0498,0.0539,0.052,0.0369,0.057,0.0514,0.0514,0.0592,0.0514
us_tariffs_2025,LBRT,10,trade_policy_actions,-0.2749,-0.2407,,0.5369,procurement_supply_chain,0.5369,0.0498,0.0539,0.052,0.0369,0.057,0.0514,0.0514,0.0592,0.0514
xinjiang_boycott_2021,LBRT,10,trade_policy_actions,0.0961,0.2718,,0.5369,procurement_supply_chain,0.5369,0.0498,0.0539,0.052,0.0369,0.057,0.0514,0.0514,0.0592,0.0514
covid_lockdown_start,LPX,20,armed_conflict_instability,-0.3514,-0.2341,,0.6542,logistics_operations,0.0106,0.0381,0.0451,0.0337,0.6542,0.044,0.0419,0.0419,0.0486,0.0419
india_pakistan_sindoor,LPX,20,armed_conflict_instability,0.0332,-0.0319,,0.6542,logistics_operations,0.0106,0.0381,0.0451,0.0337,0.6542,0.044,0.0419,0.0419,0.0486,0.0419
israel_hamas_2023,LPX,20,armed_conflict_instability,0.0494,0.1811,,0.6542,logistics_operations,0.0106,0.0381,0.0451,0.0337,0.6542,0.044,0.0419,0.0419,0.0486,0.0419
red_sea_houthi_2023,LPX,20,armed_conflict_instability,0.0532,-0.0103,,0.6542,logistics_operations,0.0106,0.0381,0.0451,0.0337,0.6542,0.044,0.0419,0.0419,0.0486,0.0419
russia_invasion_2022,LPX,20,armed_conflict_instability,0.0874,-0.1278,,0.6542,logistics_operations,0.0106,0.0381,0.0451,0.0337,0.6542,0.044,0.0419,0.0419,0.0486,0.0419
suez_blockage_2021,LPX,20,armed_conflict_instability,0.056,0.3519,,0.6542,logistics_operations,0.0106,0.0381,0.0451,0.0337,0.6542,0.044,0.0419,0.0419,0.0486,0.0419
us_iran_war_2026,LPX,20,armed_conflict_instability,-0.0835,-0.1122,,0.6542,logistics_operations,0.0106,0.0381,0.0451,0.0337,0.6542,0.044,0.0419,0.0419,0.0486,0.0419
us_chip_export_oct2023,VNT,45,technology_controls,-0.0625,0.0576,,0.71,innovation_ip,0.0137,0.0294,0.0366,0.0313,0.0298,0.71,0.0344,0.0344,0.0458,0.0344
india_demonetization_2016,BC,25,political_transitions_volatility,0.1215,0.2878,,0.6673,revenue_market_access,0.008,0.6673,0.0396,0.0371,0.0319,0.0472,0.0398,0.0398,0.0494,0.0398
panama_mine_closure_2023,BC,25,political_transitions_volatility,0.035,0.1241,,0.6673,revenue_market_access,0.008,0.6673,0.0396,0.0371,0.0319,0.0472,0.0398,0.0398,0.0494,0.0398
chile_lithium_nationalization,GLBE,25,political_transitions_volatility,-0.0519,0.1896,,0.6673,revenue_market_access,0.008,0.6673,0.0396,0.0371,0.0319,0.0472,0.0398,0.0398,0.0494,0.0398
panama_mine_closure_2023,GLBE,25,political_transitions_volatility,0.0659,0.1732,,0.6673,revenue_market_access,0.008,0.6673,0.0396,0.0371,0.0319,0.0472,0.0398,0.0398,0.0494,0.0398
us_chip_export_oct2022,BDC,45,technology_controls,-0.0442,0.281,,0.71,innovation_ip,0.0137,0.0294,0.0366,0.0313,0.0298,0.71,0.0344,0.0344,0.0458,0.0344
us_chip_export_oct2023,BDC,45,technology_controls,-0.077,-0.1257,,0.71,innovation_ip,0.0137,0.0294,0.0366,0.0313,0.0298,0.71,0.0344,0.0344,0.0458,0.0344
covid_lockdown_start,VSEC,20,armed_conflict_instability,-0.4211,-0.2336,,0.6542,logistics_operations,0.0106,0.0381,0.0451,0.0337,0.6542,0.044,0.0419,0.0419,0.0486,0.0419
india_pakistan_sindoor,VSEC,20,armed_conflict_instability,0.0269,0.0653,,0.6542,logistics_operations,0.0106,0.0381,0.0451,0.0337,0.6542,0.044,0.0419,0.0419,0.0486,0.0419
notpetya_2017,VSEC,20,armed_conflict_instability,0.0412,0.1588,,0.6542,logistics_operations,0.0106,0.0381,0.0451,0.0337,0.6542,0.044,0.0419,0.0419,0.0486,0.0419
red_sea_houthi_2023,VSEC,20,armed_conflict_instability,0.034,0.0121,,0.6542,logistics_operations,0.0106,0.0381,0.0451,0.0337,0.6542,0.044,0.0419,0.0419,0.0486,0.0419
us_iran_war_2026,VSEC,20,armed_conflict_instability,-0.0411,-0.0209,,0.6542,logistics_operations,0.0106,0.0381,0.0451,0.0337,0.6542,0.044,0.0419,0.0419,0.0486,0.0419
eu_energy_crisis_peak,WFG,15,resource_energy_disruptions,-0.0994,-0.2197,,0.5667,procurement_supply_chain,0.5667,0.058,0.0433,0.0534,0.0479,0.0517,0.0439,0.0439,0.0474,0.0439
opec_price_war_2014,WFG,15,resource_energy_disruptions,0.1158,0.065,,0.5667,procurement_supply_chain,0.5667,0.058,0.0433,0.0534,0.0479,0.0517,0.0439,0.0439,0.0474,0.0439
us_tariffs_2025,WFG,15,trade_policy_actions,-0.0406,-0.0541,,0.5369,procurement_supply_chain,0.5369,0.0498,0.0539,0.052,0.0369,0.057,0.0514,0.0514,0.0592,0.0514
xinjiang_boycott_2021,WFG,15,trade_policy_actions,0.1597,0.3892,,0.5369,procurement_supply_chain,0.5369,0.0498,0.0539,0.052,0.0369,0.057,0.0514,0.0514,0.0592,0.0514
india_demonetization_2016,MBRFY,30,political_transitions_volatility,0.0345,0.0862,,0.6673,revenue_market_access,0.008,0.6673,0.0396,0.0371,0.0319,0.0472,0.0398,0.0398,0.0494,0.0398
panama_mine_closure_2023,MBRFY,30,political_transitions_volatility,-0.0457,-0.0812,,0.6673,revenue_market_access,0.008,0.6673,0.0396,0.0371,0.0319,0.0472,0.0398,0.0398,0.0494,0.0398
opec_price_war_2014,IEP,10,resource_energy_disruptions,-0.0522,-0.1456,,0.5667,procurement_supply_chain,0.5667,0.058,0.0433,0.0534,0.0479,0.0517,0.0439,0.0439,0.0474,0.0439
us_china_trade_war_start,IEP,10,trade_policy_actions,0.0328,0.096,,0.5369,procurement_supply_chain,0.5369,0.0498,0.0539,0.052,0.0369,0.057,0.0514,0.0514,0.0592,0.0514
us_tariffs_2025,IEP,10,trade_policy_actions,-0.0767,0.0591,,0.5369,procurement_supply_chain,0.5369,0.0498,0.0539,0.052,0.0369,0.057,0.0514,0.0514,0.0592,0.0514
chile_lithium_nationalization,WING,25,political_transitions_volatility,0.0544,0.0486,,0.6673,revenue_market_access,0.008,0.6673,0.0396,0.0371,0.0319,0.0472,0.0398,0.0398,0.0494,0.0398
india_demonetization_2016,WING,25,political_transitions_volatility,0.0856,0.1355,,0.6673,revenue_market_access,0.008,0.6673,0.0396,0.0371,0.0319,0.0472,0.0398,0.0398,0.0494,0.0398
us_chip_export_oct2022,ONDS,45,technology_controls,-0.0317,-0.1729,,0.71,innovation_ip,0.0137,0.0294,0.0366,0.0313,0.0298,0.71,0.0344,0.0344,0.0458,0.0344
us_chip_export_oct2023,ONDS,45,technology_controls,-0.2426,1.616,,0.71,innovation_ip,0.0137,0.0294,0.0366,0.0313,0.0298,0.71,0.0344,0.0344,0.0458,0.0344
iran_sanctions_2018,NNI,40,sanctions_financial_restrictions,0.1183,0.1326,,0.6846,financial_treasury,0.0235,0.041,0.0366,0.0397,0.027,0.0386,0.0364,0.0364,0.6846,0.0364
eu_energy_crisis_peak,CRK,10,resource_energy_disruptions,-0.0556,-0.1171,,0.5667,procurement_supply_chain,0.5667,0.058,0.0433,0.0534,0.0479,0.0517,0.0439,0.0439,0.0474,0.0439
opec_price_war_2014,CRK,10,resource_energy_disruptions,-0.3529,-0.5156,,0.5667,procurement_supply_chain,0.5667,0.058,0.0433,0.0534,0.0479,0.0517,0.0439,0.0439,0.0474,0.0439
us_china_trade_war_start,CRK,10,trade_policy_actions,0.0725,-0.1914,,0.5369,procurement_supply_chain,0.5369,0.0498,0.0539,0.052,0.0369,0.057,0.0514,0.0514,0.0592,0.0514
us_tariffs_2025,CRK,10,trade_policy_actions,-0.1071,0.1359,,0.5369,procurement_supply_chain,0.5369,0.0498,0.0539,0.052,0.0369,0.057,0.0514,0.0514,0.0592,0.0514
eu_energy_crisis_peak,PRM,15,resource_energy_disruptions,-0.1538,-0.313,,0.5667,procurement_supply_chain,0.5667,0.058,0.0433,0.0534,0.0479,0.0517,0.0439,0.0439,0.0474,0.0439
us_tariffs_2025,PRM,15,trade_policy_actions,-0.0391,0.1411,,0.5369,procurement_supply_chain,0.5369,0.0498,0.0539,0.052,0.0369,0.057,0.0514,0.0514,0.0592,0.0514
us_tariffs_2025,USAR,15,trade_policy_actions,0.0759,0.381,,0.5369,procurement_supply_chain,0.5369,0.0498,0.0539,0.052,0.0369,0.057,0.0514,0.0514,0.0592,0.0514
chile_lithium_nationalization,POST,30,political_transitions_volatility,0.0328,-0.0214,,0.6673,revenue_market_access,0.008,0.6673,0.0396,0.0371,0.0319,0.0472,0.0398,0.0398,0.0494,0.0398
india_demonetization_2016,POST,30,political_transitions_volatility,-0.0551,0.0548,,0.6673,revenue_market_access,0.008,0.6673,0.0396,0.0371,0.0319,0.0472,0.0398,0.0398,0.0494,0.0398
us_tariffs_2025,KNF,15,trade_policy_actions,-0.0357,0.0474,,0.5369,procurement_supply_chain,0.5369,0.0498,0.0539,0.052,0.0369,0.057,0.0514,0.0514,0.0592,0.0514
us_chip_export_oct2022,KC,45,technology_controls,0.0619,0.4429,,0.71,innovation_ip,0.0137,0.0294,0.0366,0.0313,0.0298,0.71,0.0344,0.0344,0.0458,0.0344
panama_mine_closure_2023,ATMU,25,political_transitions_volatility,0.0407,0.0293,,0.6673,revenue_market_access,0.008,0.6673,0.0396,0.0371,0.0319,0.0472,0.0398,0.0398,0.0494,0.0398
india_demonetization_2016,GNTX,25,political_transitions_volatility,0.0303,0.2021,,0.6673,revenue_market_access,0.008,0.6673,0.0396,0.0371,0.0319,0.0472,0.0398,0.0398,0.0494,0.0398
covid_lockdown_start,FBIN,20,armed_conflict_instability,-0.3356,-0.2028,,0.6542,logistics_operations,0.0106,0.0381,0.0451,0.0337,0.6542,0.044,0.0419,0.0419,0.0486,0.0419
india_pakistan_sindoor,FBIN,20,armed_conflict_instability,0.1358,0.0463,,0.6542,logistics_operations,0.0106,0.0381,0.0451,0.0337,0.6542,0.044,0.0419,0.0419,0.0486,0.0419
red_sea_houthi_2023,FBIN,20,armed_conflict_instability,-0.0264,-0.0228,,0.6542,logistics_operations,0.0106,0.0381,0.0451,0.0337,0.6542,0.044,0.0419,0.0419,0.0486,0.0419
suez_blockage_2021,FBIN,20,armed_conflict_instability,0.0969,0.2455,,0.6542,logistics_operations,0.0106,0.0381,0.0451,0.0337,0.6542,0.044,0.0419,0.0419,0.0486,0.0419
us_iran_war_2026,FBIN,20,armed_conflict_instability,-0.1608,-0.2534,,0.6542,logistics_operations,0.0106,0.0381,0.0451,0.0337,0.6542,0.044,0.0419,0.0419,0.0486,0.0419
india_demonetization_2016,BOOT,25,political_transitions_volatility,0.0806,-0.0389,,0.6673,revenue_market_access,0.008,0.6673,0.0396,0.0371,0.0319,0.0472,0.0398,0.0398,0.0494,0.0398
panama_mine_closure_2023,BOOT,25,political_transitions_volatility,0.051,0.0179,,0.6673,revenue_market_access,0.008,0.6673,0.0396,0.0371,0.0319,0.0472,0.0398,0.0398,0.0494,0.0398
covid_lockdown_start,CSW,20,armed_conflict_instability,-0.1304,-0.0515,,0.6542,logistics_operations,0.0106,0.0381,0.0451,0.0337,0.6542,0.044,0.0419,0.0419,0.0486,0.0419
india_pakistan_sindoor,CSW,20,armed_conflict_instability,0.0979,-0.0803,,0.6542,logistics_operations,0.0106,0.0381,0.0451,0.0337,0.6542,0.044,0.0419,0.0419,0.0486,0.0419
notpetya_2017,CSW,20,armed_conflict_instability,0.0357,0.0555,,0.6542,logistics_operations,0.0106,0.0381,0.0451,0.0337,0.6542,0.044,0.0419,0.0419,0.0486,0.0419
suez_blockage_2021,CSW,20,armed_conflict_instability,0.0518,0.0367,,0.6542,logistics_operations,0.0106,0.0381,0.0451,0.0337,0.6542,0.044,0.0419,0.0419,0.0486,0.0419
us_iran_war_2026,CSW,20,armed_conflict_instability,-0.0935,0.0431,,0.6542,logistics_operations,0.0106,0.0381,0.0451,0.0337,0.6542,0.044,0.0419,0.0419,0.0486,0.0419
iran_sanctions_2018,MC,40,sanctions_financial_restrictions,0.0378,0.2041,,0.6846,financial_treasury,0.0235,0.041,0.0366,0.0397,0.027,0.0386,0.0364,0.0364,0.6846,0.0364
india_demonetization_2016,GHC,30,political_transitions_volatility,0.056,0.1821,,0.6673,revenue_market_access,0.008,0.6673,0.0396,0.0371,0.0319,0.0472,0.0398,0.0398,0.0494,0.0398
chile_lithium_nationalization,BTDPY,25,political_transitions_volatility,0.032,-0.0107,,0.6673,revenue_market_access,0.008,0.6673,0.0396,0.0371,0.0319,0.0472,0.0398,0.0398,0.0494,0.0398
panama_mine_closure_2023,BTDPY,25,political_transitions_volatility,0.0438,0.0705,,0.6673,revenue_market_access,0.008,0.6673,0.0396,0.0371,0.0319,0.0472,0.0398,0.0398,0.0494,0.0398
eu_energy_crisis_peak,HESM,10,resource_energy_disruptions,-0.0286,-0.1213,,0.5667,procurement_supply_chain,0.5667,0.058,0.0433,0.0534,0.0479,0.0517,0.0439,0.0439,0.0474,0.0439
us_tariffs_2025,HESM,10,trade_policy_actions,-0.1408,-0.0765,,0.5369,procurement_supply_chain,0.5369,0.0498,0.0539,0.052,0.0369,0.057,0.0514,0.0514,0.0592,0.0514
xinjiang_boycott_2021,HESM,10,trade_policy_actions,0.0852,0.0997,,0.5369,procurement_supply_chain,0.5369,0.0498,0.0539,0.052,0.0369,0.057,0.0514,0.0514,0.0592,0.0514
india_pakistan_sindoor,MIR,20,armed_conflict_instability,0.0901,0.2199,,0.6542,logistics_operations,0.0106,0.0381,0.0451,0.0337,0.6542,0.044,0.0419,0.0419,0.0486,0.0419
israel_hamas_2023,MIR,20,armed_conflict_instability,-0.0298,0.1949,,0.6542,logistics_operations,0.0106,0.0381,0.0451,0.0337,0.6542,0.044,0.0419,0.0419,0.0486,0.0419
red_sea_houthi_2023,MIR,20,armed_conflict_instability,0.0257,-0.0662,,0.6542,logistics_operations,0.0106,0.0381,0.0451,0.0337,0.6542,0.044,0.0419,0.0419,0.0486,0.0419
russia_invasion_2022,MIR,20,armed_conflict_instability,0.0492,-0.1253,,0.6542,logistics_operations,0.0106,0.0381,0.0451,0.0337,0.6542,0.044,0.0419,0.0419,0.0486,0.0419
suez_blockage_2021,MIR,20,armed_conflict_instability,-0.0317,-0.0429,,0.6542,logistics_operations,0.0106,0.0381,0.0451,0.0337,0.6542,0.044,0.0419,0.0419,0.0486,0.0419
opec_price_war_2014,SIM,15,resource_energy_disruptions,-0.1145,-0.1979,,0.5667,procurement_supply_chain,0.5667,0.058,0.0433,0.0534,0.0479,0.0517,0.0439,0.0439,0.0474,0.0439
us_tariffs_2025,SIM,15,trade_policy_actions,0.0508,0.0385,,0.5369,procurement_supply_chain,0.5369,0.0498,0.0539,0.052,0.0369,0.057,0.0514,0.0514,0.0592,0.0514
us_tariffs_2025,ORLA,15,trade_policy_actions,-0.0293,-0.0502,,0.5369,procurement_supply_chain,0.5369,0.0498,0.0539,0.052,0.0369,0.057,0.0514,0.0514,0.0592,0.0514
xinjiang_boycott_2021,ORLA,15,trade_policy_actions,-0.0339,-0.026,,0.5369,procurement_supply_chain,0.5369,0.0498,0.0539,0.052,0.0369,0.057,0.0514,0.0514,0.0592,0.0514
chile_lithium_nationalization,SON,25,political_transitions_volatility,-0.0423,-0.0029,,0.6673,revenue_market_access,0.008,0.6673,0.0396,0.0371,0.0319,0.0472,0.0398,0.0398,0.0494,0.0398
india_demonetization_2016,SON,25,political_transitions_volatility,0.0469,0.0526,,0.6673,revenue_market_access,0.008,0.6673,0.0396,0.0371,0.0319,0.0472,0.0398,0.0398,0.0494,0.0398
us_chip_export_oct2022,SIMO,45,technology_controls,-0.0778,-0.0297,,0.71,innovation_ip,0.0137,0.0294,0.0366,0.0313,0.0298,0.71,0.0344,0.0344,0.0458,0.0344
eu_energy_crisis_peak,PBF,10,resource_energy_disruptions,-0.0883,0.042,,0.5667,procurement_supply_chain,0.5667,0.058,0.0433,0.0534,0.0479,0.0517,0.0439,0.0439,0.0474,0.0439
opec_price_war_2014,PBF,10,resource_energy_disruptions,-0.0432,-0.1884,,0.5667,procurement_supply_chain,0.5667,0.058,0.0433,0.0534,0.0479,0.0517,0.0439,0.0439,0.0474,0.0439
us_tariffs_2025,PBF,10,trade_policy_actions,-0.1601,0.1597,,0.5369,procurement_supply_chain,0.5369,0.0498,0.0539,0.052,0.0369,0.057,0.0514,0.0514,0.0592,0.0514
xinjiang_boycott_2021,PBF,10,trade_policy_actions,0.0528,0.1987,,0.5369,procurement_supply_chain,0.5369,0.0498,0.0539,0.052,0.0369,0.057,0.0514,0.0514,0.0592,0.0514
covid_lockdown_start,CPA,20,armed_conflict_instability,-0.5672,-0.2005,,0.6542,logistics_operations,0.0106,0.0381,0.0451,0.0337,0.6542,0.044,0.0419,0.0419,0.0486,0.0419
india_pakistan_sindoor,CPA,20,armed_conflict_instability,0.0487,0.0764,,0.6542,logistics_operations,0.0106,0.0381,0.0451,0.0337,0.6542,0.044,0.0419,0.0419,0.0486,0.0419
notpetya_2017,CPA,20,armed_conflict_instability,0.0391,0.0746,,0.6542,logistics_operations,0.0106,0.0381,0.0451,0.0337,0.6542,0.044,0.0419,0.0419,0.0486,0.0419
red_sea_houthi_2023,CPA,20,armed_conflict_instability,0.0451,-0.0527,,0.6542,logistics_operations,0.0106,0.0381,0.0451,0.0337,0.6542,0.044,0.0419,0.0419,0.0486,0.0419
russia_invasion_2022,CPA,20,armed_conflict_instability,-0.0941,-0.1112,,0.6542,logistics_operations,0.0106,0.0381,0.0451,0.0337,0.6542,0.044,0.0419,0.0419,0.0486,0.0419
us_iran_war_2026,CPA,20,armed_conflict_instability,-0.0943,-0.1278,,0.6542,logistics_operations,0.0106,0.0381,0.0451,0.0337,0.6542,0.044,0.0419,0.0419,0.0486,0.0419
us_chip_export_oct2022,EXLS,45,technology_controls,-0.0305,0.1784,,0.71,innovation_ip,0.0137,0.0294,0.0366,0.0313,0.0298,0.71,0.0344,0.0344,0.0458,0.0344
us_chip_export_oct2023,EXLS,45,technology_controls,-0.1279,-0.0543,,0.71,innovation_ip,0.0137,0.0294,0.0366,0.0313,0.0298,0.71,0.0344,0.0344,0.0458,0.0344
iran_sanctions_2018,BMA,40,sanctions_financial_restrictions,0.0773,-0.0635,,0.6846,financial_treasury,0.0235,0.041,0.0366,0.0397,0.027,0.0386,0.0364,0.0364,0.6846,0.0364
xinjiang_cotton_ban_2021,AA,15,trade_policy_actions,0.1297,0.387,,0.5369,procurement_supply_chain,0.5369,0.0498,0.0539,0.052,0.0369,0.057,0.0514,0.0514,0.0592,0.0514
indonesia_nickel_ban_2020,AA,15,resource_energy_disruptions,-0.079,-0.2715,,0.5667,procurement_supply_chain,0.5667,0.058,0.0433,0.0534,0.0479,0.0517,0.0439,0.0439,0.0474,0.0439
ukraine_grain_crisis_2022,AA,15,resource_energy_disruptions,0.0474,-0.21,,0.5667,procurement_supply_chain,0.5667,0.058,0.0433,0.0534,0.0479,0.0517,0.0439,0.0439,0.0474,0.0439
india_bytedance_ban_2020,ABBV,35,regulatory_sovereignty_shifts,0.0302,-0.0274,,0.6852,regulatory_compliance_cost,0.0098,0.0342,0.0402,0.6852,0.0238,0.0468,0.0385,0.0385,0.0444,0.0385
cfius_qualcomm_broadcom_block_2018,ABBV,35,regulatory_sovereignty_shifts,-0.053,-0.2197,,0.6852,regulatory_compliance_cost,0.0098,0.0342,0.0402,0.6852,0.0238,0.0468,0.0385,0.0385,0.0444,0.0385
russia_sanctions_2022,ABCB,40,sanctions_financial_restrictions,-0.0572,-0.1877,,0.6846,financial_treasury,0.0235,0.041,0.0366,0.0397,0.027,0.0386,0.0364,0.0364,0.6846,0.0364
russia_corporate_exit_2022,ABCB,40,sanctions_financial_restrictions,0.0651,-0.0334,,0.6846,financial_treasury,0.0235,0.041,0.0366,0.0397,0.027,0.0386,0.0364,0.0364,0.6846,0.0364
india_bytedance_ban_2020,ABT,35,regulatory_sovereignty_shifts,0.0388,0.1172,,0.6852,regulatory_compliance_cost,0.0098,0.0342,0.0402,0.6852,0.0238,0.0468,0.0385,0.0385,0.0444,0.0385
russia_sanctions_2022,ACGL,40,sanctions_financial_restrictions,-0.032,0.0164,,0.6846,financial_treasury,0.0235,0.041,0.0366,0.0397,0.027,0.0386,0.0364,0.0364,0.6846,0.0364
russia_corporate_exit_2022,ACGL,40,sanctions_financial_restrictions,0.0622,0.1337,,0.6846,financial_treasury,0.0235,0.041,0.0366,0.0397,0.027,0.0386,0.0364,0.0364,0.6846,0.0364
russia_sanctions_2022,ACT,40,sanctions_financial_restrictions,-0.0467,-0.0019,,0.6846,financial_treasury,0.0235,0.041,0.0366,0.0397,0.027,0.0386,0.0364,0.0364,0.6846,0.0364
russia_corporate_exit_2022,ACT,40,sanctions_financial_restrictions,0.0749,0.2494,,0.6846,financial_treasury,0.0235,0.041,0.0366,0.0397,0.027,0.0386,0.0364,0.0364,0.6846,0.0364
russia_sanctions_2022,AEG,40,sanctions_financial_restrictions,-0.1509,0.06,,0.6846,financial_treasury,0.0235,0.041,0.0366,0.0397,0.027,0.0386,0.0364,0.0364,0.6846,0.0364
russia_corporate_exit_2022,AEG,40,sanctions_financial_restrictions,0.0855,0.3848,,0.6846,financial_treasury,0.0235,0.041,0.0366,0.0397,0.027,0.0386,0.0364,0.0364,0.6846,0.0364
australia_china_coal_ban_2020,AEM,15,trade_policy_actions,-0.0379,-0.2167,,0.5369,procurement_supply_chain,0.5369,0.0498,0.0539,0.052,0.0369,0.057,0.0514,0.0514,0.0592,0.0514
indonesia_nickel_ban_2020,AEM,15,resource_energy_disruptions,-0.0429,-0.1906,,0.5667,procurement_supply_chain,0.5667,0.058,0.0433,0.0534,0.0479,0.0517,0.0439,0.0439,0.0474,0.0439
ukraine_grain_crisis_2022,AEM,15,resource_energy_disruptions,0.0409,-0.0684,,0.5667,procurement_supply_chain,0.5667,0.058,0.0433,0.0534,0.0479,0.0517,0.0439,0.0439,0.0474,0.0439
russia_corporate_exit_2022,AFG,40,sanctions_financial_restrictions,0.0371,0.1133,,0.6846,financial_treasury,0.0235,0.041,0.0366,0.0397,0.027,0.0386,0.0364,0.0364,0.6846,0.0364
russia_sanctions_2022,AFL,40,sanctions_financial_restrictions,-0.0299,0.0576,,0.6846,financial_treasury,0.0235,0.041,0.0366,0.0397,0.027,0.0386,0.0364,0.0364,0.6846,0.0364
russia_corporate_exit_2022,AFL,40,sanctions_financial_restrictions,0.0343,0.1248,,0.6846,financial_treasury,0.0235,0.041,0.0366,0.0397,0.027,0.0386,0.0364,0.0364,0.6846,0.0364
russia_sanctions_2022,AFRM,40,sanctions_financial_restrictions,-0.086,-0.0411,,0.6846,financial_treasury,0.0235,0.041,0.0366,0.0397,0.027,0.0386,0.0364,0.0364,0.6846,0.0364
russia_corporate_exit_2022,AFRM,40,sanctions_financial_restrictions,-0.1736,0.014,,0.6846,financial_treasury,0.0235,0.041,0.0366,0.0397,0.027,0.0386,0.0364,0.0364,0.6846,0.0364
eu_china_ev_tariff_2024,AG,15,trade_policy_actions,0.0323,-0.0565,,0.5369,procurement_supply_chain,0.5369,0.0498,0.0539,0.052,0.0369,0.057,0.0514,0.0514,0.0592,0.0514
indonesia_nickel_ban_2020,AG,15,resource_energy_disruptions,-0.115,-0.217,,0.5667,procurement_supply_chain,0.5667,0.058,0.0433,0.0534,0.0479,0.0517,0.0439,0.0439,0.0474,0.0439
australia_china_coal_ban_2020,AGI,15,trade_policy_actions,-0.1134,-0.1209,,0.5369,procurement_supply_chain,0.5369,0.0498,0.0539,0.052,0.0369,0.057,0.0514,0.0514,0.0592,0.0514
indonesia_nickel_ban_2020,AGI,15,resource_energy_disruptions,-0.0847,-0.0033,,0.5667,procurement_supply_chain,0.5667,0.058,0.0433,0.0534,0.0479,0.0517,0.0439,0.0439,0.0474,0.0439
ukraine_grain_crisis_2022,AGI,15,resource_energy_disruptions,0.0663,0.029,,0.5667,procurement_supply_chain,0.5667,0.058,0.0433,0.0534,0.0479,0.0517,0.0439,0.0439,0.0474,0.0439
russia_sanctions_2022,AIG,40,sanctions_financial_restrictions,-0.0899,0.0052,,0.6846,financial_treasury,0.0235,0.041,0.0366,0.0397,0.027,0.0386,0.0364,0.0364,0.6846,0.0364
russia_corporate_exit_2022,AIG,40,sanctions_financial_restrictions,0.0557,0.1678,,0.6846,financial_treasury,0.0235,0.041,0.0366,0.0397,0.027,0.0386,0.0364,0.0364,0.6846,0.0364
russia_corporate_exit_2022,AIZ,40,sanctions_financial_restrictions,0.044,0.162,,0.6846,financial_treasury,0.0235,0.041,0.0366,0.0397,0.027,0.0386,0.0364,0.0364,0.6846,0.0364
us_iran_sanctions_reimpose_2018,AIZ,40,sanctions_financial_restrictions,0.037,0.1776,,0.6846,financial_treasury,0.0235,0.041,0.0366,0.0397,0.027,0.0386,0.0364,0.0364,0.6846,0.0364
russia_corporate_exit_2022,AJG,40,sanctions_financial_restrictions,0.0562,0.2249,,0.6846,financial_treasury,0.0235,0.041,0.0366,0.0397,0.027,0.0386,0.0364,0.0364,0.6846,0.0364
us_iran_sanctions_reimpose_2018,AJG,40,sanctions_financial_restrictions,-0.0269,-0.0401,,0.6846,financial_treasury,0.0235,0.041,0.0366,0.0397,0.027,0.0386,0.0364,0.0364,0.6846,0.0364
eu_china_ev_tariff_2024,ALB,15,trade_policy_actions,-0.1643,-0.1732,,0.5369,procurement_supply_chain,0.5369,0.0498,0.0539,0.052,0.0369,0.057,0.0514,0.0514,0.0592,0.0514
china_gallium_germanium_export_controls_2023,ALB,15,resource_energy_disruptions,0.0429,-0.1972,,0.5667,procurement_supply_chain,0.5667,0.058,0.0433,0.0534,0.0479,0.0517,0.0439,0.0439,0.0474,0.0439
ukraine_grain_crisis_2022,ALB,15,resource_energy_disruptions,0.0734,-0.0623,,0.5667,procurement_supply_chain,0.5667,0.058,0.0433,0.0534,0.0479,0.0517,0.0439,0.0439,0.0474,0.0439
china_tech_crackdown_2021,ALC,35,regulatory_sovereignty_shifts,0.0361,0.1928,,0.6852,regulatory_compliance_cost,0.0098,0.0342,0.0402,0.6852,0.0238,0.0468,0.0385,0.0385,0.0444,0.0385
eu_data_privacy_gdpr_2018,ALGN,35,regulatory_sovereignty_shifts,0.0774,0.1033,,0.6852,regulatory_compliance_cost,0.0098,0.0342,0.0402,0.6852,0.0238,0.0468,0.0385,0.0385,0.0444,0.0385
china_tech_crackdown_2021,ALGN,35,regulatory_sovereignty_shifts,0.0967,0.1221,,0.6852,regulatory_compliance_cost,0.0098,0.0342,0.0402,0.6852,0.0238,0.0468,0.0385,0.0385,0.0444,0.0385
india_bytedance_ban_2020,ALGN,35,regulatory_sovereignty_shifts,0.0309,0.1413,,0.6852,regulatory_compliance_cost,0.0098,0.0342,0.0402,0.6852,0.0238,0.0468,0.0385,0.0385,0.0444,0.0385
cfius_qualcomm_broadcom_block_2018,ALGN,35,regulatory_sovereignty_shifts,-0.0371,-0.1304,,0.6852,regulatory_compliance_cost,0.0098,0.0342,0.0402,0.6852,0.0238,0.0468,0.0385,0.0385,0.0444,0.0385
boeing_737max_global_grounding_2019,ALGN,35,regulatory_sovereignty_shifts,0.0537,0.1769,,0.6852,regulatory_compliance_cost,0.0098,0.0342,0.0402,0.6852,0.0238,0.0468,0.0385,0.0385,0.0444,0.0385
china_tech_crackdown_2021,ALKS,35,regulatory_sovereignty_shifts,0.1005,0.212,,0.6852,regulatory_compliance_cost,0.0098,0.0342,0.0402,0.6852,0.0238,0.0468,0.0385,0.0385,0.0444,0.0385
india_bytedance_ban_2020,ALKS,35,regulatory_sovereignty_shifts,0.0382,-0.0594,,0.6852,regulatory_compliance_cost,0.0098,0.0342,0.0402,0.6852,0.0238,0.0468,0.0385,0.0385,0.0444,0.0385
boeing_737max_global_grounding_2019,ALKS,35,regulatory_sovereignty_shifts,0.0304,-0.096,,0.6852,regulatory_compliance_cost,0.0098,0.0342,0.0402,0.6852,0.0238,0.0468,0.0385,0.0385,0.0444,0.0385
russia_sanctions_2022,ALL,40,sanctions_financial_restrictions,0.0272,0.143,,0.6846,financial_treasury,0.0235,0.041,0.0366,0.0397,0.027,0.0386,0.0364,0.0364,0.6846,0.0364
russia_corporate_exit_2022,ALL,40,sanctions_financial_restrictions,0.0418,0.1789,,0.6846,financial_treasury,0.0235,0.041,0.0366,0.0397,0.027,0.0386,0.0364,0.0364,0.6846,0.0364
russia_sanctions_2022,ALLY,40,sanctions_financial_restrictions,-0.1125,-0.1502,,0.6846,financial_treasury,0.0235,0.041,0.0366,0.0397,0.027,0.0386,0.0364,0.0364,0.6846,0.0364
australia_china_coal_ban_2020,ALM,15,trade_policy_actions,0.19,0.1157,,0.5369,procurement_supply_chain,0.5369,0.0498,0.0539,0.052,0.0369,0.057,0.0514,0.0514,0.0592,0.0514
xinjiang_cotton_ban_2021,ALM,15,trade_policy_actions,-0.1269,-0.0419,,0.5369,procurement_supply_chain,0.5369,0.0498,0.0539,0.052,0.0369,0.057,0.0514,0.0514,0.0592,0.0514
eu_china_ev_tariff_2024,ALM,15,trade_policy_actions,-0.0298,0.0191,,0.5369,procurement_supply_chain,0.5369,0.0498,0.0539,0.052,0.0369,0.057,0.0514,0.0514,0.0592,0.0514
china_gallium_germanium_export_controls_2023,ALM,15,resource_energy_disruptions,-0.0635,-0.1269,,0.5667,procurement_supply_chain,0.5667,0.058,0.0433,0.0534,0.0479,0.0517,0.0439,0.0439,0.0474,0.0439
indonesia_nickel_ban_2020,ALM,15,resource_energy_disruptions,0.0542,0.3524,,0.5667,procurement_supply_chain,0.5667,0.058,0.0433,0.0534,0.0479,0.0517,0.0439,0.0439,0.0474,0.0439
ukraine_grain_crisis_2022,ALM,15,resource_energy_disruptions,-0.0275,0.0971,,0.5667,procurement_supply_chain,0.5667,0.058,0.0433,0.0534,0.0479,0.0517,0.0439,0.0439,0.0474,0.0439
india_bytedance_ban_2020,ALNY,35,regulatory_sovereignty_shifts,0.0817,-0.0764,,0.6852,regulatory_compliance_cost,0.0098,0.0342,0.0402,0.6852,0.0238,0.0468,0.0385,0.0385,0.0444,0.0385
cfius_qualcomm_broadcom_block_2018,ALNY,35,regulatory_sovereignty_shifts,0.0318,-0.3331,,0.6852,regulatory_compliance_cost,0.0098,0.0342,0.0402,0.6852,0.0238,0.0468,0.0385,0.0385,0.0444,0.0385
boeing_737max_global_grounding_2019,ALNY,35,regulatory_sovereignty_shifts,-0.0336,-0.0423,,0.6852,regulatory_compliance_cost,0.0098,0.0342,0.0402,0.6852,0.0238,0.0468,0.0385,0.0385,0.0444,0.0385
australia_china_coal_ban_2020,AM,10,trade_policy_actions,0.0806,0.1771,,0.5369,procurement_supply_chain,0.5369,0.0498,0.0539,0.052,0.0369,0.057,0.0514,0.0514,0.0592,0.0514
xinjiang_cotton_ban_2021,AM,10,trade_policy_actions,0.0464,0.0847,,0.5369,procurement_supply_chain,0.5369,0.0498,0.0539,0.052,0.0369,0.057,0.0514,0.0514,0.0592,0.0514
indonesia_nickel_ban_2020,AM,10,resource_energy_disruptions,-0.0725,-0.3857,,0.5667,procurement_supply_chain,0.5667,0.058,0.0433,0.0534,0.0479,0.0517,0.0439,0.0439,0.0474,0.0439
russia_sanctions_2022,AMG,40,sanctions_financial_restrictions,-0.0888,-0.0576,,0.6846,financial_treasury,0.0235,0.041,0.0366,0.0397,0.027,0.0386,0.0364,0.0364,0.6846,0.0364
russia_corporate_exit_2022,AMG,40,sanctions_financial_restrictions,0.0582,0.1375,,0.6846,financial_treasury,0.0235,0.041,0.0366,0.0397,0.027,0.0386,0.0364,0.0364,0.6846,0.0364
eu_data_privacy_gdpr_2018,AMGN,35,regulatory_sovereignty_shifts,0.0404,0.0979,,0.6852,regulatory_compliance_cost,0.0098,0.0342,0.0402,0.6852,0.0238,0.0468,0.0385,0.0385,0.0444,0.0385
china_tech_crackdown_2021,AMGN,35,regulatory_sovereignty_shifts,-0.032,-0.0996,,0.6852,regulatory_compliance_cost,0.0098,0.0342,0.0402,0.6852,0.0238,0.0468,0.0385,0.0385,0.0444,0.0385
india_bytedance_ban_2020,AMGN,35,regulatory_sovereignty_shifts,0.0932,0.0133,,0.6852,regulatory_compliance_cost,0.0098,0.0342,0.0402,0.6852,0.0238,0.0468,0.0385,0.0385,0.0444,0.0385
cfius_qualcomm_broadcom_block_2018,AMGN,35,regulatory_sovereignty_shifts,-0.0357,-0.0917,,0.6852,regulatory_compliance_cost,0.0098,0.0342,0.0402,0.6852,0.0238,0.0468,0.0385,0.0385,0.0444,0.0385
russia_sanctions_2022,AMP,40,sanctions_financial_restrictions,-0.0703,-0.0321,,0.6846,financial_treasury,0.0235,0.041,0.0366,0.0397,0.027,0.0386,0.0364,0.0364,0.6846,0.0364
russia_corporate_exit_2022,AMP,40,sanctions_financial_restrictions,0.0696,0.1509,,0.6846,financial_treasury,0.0235,0.041,0.0366,0.0397,0.027,0.0386,0.0364,0.0364,0.6846,0.0364
us_iran_sanctions_reimpose_2018,AMP,40,sanctions_financial_restrictions,0.0287,0.0941,,0.6846,financial_treasury,0.0235,0.041,0.0366,0.0397,0.027,0.0386,0.0364,0.0364,0.6846,0.0364
eu_data_privacy_gdpr_2018,AMX,50,regulatory_sovereignty_shifts,-0.0402,0.1105,,0.6852,regulatory_compliance_cost,0.0098,0.0342,0.0402,0.6852,0.0238,0.0468,0.0385,0.0385,0.0444,0.0385
china_tech_crackdown_2021,AMX,50,regulatory_sovereignty_shifts,0.0629,0.2111,,0.6852,regulatory_compliance_cost,0.0098,0.0342,0.0402,0.6852,0.0238,0.0468,0.0385,0.0385,0.0444,0.0385
boeing_737max_global_grounding_2019,AMX,50,regulatory_sovereignty_shifts,0.0529,0.0632,,0.6852,regulatory_compliance_cost,0.0098,0.0342,0.0402,0.6852,0.0238,0.0468,0.0385,0.0385,0.0444,0.0385
russia_corporate_exit_2022,AON,40,sanctions_financial_restrictions,0.1108,0.2033,,0.6846,financial_treasury,0.0235,0.041,0.0366,0.0397,0.027,0.0386,0.0364,0.0364,0.6846,0.0364
australia_china_coal_ban_2020,APA,10,trade_policy_actions,-0.0269,0.3849,,0.5369,procurement_supply_chain,0.5369,0.0498,0.0539,0.052,0.0369,0.057,0.0514,0.0514,0.0592,0.0514
xinjiang_cotton_ban_2021,APA,10,trade_policy_actions,-0.0366,0.1551,,0.5369,procurement_supply_chain,0.5369,0.0498,0.0539,0.052,0.0369,0.057,0.0514,0.0514,0.0592,0.0514
eu_china_ev_tariff_2024,APA,10,trade_policy_actions,-0.0351,0.0725,,0.5369,procurement_supply_chain,0.5369,0.0498,0.0539,0.052,0.0369,0.057,0.0514,0.0514,0.0592,0.0514
china_gallium_germanium_export_controls_2023,APA,10,resource_energy_disruptions,0.0945,0.2962,,0.5667,procurement_supply_chain,0.5667,0.058,0.0433,0.0534,0.0479,0.0517,0.0439,0.0439,0.0474,0.0439
indonesia_nickel_ban_2020,APA,10,resource_energy_disruptions,0.2739,0.0774,,0.5667,procurement_supply_chain,0.5667,0.058,0.0433,0.0534,0.0479,0.0517,0.0439,0.0439,0.0474,0.0439
ukraine_grain_crisis_2022,APA,10,resource_energy_disruptions,0.041,-0.1488,,0.5667,procurement_supply_chain,0.5667,0.058,0.0433,0.0534,0.0479,0.0517,0.0439,0.0439,0.0474,0.0439
australia_china_coal_ban_2020,APD,15,trade_policy_actions,-0.0288,-0.0912,,0.5369,procurement_supply_chain,0.5369,0.0498,0.0539,0.052,0.0369,0.057,0.0514,0.0514,0.0592,0.0514
eu_china_ev_tariff_2024,APD,15,trade_policy_actions,-0.0388,-0.0716,,0.5369,procurement_supply_chain,0.5369,0.0498,0.0539,0.052,0.0369,0.057,0.0514,0.0514,0.0592,0.0514
china_gallium_germanium_export_controls_2023,APD,15,resource_energy_disruptions,-0.0283,-0.0402,,0.5667,procurement_supply_chain,0.5667,0.058,0.0433,0.0534,0.0479,0.0517,0.0439,0.0439,0.0474,0.0439
china_tech_crackdown_2021,APLS,35,regulatory_sovereignty_shifts,-0.0714,-0.181,,0.6852,regulatory_compliance_cost,0.0098,0.0342,0.0402,0.6852,0.0238,0.0468,0.0385,0.0385,0.0444,0.0385
cfius_qualcomm_broadcom_block_2018,APLS,35,regulatory_sovereignty_shifts,0.0911,-0.0523,,0.6852,regulatory_compliance_cost,0.0098,0.0342,0.0402,0.6852,0.0238,0.0468,0.0385,0.0385,0.0444,0.0385
russia_sanctions_2022,APO,40,sanctions_financial_restrictions,-0.0333,-0.1235,,0.6846,financial_treasury,0.0235,0.041,0.0366,0.0397,0.027,0.0386,0.0364,0.0364,0.6846,0.0364
us_iran_sanctions_reimpose_2018,APO,40,sanctions_financial_restrictions,-0.0329,0.0491,,0.6846,financial_treasury,0.0235,0.041,0.0366,0.0397,0.027,0.0386,0.0364,0.0364,0.6846,0.0364
japan_korea_trade_dispute_2019,AR,10,trade_policy_actions,-0.0459,-0.3376,,0.5369,procurement_supply_chain,0.5369,0.0498,0.0539,0.052,0.0369,0.057,0.0514,0.0514,0.0592,0.0514
xinjiang_cotton_ban_2021,AR,10,trade_policy_actions,0.1184,0.1491,,0.5369,procurement_supply_chain,0.5369,0.0498,0.0539,0.052,0.0369,0.057,0.0514,0.0514,0.0592,0.0514
eu_china_ev_tariff_2024,AR,10,trade_policy_actions,-0.0686,-0.1512,,0.5369,procurement_supply_chain,0.5369,0.0498,0.0539,0.052,0.0369,0.057,0.0514,0.0514,0.0592,0.0514
china_gallium_germanium_export_controls_2023,AR,10,resource_energy_disruptions,0.029,0.1843,,0.5667,procurement_supply_chain,0.5667,0.058,0.0433,0.0534,0.0479,0.0517,0.0439,0.0439,0.0474,0.0439
indonesia_nickel_ban_2020,AR,10,resource_energy_disruptions,-0.1579,-0.4211,,0.5667,procurement_supply_chain,0.5667,0.058,0.0433,0.0534,0.0479,0.0517,0.0439,0.0439,0.0474,0.0439
ukraine_grain_crisis_2022,AR,10,resource_energy_disruptions,0.16,-0.0136,,0.5667,procurement_supply_chain,0.5667,0.058,0.0433,0.0534,0.0479,0.0517,0.0439,0.0439,0.0474,0.0439
russia_sanctions_2022,ARES,40,sanctions_financial_restrictions,-0.0635,0.0169,,0.6846,financial_treasury,0.0235,0.041,0.0366,0.0397,0.027,0.0386,0.0364,0.0364,0.6846,0.0364
russia_corporate_exit_2022,ARES,40,sanctions_financial_restrictions,0.0737,0.2463,,0.6846,financial_treasury,0.0235,0.041,0.0366,0.0397,0.027,0.0386,0.0364,0.0364,0.6846,0.0364
india_bytedance_ban_2020,ARGX,35,regulatory_sovereignty_shifts,0.099,0.0248,,0.6852,regulatory_compliance_cost,0.0098,0.0342,0.0402,0.6852,0.0238,0.0468,0.0385,0.0385,0.0444,0.0385
boeing_737max_global_grounding_2019,ARGX,35,regulatory_sovereignty_shifts,0.0514,-0.0407,,0.6852,regulatory_compliance_cost,0.0098,0.0342,0.0402,0.6852,0.0238,0.0468,0.0385,0.0385,0.0444,0.0385
japan_korea_trade_dispute_2019,AROC,10,trade_policy_actions,0.0339,-0.16,,0.5369,procurement_supply_chain,0.5369,0.0498,0.0539,0.052,0.0369,0.057,0.0514,0.0514,0.0592,0.0514
eu_data_privacy_gdpr_2018,ARWR,35,regulatory_sovereignty_shifts,0.0736,0.603,,0.6852,regulatory_compliance_cost,0.0098,0.0342,0.0402,0.6852,0.0238,0.0468,0.0385,0.0385,0.0444,0.0385
india_bytedance_ban_2020,ARWR,35,regulatory_sovereignty_shifts,0.0385,-0.0474,,0.6852,regulatory_compliance_cost,0.0098,0.0342,0.0402,0.6852,0.0238,0.0468,0.0385,0.0385,0.0444,0.0385
cfius_qualcomm_broadcom_block_2018,ARWR,35,regulatory_sovereignty_shifts,-0.0491,-0.1353,,0.6852,regulatory_compliance_cost,0.0098,0.0342,0.0402,0.6852,0.0238,0.0468,0.0385,0.0385,0.0444,0.0385
boeing_737max_global_grounding_2019,ARWR,35,regulatory_sovereignty_shifts,-0.0394,-0.013,,0.6852,regulatory_compliance_cost,0.0098,0.0342,0.0402,0.6852,0.0238,0.0468,0.0385,0.0385,0.0444,0.0385
russia_sanctions_2022,ASB,40,sanctions_financial_restrictions,-0.0502,-0.1244,,0.6846,financial_treasury,0.0235,0.041,0.0366,0.0397,0.027,0.0386,0.0364,0.0364,0.6846,0.0364
russia_corporate_exit_2022,ASB,40,sanctions_financial_restrictions,0.0317,0.0,,0.6846,financial_treasury,0.0235,0.041,0.0366,0.0397,0.027,0.0386,0.0364,0.0364,0.6846,0.0364
china_tech_crackdown_2021,ASND,35,regulatory_sovereignty_shifts,0.0405,0.4189,,0.6852,regulatory_compliance_cost,0.0098,0.0342,0.0402,0.6852,0.0238,0.0468,0.0385,0.0385,0.0444,0.0385
cfius_qualcomm_broadcom_block_2018,ASND,35,regulatory_sovereignty_shifts,-0.0741,-0.0898,,0.6852,regulatory_compliance_cost,0.0098,0.0342,0.0402,0.6852,0.0238,0.0468,0.0385,0.0385,0.0444,0.0385
boeing_737max_global_grounding_2019,ASND,35,regulatory_sovereignty_shifts,-0.0431,-0.1428,,0.6852,regulatory_compliance_cost,0.0098,0.0342,0.0402,0.6852,0.0238,0.0468,0.0385,0.0385,0.0444,0.0385
china_tech_crackdown_2021,ATR,35,regulatory_sovereignty_shifts,-0.0465,-0.0351,,0.6852,regulatory_compliance_cost,0.0098,0.0342,0.0402,0.6852,0.0238,0.0468,0.0385,0.0385,0.0444,0.0385
india_bytedance_ban_2020,ATR,35,regulatory_sovereignty_shifts,0.054,0.0718,,0.6852,regulatory_compliance_cost,0.0098,0.0342,0.0402,0.6852,0.0238,0.0468,0.0385,0.0385,0.0444,0.0385
australia_china_coal_ban_2020,AU,15,trade_policy_actions,-0.049,-0.2243,,0.5369,procurement_supply_chain,0.5369,0.0498,0.0539,0.052,0.0369,0.057,0.0514,0.0514,0.0592,0.0514
xinjiang_cotton_ban_2021,AU,15,trade_policy_actions,0.0914,0.1128,,0.5369,procurement_supply_chain,0.5369,0.0498,0.0539,0.052,0.0369,0.057,0.0514,0.0514,0.0592,0.0514
china_gallium_germanium_export_controls_2023,AU,15,resource_energy_disruptions,-0.0386,-0.1762,,0.5667,procurement_supply_chain,0.5667,0.058,0.0433,0.0534,0.0479,0.0517,0.0439,0.0439,0.0474,0.0439
indonesia_nickel_ban_2020,AU,15,resource_energy_disruptions,-0.0367,-0.1289,,0.5667,procurement_supply_chain,0.5667,0.058,0.0433,0.0534,0.0479,0.0517,0.0439,0.0439,0.0474,0.0439
russia_sanctions_2022,AUB,40,sanctions_financial_restrictions,-0.057,-0.1375,,0.6846,financial_treasury,0.0235,0.041,0.0366,0.0397,0.027,0.0386,0.0364,0.0364,0.6846,0.0364
russia_corporate_exit_2022,AUB,40,sanctions_financial_restrictions,0.0331,-0.0021,,0.6846,financial_treasury,0.0235,0.041,0.0366,0.0397,0.027,0.0386,0.0364,0.0364,0.6846,0.0364
russia_corporate_exit_2022,AVAL,40,sanctions_financial_restrictions,-0.0344,-0.2224,,0.6846,financial_treasury,0.0235,0.041,0.0366,0.0397,0.027,0.0386,0.0364,0.0364,0.6846,0.0364
india_bytedance_ban_2020,AVTR,35,regulatory_sovereignty_shifts,0.1182,0.2315,,0.6852,regulatory_compliance_cost,0.0098,0.0342,0.0402,0.6852,0.0238,0.0468,0.0385,0.0385,0.0444,0.0385
russia_sanctions_2022,AX,40,sanctions_financial_restrictions,-0.0732,-0.2537,,0.6846,financial_treasury,0.0235,0.041,0.0366,0.0397,0.027,0.0386,0.0364,0.0364,0.6846,0.0364
russia_sanctions_2022,AXP,40,sanctions_financial_restrictions,-0.1072,-0.049,,0.6846,financial_treasury,0.0235,0.041,0.0366,0.0397,0.027,0.0386,0.0364,0.0364,0.6846,0.0364
russia_corporate_exit_2022,AXP,40,sanctions_financial_restrictions,0.0999,0.1808,,0.6846,financial_treasury,0.0235,0.041,0.0366,0.0397,0.027,0.0386,0.0364,0.0364,0.6846,0.0364
russia_sanctions_2022,AXS,40,sanctions_financial_restrictions,-0.0394,0.047,,0.6846,financial_treasury,0.0235,0.041,0.0366,0.0397,0.027,0.0386,0.0364,0.0364,0.6846,0.0364
russia_corporate_exit_2022,AXS,40,sanctions_financial_restrictions,0.0462,0.1398,,0.6846,financial_treasury,0.0235,0.041,0.0366,0.0397,0.027,0.0386,0.0364,0.0364,0.6846,0.0364
china_tech_crackdown_2021,AXSM,35,regulatory_sovereignty_shifts,-0.0626,-0.5054,,0.6852,regulatory_compliance_cost,0.0098,0.0342,0.0402,0.6852,0.0238,0.0468,0.0385,0.0385,0.0444,0.0385
india_bytedance_ban_2020,AXSM,35,regulatory_sovereignty_shifts,0.0985,0.0165,,0.6852,regulatory_compliance_cost,0.0098,0.0342,0.0402,0.6852,0.0238,0.0468,0.0385,0.0385,0.0444,0.0385
cfius_qualcomm_broadcom_block_2018,AXSM,35,regulatory_sovereignty_shifts,-0.0702,-0.0702,,0.6852,regulatory_compliance_cost,0.0098,0.0342,0.0402,0.6852,0.0238,0.0468,0.0385,0.0385,0.0444,0.0385
boeing_737max_global_grounding_2019,AXSM,35,regulatory_sovereignty_shifts,0.1526,0.6036,,0.6852,regulatory_compliance_cost,0.0098,0.0342,0.0402,0.6852,0.0238,0.0468,0.0385,0.0385,0.0444,0.0385
japan_korea_trade_dispute_2019,AXTA,15,trade_policy_actions,-0.0286,-0.0887,,0.5369,procurement_supply_chain,0.5369,0.0498,0.0539,0.052,0.0369,0.057,0.0514,0.0514,0.0592,0.0514
australia_china_coal_ban_2020,AXTA,15,trade_policy_actions,-0.0293,0.0987,,0.5369,procurement_supply_chain,0.5369,0.0498,0.0539,0.052,0.0369,0.057,0.0514,0.0514,0.0592,0.0514
xinjiang_cotton_ban_2021,AXTA,15,trade_policy_actions,0.0289,0.1652,,0.5369,procurement_supply_chain,0.5369,0.0498,0.0539,0.052,0.0369,0.057,0.0514,0.0514,0.0592,0.0514
eu_china_ev_tariff_2024,AXTA,15,trade_policy_actions,-0.0487,-0.0346,,0.5369,procurement_supply_chain,0.5369,0.0498,0.0539,0.052,0.0369,0.057,0.0514,0.0514,0.0592,0.0514
japan_korea_trade_dispute_2019,B,15,trade_policy_actions,0.0397,0.1581,,0.5369,procurement_supply_chain,0.5369,0.0498,0.0539,0.052,0.0369,0.057,0.0514,0.0514,0.0592,0.0514
australia_china_coal_ban_2020,B,15,trade_policy_actions,-0.0364,-0.1712,,0.5369,procurement_supply_chain,0.5369,0.0498,0.0539,0.052,0.0369,0.057,0.0514,0.0514,0.0592,0.0514
eu_china_ev_tariff_2024,B,15,trade_policy_actions,0.0341,0.0848,,0.5369,procurement_supply_chain,0.5369,0.0498,0.0539,0.052,0.0369,0.057,0.0514,0.0514,0.0592,0.0514
indonesia_nickel_ban_2020,B,15,resource_energy_disruptions,-0.0533,0.0608,,0.5667,procurement_supply_chain,0.5667,0.058,0.0433,0.0534,0.0479,0.0517,0.0439,0.0439,0.0474,0.0439
russia_sanctions_2022,BAC,40,sanctions_financial_restrictions,-0.086,-0.1145,,0.6846,financial_treasury,0.0235,0.041,0.0366,0.0397,0.027,0.0386,0.0364,0.0364,0.6846,0.0364
russia_corporate_exit_2022,BAC,40,sanctions_financial_restrictions,0.0754,0.0277,,0.6846,financial_treasury,0.0235,0.041,0.0366,0.0397,0.027,0.0386,0.0364,0.0364,0.6846,0.0364
us_iran_sanctions_reimpose_2018,BAC,40,sanctions_financial_restrictions,0.0431,-0.0191,,0.6846,financial_treasury,0.0235,0.041,0.0366,0.0397,0.027,0.0386,0.0364,0.0364,0.6846,0.0364
russia_sanctions_2022,BAP,40,sanctions_financial_restrictions,0.0256,-0.0311,,0.6846,financial_treasury,0.0235,0.041,0.0366,0.0397,0.027,0.0386,0.0364,0.0364,0.6846,0.0364
russia_corporate_exit_2022,BAP,40,sanctions_financial_restrictions,0.0758,-0.0093,,0.6846,financial_treasury,0.0235,0.041,0.0366,0.0397,0.027,0.0386,0.0364,0.0364,0.6846,0.0364
eu_data_privacy_gdpr_2018,BAX,35,regulatory_sovereignty_shifts,0.0257,0.0317,,0.6852,regulatory_compliance_cost,0.0098,0.0342,0.0402,0.6852,0.0238,0.0468,0.0385,0.0385,0.0444,0.0385
china_tech_crackdown_2021,BAX,35,regulatory_sovereignty_shifts,-0.0484,0.031,,0.6852,regulatory_compliance_cost,0.0098,0.0342,0.0402,0.6852,0.0238,0.0468,0.0385,0.0385,0.0444,0.0385
cfius_qualcomm_broadcom_block_2018,BAX,35,regulatory_sovereignty_shifts,-0.0254,-0.0343,,0.6852,regulatory_compliance_cost,0.0098,0.0342,0.0402,0.6852,0.0238,0.0468,0.0385,0.0385,0.0444,0.0385
russia_corporate_exit_2022,BBD,40,sanctions_financial_restrictions,0.0285,0.0812,,0.6846,financial_treasury,0.0235,0.041,0.0366,0.0397,0.027,0.0386,0.0364,0.0364,0.6846,0.0364
us_iran_sanctions_reimpose_2018,BBD,40,sanctions_financial_restrictions,-0.0309,-0.2192,,0.6846,financial_treasury,0.0235,0.041,0.0366,0.0397,0.027,0.0386,0.0364,0.0364,0.6846,0.0364
china_tech_crackdown_2021,BBIO,35,regulatory_sovereignty_shifts,-0.1365,-0.1472,,0.6852,regulatory_compliance_cost,0.0098,0.0342,0.0402,0.6852,0.0238,0.0468,0.0385,0.0385,0.0444,0.0385
india_bytedance_ban_2020,BBIO,35,regulatory_sovereignty_shifts,-0.0666,-0.1289,,0.6852,regulatory_compliance_cost,0.0098,0.0342,0.0402,0.6852,0.0238,0.0468,0.0385,0.0385,0.0444,0.0385
russia_sanctions_2022,BBVA,40,sanctions_financial_restrictions,-0.1384,-0.0967,,0.6846,financial_treasury,0.0235,0.041,0.0366,0.0397,0.027,0.0386,0.0364,0.0364,0.6846,0.0364
russia_corporate_exit_2022,BBVA,40,sanctions_financial_restrictions,0.095,0.1175,,0.6846,financial_treasury,0.0235,0.041,0.0366,0.0397,0.027,0.0386,0.0364,0.0364,0.6846,0.0364
russia_sanctions_2022,BCH,40,sanctions_financial_restrictions,0.0494,0.0631,,0.6846,financial_treasury,0.0235,0.041,0.0366,0.0397,0.027,0.0386,0.0364,0.0364,0.6846,0.0364
russia_corporate_exit_2022,BCH,40,sanctions_financial_restrictions,-0.0275,0.089,,0.6846,financial_treasury,0.0235,0.041,0.0366,0.0397,0.027,0.0386,0.0364,0.0364,0.6846,0.0364
china_gallium_germanium_export_controls_2023,BCPC,15,resource_energy_disruptions,-0.032,0.0296,,0.5667,procurement_supply_chain,0.5667,0.058,0.0433,0.0534,0.0479,0.0517,0.0439,0.0439,0.0474,0.0439
ukraine_grain_crisis_2022,BCPC,15,resource_energy_disruptions,0.0302,0.0826,,0.5667,procurement_supply_chain,0.5667,0.058,0.0433,0.0534,0.0479,0.0517,0.0439,0.0439,0.0474,0.0439
russia_sanctions_2022,BCS,40,sanctions_financial_restrictions,-0.1717,-0.2419,,0.6846,financial_treasury,0.0235,0.041,0.0366,0.0397,0.027,0.0386,0.0364,0.0364,0.6846,0.0364
russia_corporate_exit_2022,BCS,40,sanctions_financial_restrictions,0.0797,-0.0519,,0.6846,financial_treasury,0.0235,0.041,0.0366,0.0397,0.027,0.0386,0.0364,0.0364,0.6846,0.0364
india_bytedance_ban_2020,BDX,35,regulatory_sovereignty_shifts,0.079,0.0946,,0.6852,regulatory_compliance_cost,0.0098,0.0342,0.0402,0.6852,0.0238,0.0468,0.0385,0.0385,0.0444,0.0385
cfius_qualcomm_broadcom_block_2018,BDX,35,regulatory_sovereignty_shifts,-0.0265,0.0239,,0.6852,regulatory_compliance_cost,0.0098,0.0342,0.0402,0.6852,0.0238,0.0468,0.0385,0.0385,0.0444,0.0385
boeing_737max_global_grounding_2019,BDX,35,regulatory_sovereignty_shifts,-0.0413,-0.0639,,0.6852,regulatory_compliance_cost,0.0098,0.0342,0.0402,0.6852,0.0238,0.0468,0.0385,0.0385,0.0444,0.0385
russia_sanctions_2022,BEN,40,sanctions_financial_restrictions,-0.0665,-0.1213,,0.6846,financial_treasury,0.0235,0.041,0.0366,0.0397,0.027,0.0386,0.0364,0.0364,0.6846,0.0364
russia_sanctions_2022,BGC,40,sanctions_financial_restrictions,-0.0495,-0.1529,,0.6846,financial_treasury,0.0235,0.041,0.0366,0.0397,0.027,0.0386,0.0364,0.0364,0.6846,0.0364
japan_korea_trade_dispute_2019,BHP,15,trade_policy_actions,-0.0287,-0.1717,,0.5369,procurement_supply_chain,0.5369,0.0498,0.0539,0.052,0.0369,0.057,0.0514,0.0514,0.0592,0.0514
australia_china_coal_ban_2020,BHP,15,trade_policy_actions,-0.036,0.0499,,0.5369,procurement_supply_chain,0.5369,0.0498,0.0539,0.052,0.0369,0.057,0.0514,0.0514,0.0592,0.0514
china_gallium_germanium_export_controls_2023,BHP,15,resource_energy_disruptions,-0.0334,-0.0679,,0.5667,procurement_supply_chain,0.5667,0.058,0.0433,0.0534,0.0479,0.0517,0.0439,0.0439,0.0474,0.0439
ukraine_grain_crisis_2022,BHP,15,resource_energy_disruptions,0.0824,0.0277,,0.5667,procurement_supply_chain,0.5667,0.058,0.0433,0.0534,0.0479,0.0517,0.0439,0.0439,0.0474,0.0439
eu_data_privacy_gdpr_2018,BIDU,50,regulatory_sovereignty_shifts,0.0701,0.0716,,0.6852,regulatory_compliance_cost,0.0098,0.0342,0.0402,0.6852,0.0238,0.0468,0.0385,0.0385,0.0444,0.0385
china_tech_crackdown_2021,BIDU,50,regulatory_sovereignty_shifts,-0.035,-0.0346,,0.6852,regulatory_compliance_cost,0.0098,0.0342,0.0402,0.6852,0.0238,0.0468,0.0385,0.0385,0.0444,0.0385
india_bytedance_ban_2020,BIDU,50,regulatory_sovereignty_shifts,0.0539,0.0273,,0.6852,regulatory_compliance_cost,0.0098,0.0342,0.0402,0.6852,0.0238,0.0468,0.0385,0.0385,0.0444,0.0385
cfius_qualcomm_broadcom_block_2018,BIDU,50,regulatory_sovereignty_shifts,-0.0483,-0.129,,0.6852,regulatory_compliance_cost,0.0098,0.0342,0.0402,0.6852,0.0238,0.0468,0.0385,0.0385,0.0444,0.0385
eu_data_privacy_gdpr_2018,BIIB,35,regulatory_sovereignty_shifts,0.0444,0.2048,,0.6852,regulatory_compliance_cost,0.0098,0.0342,0.0402,0.6852,0.0238,0.0468,0.0385,0.0385,0.0444,0.0385
india_bytedance_ban_2020,BIIB,35,regulatory_sovereignty_shifts,0.0307,0.1137,,0.6852,regulatory_compliance_cost,0.0098,0.0342,0.0402,0.6852,0.0238,0.0468,0.0385,0.0385,0.0444,0.0385
eu_data_privacy_gdpr_2018,BILI,50,regulatory_sovereignty_shifts,0.1538,-0.0688,,0.6852,regulatory_compliance_cost,0.0098,0.0342,0.0402,0.6852,0.0238,0.0468,0.0385,0.0385,0.0444,0.0385
china_tech_crackdown_2021,BILI,50,regulatory_sovereignty_shifts,-0.0507,-0.0427,,0.6852,regulatory_compliance_cost,0.0098,0.0342,0.0402,0.6852,0.0238,0.0468,0.0385,0.0385,0.0444,0.0385
china_tech_crackdown_2021,BIO,35,regulatory_sovereignty_shifts,0.0784,0.1807,,0.6852,regulatory_compliance_cost,0.0098,0.0342,0.0402,0.6852,0.0238,0.0468,0.0385,0.0385,0.0444,0.0385
india_bytedance_ban_2020,BIO,35,regulatory_sovereignty_shifts,0.0833,0.148,,0.6852,regulatory_compliance_cost,0.0098,0.0342,0.0402,0.6852,0.0238,0.0468,0.0385,0.0385,0.0444,0.0385
cfius_qualcomm_broadcom_block_2018,BIO,35,regulatory_sovereignty_shifts,-0.0423,-0.0544,,0.6852,regulatory_compliance_cost,0.0098,0.0342,0.0402,0.6852,0.0238,0.0468,0.0385,0.0385,0.0444,0.0385
russia_sanctions_2022,BK,40,sanctions_financial_restrictions,-0.0635,-0.1109,,0.6846,financial_treasury,0.0235,0.041,0.0366,0.0397,0.027,0.0386,0.0364,0.0364,0.6846,0.0364
china_gallium_germanium_export_controls_2023,BKR,10,resource_energy_disruptions,0.0769,0.1174,,0.5667,procurement_supply_chain,0.5667,0.058,0.0433,0.0534,0.0479,0.0517,0.0439,0.0439,0.0474,0.0439
russia_sanctions_2022,BLK,40,sanctions_financial_restrictions,-0.0661,-0.0131,,0.6846,financial_treasury,0.0235,0.041,0.0366,0.0397,0.027,0.0386,0.0364,0.0364,0.6846,0.0364
russia_corporate_exit_2022,BLK,40,sanctions_financial_restrictions,0.0676,0.0545,,0.6846,financial_treasury,0.0235,0.041,0.0366,0.0397,0.027,0.0386,0.0364,0.0364,0.6846,0.0364
us_iran_sanctions_reimpose_2018,BLK,40,sanctions_financial_restrictions,0.0255,0.0183,,0.6846,financial_treasury,0.0235,0.041,0.0366,0.0397,0.027,0.0386,0.0364,0.0364,0.6846,0.0364
russia_sanctions_2022,BMA,40,sanctions_financial_restrictions,-0.0268,0.155,,0.6846,financial_treasury,0.0235,0.041,0.0366,0.0397,0.027,0.0386,0.0364,0.0364,0.6846,0.0364
russia_corporate_exit_2022,BMA,40,sanctions_financial_restrictions,0.0292,0.1509,,0.6846,financial_treasury,0.0235,0.041,0.0366,0.0397,0.027,0.0386,0.0364,0.0364,0.6846,0.0364
us_iran_sanctions_reimpose_2018,BMA,40,sanctions_financial_restrictions,0.0773,-0.0635,,0.6846,financial_treasury,0.0235,0.041,0.0366,0.0397,0.027,0.0386,0.0364,0.0364,0.6846,0.0364
russia_corporate_exit_2022,BMO,40,sanctions_financial_restrictions,0.0485,0.0582,,0.6846,financial_treasury,0.0235,0.041,0.0366,0.0397,0.027,0.0386,0.0364,0.0364,0.6846,0.0364
india_bytedance_ban_2020,BMRN,35,regulatory_sovereignty_shifts,0.0475,-0.0438,,0.6852,regulatory_compliance_cost,0.0098,0.0342,0.0402,0.6852,0.0238,0.0468,0.0385,0.0385,0.0444,0.0385
boeing_737max_global_grounding_2019,BMRN,35,regulatory_sovereignty_shifts,-0.0546,-0.1035,,0.6852,regulatory_compliance_cost,0.0098,0.0342,0.0402,0.6852,0.0238,0.0468,0.0385,0.0385,0.0444,0.0385
eu_data_privacy_gdpr_2018,BMY,35,regulatory_sovereignty_shifts,-0.025,0.0723,,0.6852,regulatory_compliance_cost,0.0098,0.0342,0.0402,0.6852,0.0238,0.0468,0.0385,0.0385,0.0444,0.0385
india_bytedance_ban_2020,BMY,35,regulatory_sovereignty_shifts,0.051,0.1005,,0.6852,regulatory_compliance_cost,0.0098,0.0342,0.0402,0.6852,0.0238,0.0468,0.0385,0.0385,0.0444,0.0385
boeing_737max_global_grounding_2019,BMY,35,regulatory_sovereignty_shifts,-0.0349,-0.0967,,0.6852,regulatory_compliance_cost,0.0098,0.0342,0.0402,0.6852,0.0238,0.0468,0.0385,0.0385,0.0444,0.0385
us_iran_sanctions_reimpose_2018,BN,40,sanctions_financial_restrictions,0.0288,0.0486,,0.6846,financial_treasury,0.0235,0.041,0.0366,0.0397,0.027,0.0386,0.0364,0.0364,0.6846,0.0364
china_tech_crackdown_2021,BNTX,35,regulatory_sovereignty_shifts,0.2066,0.2293,,0.6852,regulatory_compliance_cost,0.0098,0.0342,0.0402,0.6852,0.0238,0.0468,0.0385,0.0385,0.0444,0.0385
india_bytedance_ban_2020,BNTX,35,regulatory_sovereignty_shifts,0.0538,0.0403,,0.6852,regulatory_compliance_cost,0.0098,0.0342,0.0402,0.6852,0.0238,0.0468,0.0385,0.0385,0.0444,0.0385
russia_sanctions_2022,BOKF,40,sanctions_financial_restrictions,-0.0296,-0.132,,0.6846,financial_treasury,0.0235,0.041,0.0366,0.0397,0.027,0.0386,0.0364,0.0364,0.6846,0.0364
us_iran_sanctions_reimpose_2018,BOKF,40,sanctions_financial_restrictions,0.0289,-0.0377,,0.6846,financial_treasury,0.0235,0.041,0.0366,0.0397,0.027,0.0386,0.0364,0.0364,0.6846,0.0364
australia_china_coal_ban_2020,BP,10,trade_policy_actions,-0.0702,0.2075,,0.5369,procurement_supply_chain,0.5369,0.0498,0.0539,0.052,0.0369,0.057,0.0514,0.0514,0.0592,0.0514
indonesia_nickel_ban_2020,BP,10,resource_energy_disruptions,0.0323,-0.0297,,0.5667,procurement_supply_chain,0.5667,0.058,0.0433,0.0534,0.0479,0.0517,0.0439,0.0439,0.0474,0.0439
ukraine_grain_crisis_2022,BP,10,resource_energy_disruptions,0.0351,-0.0725,,0.5667,procurement_supply_chain,0.5667,0.058,0.0433,0.0534,0.0479,0.0517,0.0439,0.0439,0.0474,0.0439
russia_sanctions_2022,BPOP,40,sanctions_financial_restrictions,-0.078,-0.1213,,0.6846,financial_treasury,0.0235,0.041,0.0366,0.0397,0.027,0.0386,0.0364,0.0364,0.6846,0.0364
russia_corporate_exit_2022,BRK-B,40,sanctions_financial_restrictions,0.044,0.0951,,0.6846,financial_treasury,0.0235,0.041,0.0366,0.0397,0.027,0.0386,0.0364,0.0364,0.6846,0.0364
india_bytedance_ban_2020,BRKR,35,regulatory_sovereignty_shifts,0.0423,0.1113,,0.6852,regulatory_compliance_cost,0.0098,0.0342,0.0402,0.6852,0.0238,0.0468,0.0385,0.0385,0.0444,0.0385
cfius_qualcomm_broadcom_block_2018,BRKR,35,regulatory_sovereignty_shifts,-0.0254,-0.0273,,0.6852,regulatory_compliance_cost,0.0098,0.0342,0.0402,0.6852,0.0238,0.0468,0.0385,0.0385,0.0444,0.0385
russia_corporate_exit_2022,BRO,40,sanctions_financial_restrictions,0.0793,0.1624,,0.6846,financial_treasury,0.0235,0.041,0.0366,0.0397,0.027,0.0386,0.0364,0.0364,0.6846,0.0364
russia_sanctions_2022,BSAC,40,sanctions_financial_restrictions,0.0651,0.1159,,0.6846,financial_treasury,0.0235,0.041,0.0366,0.0397,0.027,0.0386,0.0364,0.0364,0.6846,0.0364
us_iran_sanctions_reimpose_2018,BSAC,40,sanctions_financial_restrictions,0.0261,-0.01,,0.6846,financial_treasury,0.0235,0.041,0.0366,0.0397,0.027,0.0386,0.0364,0.0364,0.6846,0.0364
russia_corporate_exit_2022,BSBR,40,sanctions_financial_restrictions,0.1012,0.3105,,0.6846,financial_treasury,0.0235,0.041,0.0366,0.0397,0.027,0.0386,0.0364,0.0364,0.6846,0.0364
china_tech_crackdown_2021,BSX,35,regulatory_sovereignty_shifts,0.0399,0.0222,,0.6852,regulatory_compliance_cost,0.0098,0.0342,0.0402,0.6852,0.0238,0.0468,0.0385,0.0385,0.0444,0.0385
cfius_qualcomm_broadcom_block_2018,BSX,35,regulatory_sovereignty_shifts,-0.0322,-0.0014,,0.6852,regulatory_compliance_cost,0.0098,0.0342,0.0402,0.6852,0.0238,0.0468,0.0385,0.0385,0.0444,0.0385
boeing_737max_global_grounding_2019,BSX,35,regulatory_sovereignty_shifts,-0.0589,-0.082,,0.6852,regulatory_compliance_cost,0.0098,0.0342,0.0402,0.6852,0.0238,0.0468,0.0385,0.0385,0.0444,0.0385
japan_korea_trade_dispute_2019,BTG,15,trade_policy_actions,0.0262,0.177,,0.5369,procurement_supply_chain,0.5369,0.0498,0.0539,0.052,0.0369,0.057,0.0514,0.0514,0.0592,0.0514
xinjiang_cotton_ban_2021,BTG,15,trade_policy_actions,-0.0422,0.14,,0.5369,procurement_supply_chain,0.5369,0.0498,0.0539,0.052,0.0369,0.057,0.0514,0.0514,0.0592,0.0514
indonesia_nickel_ban_2020,BTG,15,resource_energy_disruptions,-0.0549,0.0324,,0.5667,procurement_supply_chain,0.5667,0.058,0.0433,0.0534,0.0479,0.0517,0.0439,0.0439,0.0474,0.0439
ukraine_grain_crisis_2022,BTG,15,resource_energy_disruptions,0.0296,-0.1239,,0.5667,procurement_supply_chain,0.5667,0.058,0.0433,0.0534,0.0479,0.0517,0.0439,0.0439,0.0474,0.0439
australia_china_coal_ban_2020,BVN,15,trade_policy_actions,-0.0334,-0.1089,,0.5369,procurement_supply_chain,0.5369,0.0498,0.0539,0.052,0.0369,0.057,0.0514,0.0514,0.0592,0.0514
indonesia_nickel_ban_2020,BVN,15,resource_energy_disruptions,-0.0662,-0.1848,,0.5667,procurement_supply_chain,0.5667,0.058,0.0433,0.0534,0.0479,0.0517,0.0439,0.0439,0.0474,0.0439
ukraine_grain_crisis_2022,BVN,15,resource_energy_disruptions,0.1129,-0.1115,,0.5667,procurement_supply_chain,0.5667,0.058,0.0433,0.0534,0.0479,0.0517,0.0439,0.0439,0.0474,0.0439
russia_sanctions_2022,BX,40,sanctions_financial_restrictions,-0.0592,-0.1072,,0.6846,financial_treasury,0.0235,0.041,0.0366,0.0397,0.027,0.0386,0.0364,0.0364,0.6846,0.0364
russia_sanctions_2022,BXSL,40,sanctions_financial_restrictions,0.0314,0.0051,,0.6846,financial_treasury,0.0235,0.041,0.0366,0.0397,0.027,0.0386,0.0364,0.0364,0.6846,0.0364
china_tech_crackdown_2021,BZ,50,regulatory_sovereignty_shifts,0.0744,0.1808,,0.6852,regulatory_compliance_cost,0.0098,0.0342,0.0402,0.6852,0.0238,0.0468,0.0385,0.0385,0.0444,0.0385
russia_sanctions_2022,CACC,40,sanctions_financial_restrictions,-0.0372,0.0099,,0.6846,financial_treasury,0.0235,0.041,0.0366,0.0397,0.027,0.0386,0.0364,0.0364,0.6846,0.0364
us_iran_sanctions_reimpose_2018,CACC,40,sanctions_financial_restrictions,0.0431,0.1436,,0.6846,financial_treasury,0.0235,0.041,0.0366,0.0397,0.027,0.0386,0.0364,0.0364,0.6846,0.0364
cfius_qualcomm_broadcom_block_2018,CAH,35,regulatory_sovereignty_shifts,-0.0328,-0.1318,,0.6852,regulatory_compliance_cost,0.0098,0.0342,0.0402,0.6852,0.0238,0.0468,0.0385,0.0385,0.0444,0.0385
boeing_737max_global_grounding_2019,CAH,35,regulatory_sovereignty_shifts,-0.0255,-0.0657,,0.6852,regulatory_compliance_cost,0.0098,0.0342,0.0402,0.6852,0.0238,0.0468,0.0385,0.0385,0.0444,0.0385
russia_corporate_exit_2022,CB,40,sanctions_financial_restrictions,0.0496,0.0796,,0.6846,financial_treasury,0.0235,0.041,0.0366,0.0397,0.027,0.0386,0.0364,0.0364,0.6846,0.0364
russia_sanctions_2022,CBOE,40,sanctions_financial_restrictions,0.0262,-0.0093,,0.6846,financial_treasury,0.0235,0.041,0.0366,0.0397,0.027,0.0386,0.0364,0.0364,0.6846,0.0364
us_iran_sanctions_reimpose_2018,CBOE,40,sanctions_financial_restrictions,0.0561,0.0209,,0.6846,financial_treasury,0.0235,0.041,0.0366,0.0397,0.027,0.0386,0.0364,0.0364,0.6846,0.0364
russia_sanctions_2022,CBSH,40,sanctions_financial_restrictions,-0.0307,-0.0263,,0.6846,financial_treasury,0.0235,0.041,0.0366,0.0397,0.027,0.0386,0.0364,0.0364,0.6846,0.0364
russia_corporate_exit_2022,CBSH,40,sanctions_financial_restrictions,0.0376,0.0592,,0.6846,financial_treasury,0.0235,0.041,0.0366,0.0397,0.027,0.0386,0.0364,0.0364,0.6846,0.0364
japan_korea_trade_dispute_2019,CCJ,10,trade_policy_actions,0.0287,-0.2363,,0.5369,procurement_supply_chain,0.5369,0.0498,0.0539,0.052,0.0369,0.057,0.0514,0.0514,0.0592,0.0514
australia_china_coal_ban_2020,CCJ,10,trade_policy_actions,-0.026,0.0301,,0.5369,procurement_supply_chain,0.5369,0.0498,0.0539,0.052,0.0369,0.057,0.0514,0.0514,0.0592,0.0514
indonesia_nickel_ban_2020,CCJ,10,resource_energy_disruptions,-0.0326,0.0382,,0.5667,procurement_supply_chain,0.5667,0.058,0.0433,0.0534,0.0479,0.0517,0.0439,0.0439,0.0474,0.0439
ukraine_grain_crisis_2022,CCJ,10,resource_energy_disruptions,0.0696,-0.035,,0.5667,procurement_supply_chain,0.5667,0.058,0.0433,0.0534,0.0479,0.0517,0.0439,0.0439,0.0474,0.0439
japan_korea_trade_dispute_2019,CDE,15,trade_policy_actions,0.0894,0.1647,,0.5369,procurement_supply_chain,0.5369,0.0498,0.0539,0.052,0.0369,0.057,0.0514,0.0514,0.0592,0.0514
australia_china_coal_ban_2020,CDE,15,trade_policy_actions,-0.0669,-0.1423,,0.5369,procurement_supply_chain,0.5369,0.0498,0.0539,0.052,0.0369,0.057,0.0514,0.0514,0.0592,0.0514
eu_china_ev_tariff_2024,CDE,15,trade_policy_actions,0.0596,0.1318,,0.5369,procurement_supply_chain,0.5369,0.0498,0.0539,0.052,0.0369,0.057,0.0514,0.0514,0.0592,0.0514
china_gallium_germanium_export_controls_2023,CDE,15,resource_energy_disruptions,-0.0479,-0.2055,,0.5667,procurement_supply_chain,0.5667,0.058,0.0433,0.0534,0.0479,0.0517,0.0439,0.0439,0.0474,0.0439
indonesia_nickel_ban_2020,CDE,15,resource_energy_disruptions,-0.2079,-0.2599,,0.5667,procurement_supply_chain,0.5667,0.058,0.0433,0.0534,0.0479,0.0517,0.0439,0.0439,0.0474,0.0439
ukraine_grain_crisis_2022,CDE,15,resource_energy_disruptions,0.0796,-0.0501,,0.5667,procurement_supply_chain,0.5667,0.058,0.0433,0.0534,0.0479,0.0517,0.0439,0.0439,0.0474,0.0439
xinjiang_cotton_ban_2021,CE,15,trade_policy_actions,0.0482,0.1834,,0.5369,procurement_supply_chain,0.5369,0.0498,0.0539,0.052,0.0369,0.057,0.0514,0.0514,0.0592,0.0514
eu_china_ev_tariff_2024,CE,15,trade_policy_actions,-0.0531,-0.046,,0.5369,procurement_supply_chain,0.5369,0.0498,0.0539,0.052,0.0369,0.057,0.0514,0.0514,0.0592,0.0514
indonesia_nickel_ban_2020,CE,15,resource_energy_disruptions,-0.0427,-0.1014,,0.5667,procurement_supply_chain,0.5667,0.058,0.0433,0.0534,0.0479,0.0517,0.0439,0.0439,0.0474,0.0439
ukraine_grain_crisis_2022,CE,15,resource_energy_disruptions,0.0491,-0.1724,,0.5667,procurement_supply_chain,0.5667,0.058,0.0433,0.0534,0.0479,0.0517,0.0439,0.0439,0.0474,0.0439
china_tech_crackdown_2021,CELC,35,regulatory_sovereignty_shifts,-0.0512,0.0221,,0.6852,regulatory_compliance_cost,0.0098,0.0342,0.0402,0.6852,0.0238,0.0468,0.0385,0.0385,0.0444,0.0385
india_bytedance_ban_2020,CELC,35,regulatory_sovereignty_shifts,0.092,-0.0359,,0.6852,regulatory_compliance_cost,0.0098,0.0342,0.0402,0.6852,0.0238,0.0468,0.0385,0.0385,0.0444,0.0385
cfius_qualcomm_broadcom_block_2018,CELC,35,regulatory_sovereignty_shifts,-0.0926,0.1801,,0.6852,regulatory_compliance_cost,0.0098,0.0342,0.0402,0.6852,0.0238,0.0468,0.0385,0.0385,0.0444,0.0385
japan_korea_trade_dispute_2019,CENX,15,trade_policy_actions,0.042,-0.1036,,0.5369,procurement_supply_chain,0.5369,0.0498,0.0539,0.052,0.0369,0.057,0.0514,0.0514,0.0592,0.0514
australia_china_coal_ban_2020,CENX,15,trade_policy_actions,-0.036,0.3226,,0.5369,procurement_supply_chain,0.5369,0.0498,0.0539,0.052,0.0369,0.057,0.0514,0.0514,0.0592,0.0514
xinjiang_cotton_ban_2021,CENX,15,trade_policy_actions,0.1256,-0.0287,,0.5369,procurement_supply_chain,0.5369,0.0498,0.0539,0.052,0.0369,0.057,0.0514,0.0514,0.0592,0.0514
eu_china_ev_tariff_2024,CENX,15,trade_policy_actions,0.0377,0.0026,,0.5369,procurement_supply_chain,0.5369,0.0498,0.0539,0.052,0.0369,0.057,0.0514,0.0514,0.0592,0.0514
china_gallium_germanium_export_controls_2023,CENX,15,resource_energy_disruptions,-0.0969,-0.141,,0.5667,procurement_supply_chain,0.5667,0.058,0.0433,0.0534,0.0479,0.0517,0.0439,0.0439,0.0474,0.0439
indonesia_nickel_ban_2020,CENX,15,resource_energy_disruptions,-0.0612,-0.246,,0.5667,procurement_supply_chain,0.5667,0.058,0.0433,0.0534,0.0479,0.0517,0.0439,0.0439,0.0474,0.0439
ukraine_grain_crisis_2022,CENX,15,resource_energy_disruptions,-0.0581,-0.4389,,0.5667,procurement_supply_chain,0.5667,0.058,0.0433,0.0534,0.0479,0.0517,0.0439,0.0439,0.0474,0.0439
china_gallium_germanium_export_controls_2023,CF,15,resource_energy_disruptions,0.0339,0.1009,,0.5667,procurement_supply_chain,0.5667,0.058,0.0433,0.0534,0.0479,0.0517,0.0439,0.0439,0.0474,0.0439
indonesia_nickel_ban_2020,CF,15,resource_energy_disruptions,-0.0455,-0.1919,,0.5667,procurement_supply_chain,0.5667,0.058,0.0433,0.0534,0.0479,0.0517,0.0439,0.0439,0.0474,0.0439
ukraine_grain_crisis_2022,CF,15,resource_energy_disruptions,-0.0553,-0.1929,,0.5667,procurement_supply_chain,0.5667,0.058,0.0433,0.0534,0.0479,0.0517,0.0439,0.0439,0.0474,0.0439
russia_sanctions_2022,CFG,40,sanctions_financial_restrictions,-0.0908,-0.2105,,0.6846,financial_treasury,0.0235,0.041,0.0366,0.0397,0.027,0.0386,0.0364,0.0364,0.6846,0.0364
russia_corporate_exit_2022,CFG,40,sanctions_financial_restrictions,0.0671,-0.0287,,0.6846,financial_treasury,0.0235,0.041,0.0366,0.0397,0.027,0.0386,0.0364,0.0364,0.6846,0.0364
us_iran_sanctions_reimpose_2018,CFG,40,sanctions_financial_restrictions,0.0339,0.0138,,0.6846,financial_treasury,0.0235,0.041,0.0366,0.0397,0.027,0.0386,0.0364,0.0364,0.6846,0.0364
russia_sanctions_2022,CFR,40,sanctions_financial_restrictions,-0.0346,-0.0011,,0.6846,financial_treasury,0.0235,0.041,0.0366,0.0397,0.027,0.0386,0.0364,0.0364,0.6846,0.0364
russia_corporate_exit_2022,CFR,40,sanctions_financial_restrictions,0.0401,0.089,,0.6846,financial_treasury,0.0235,0.041,0.0366,0.0397,0.027,0.0386,0.0364,0.0364,0.6846,0.0364
russia_sanctions_2022,CG,40,sanctions_financial_restrictions,-0.0742,-0.0611,,0.6846,financial_treasury,0.0235,0.041,0.0366,0.0397,0.027,0.0386,0.0364,0.0364,0.6846,0.0364
russia_corporate_exit_2022,CG,40,sanctions_financial_restrictions,0.0507,0.0949,,0.6846,financial_treasury,0.0235,0.041,0.0366,0.0397,0.027,0.0386,0.0364,0.0364,0.6846,0.0364
india_bytedance_ban_2020,CHE,35,regulatory_sovereignty_shifts,0.0634,0.1343,,0.6852,regulatory_compliance_cost,0.0098,0.0342,0.0402,0.6852,0.0238,0.0468,0.0385,0.0385,0.0444,0.0385
japan_korea_trade_dispute_2019,CHRD,10,trade_policy_actions,0.0454,-0.4004,,0.5369,procurement_supply_chain,0.5369,0.0498,0.0539,0.052,0.0369,0.057,0.0514,0.0514,0.0592,0.0514
australia_china_coal_ban_2020,CHRD,10,trade_policy_actions,0.2,317.1999,,0.5369,procurement_supply_chain,0.5369,0.0498,0.0539,0.052,0.0369,0.057,0.0514,0.0514,0.0592,0.0514
xinjiang_cotton_ban_2021,CHRD,10,trade_policy_actions,-0.0508,0.2452,,0.5369,procurement_supply_chain,0.5369,0.0498,0.0539,0.052,0.0369,0.057,0.0514,0.0514,0.0592,0.0514
eu_china_ev_tariff_2024,CHRD,10,trade_policy_actions,-0.0262,0.0076,,0.5369,procurement_supply_chain,0.5369,0.0498,0.0539,0.052,0.0369,0.057,0.0514,0.0514,0.0592,0.0514
china_gallium_germanium_export_controls_2023,CHRD,10,resource_energy_disruptions,0.0273,-0.005,,0.5667,procurement_supply_chain,0.5667,0.058,0.0433,0.0534,0.0479,0.0517,0.0439,0.0439,0.0474,0.0439
indonesia_nickel_ban_2020,CHRD,10,resource_energy_disruptions,0.0307,-0.3528,,0.5667,procurement_supply_chain,0.5667,0.058,0.0433,0.0534,0.0479,0.0517,0.0439,0.0439,0.0474,0.0439
ukraine_grain_crisis_2022,CHRD,10,resource_energy_disruptions,0.0642,-0.0483,,0.5667,procurement_supply_chain,0.5667,0.058,0.0433,0.0534,0.0479,0.0517,0.0439,0.0439,0.0474,0.0439
china_tech_crackdown_2021,CHTR,50,regulatory_sovereignty_shifts,0.0317,0.1018,,0.6852,regulatory_compliance_cost,0.0098,0.0342,0.0402,0.6852,0.0238,0.0468,0.0385,0.0385,0.0444,0.0385
india_bytedance_ban_2020,CHTR,50,regulatory_sovereignty_shifts,0.0369,0.1596,,0.6852,regulatory_compliance_cost,0.0098,0.0342,0.0402,0.6852,0.0238,0.0468,0.0385,0.0385,0.0444,0.0385
cfius_qualcomm_broadcom_block_2018,CHTR,50,regulatory_sovereignty_shifts,-0.073,-0.1613,,0.6852,regulatory_compliance_cost,0.0098,0.0342,0.0402,0.6852,0.0238,0.0468,0.0385,0.0385,0.0444,0.0385
boeing_737max_global_grounding_2019,CHTR,50,regulatory_sovereignty_shifts,0.0411,0.0535,,0.6852,regulatory_compliance_cost,0.0098,0.0342,0.0402,0.6852,0.0238,0.0468,0.0385,0.0385,0.0444,0.0385
eu_data_privacy_gdpr_2018,CI,35,regulatory_sovereignty_shifts,-0.0279,-0.0139,,0.6852,regulatory_compliance_cost,0.0098,0.0342,0.0402,0.6852,0.0238,0.0468,0.0385,0.0385,0.0444,0.0385
india_bytedance_ban_2020,CI,35,regulatory_sovereignty_shifts,-0.0293,-0.0276,,0.6852,regulatory_compliance_cost,0.0098,0.0342,0.0402,0.6852,0.0238,0.0468,0.0385,0.0385,0.0444,0.0385
russia_sanctions_2022,CIB,40,sanctions_financial_restrictions,0.0738,0.2404,,0.6846,financial_treasury,0.0235,0.041,0.0366,0.0397,0.027,0.0386,0.0364,0.0364,0.6846,0.0364
russia_corporate_exit_2022,CINF,40,sanctions_financial_restrictions,0.0955,0.1901,,0.6846,financial_treasury,0.0235,0.041,0.0366,0.0397,0.027,0.0386,0.0364,0.0364,0.6846,0.0364
japan_korea_trade_dispute_2019,CLF,15,trade_policy_actions,-0.0463,-0.2595,,0.5369,procurement_supply_chain,0.5369,0.0498,0.0539,0.052,0.0369,0.057,0.0514,0.0514,0.0592,0.0514
australia_china_coal_ban_2020,CLF,15,trade_policy_actions,0.0481,0.3258,,0.5369,procurement_supply_chain,0.5369,0.0498,0.0539,0.052,0.0369,0.057,0.0514,0.0514,0.0592,0.0514
xinjiang_cotton_ban_2021,CLF,15,trade_policy_actions,0.3765,0.4004,,0.5369,procurement_supply_chain,0.5369,0.0498,0.0539,0.052,0.0369,0.057,0.0514,0.0514,0.0592,0.0514
eu_china_ev_tariff_2024,CLF,15,trade_policy_actions,-0.0265,0.0265,,0.5369,procurement_supply_chain,0.5369,0.0498,0.0539,0.052,0.0369,0.057,0.0514,0.0514,0.0592,0.0514
indonesia_nickel_ban_2020,CLF,15,resource_energy_disruptions,-0.0695,-0.1139,,0.5667,procurement_supply_chain,0.5667,0.058,0.0433,0.0534,0.0479,0.0517,0.0439,0.0439,0.0474,0.0439
ukraine_grain_crisis_2022,CLF,15,resource_energy_disruptions,0.0648,-0.2758,,0.5667,procurement_supply_chain,0.5667,0.058,0.0433,0.0534,0.0479,0.0517,0.0439,0.0439,0.0474,0.0439
russia_sanctions_2022,CM,40,sanctions_financial_restrictions,-0.026,-0.0844,,0.6846,financial_treasury,0.0235,0.041,0.0366,0.0397,0.027,0.0386,0.0364,0.0364,0.6846,0.0364
russia_corporate_exit_2022,CM,40,sanctions_financial_restrictions,0.0302,-0.0149,,0.6846,financial_treasury,0.0235,0.041,0.0366,0.0397,0.027,0.0386,0.0364,0.0364,0.6846,0.0364
us_iran_sanctions_reimpose_2018,CM,40,sanctions_financial_restrictions,0.0309,-0.0027,,0.6846,financial_treasury,0.0235,0.041,0.0366,0.0397,0.027,0.0386,0.0364,0.0364,0.6846,0.0364
india_bytedance_ban_2020,CMCSA,50,regulatory_sovereignty_shifts,0.0351,0.1106,,0.6852,regulatory_compliance_cost,0.0098,0.0342,0.0402,0.6852,0.0238,0.0468,0.0385,0.0385,0.0444,0.0385
cfius_qualcomm_broadcom_block_2018,CMCSA,50,regulatory_sovereignty_shifts,-0.0449,-0.0925,,0.6852,regulatory_compliance_cost,0.0098,0.0342,0.0402,0.6852,0.0238,0.0468,0.0385,0.0385,0.0444,0.0385
russia_corporate_exit_2022,CME,40,sanctions_financial_restrictions,0.0463,0.0653,,0.6846,financial_treasury,0.0235,0.041,0.0366,0.0397,0.027,0.0386,0.0364,0.0364,0.6846,0.0364
russia_corporate_exit_2022,CNA,40,sanctions_financial_restrictions,0.065,0.1332,,0.6846,financial_treasury,0.0235,0.041,0.0366,0.0397,0.027,0.0386,0.0364,0.0364,0.6846,0.0364
china_tech_crackdown_2021,CNC,35,regulatory_sovereignty_shifts,-0.0429,-0.1316,,0.6852,regulatory_compliance_cost,0.0098,0.0342,0.0402,0.6852,0.0238,0.0468,0.0385,0.0385,0.0444,0.0385
india_bytedance_ban_2020,CNC,35,regulatory_sovereignty_shifts,0.0518,0.0046,,0.6852,regulatory_compliance_cost,0.0098,0.0342,0.0402,0.6852,0.0238,0.0468,0.0385,0.0385,0.0444,0.0385
cfius_qualcomm_broadcom_block_2018,CNC,35,regulatory_sovereignty_shifts,0.041,0.0742,,0.6852,regulatory_compliance_cost,0.0098,0.0342,0.0402,0.6852,0.0238,0.0468,0.0385,0.0385,0.0444,0.0385
japan_korea_trade_dispute_2019,CNQ,10,trade_policy_actions,0.0417,-0.1203,,0.5369,procurement_supply_chain,0.5369,0.0498,0.0539,0.052,0.0369,0.057,0.0514,0.0514,0.0592,0.0514
australia_china_coal_ban_2020,CNQ,10,trade_policy_actions,-0.0322,0.2667,,0.5369,procurement_supply_chain,0.5369,0.0498,0.0539,0.052,0.0369,0.057,0.0514,0.0514,0.0592,0.0514
xinjiang_cotton_ban_2021,CNQ,10,trade_policy_actions,0.0259,0.1034,,0.5369,procurement_supply_chain,0.5369,0.0498,0.0539,0.052,0.0369,0.057,0.0514,0.0514,0.0592,0.0514
china_tech_crackdown_2021,CNTA,35,regulatory_sovereignty_shifts,-0.0703,0.0605,,0.6852,regulatory_compliance_cost,0.0098,0.0342,0.0402,0.6852,0.0238,0.0468,0.0385,0.0385,0.0444,0.0385
japan_korea_trade_dispute_2019,CNX,10,trade_policy_actions,0.0452,0.0297,,0.5369,procurement_supply_chain,0.5369,0.0498,0.0539,0.052,0.0369,0.057,0.0514,0.0514,0.0592,0.0514
australia_china_coal_ban_2020,CNX,10,trade_policy_actions,-0.0686,-0.1011,,0.5369,procurement_supply_chain,0.5369,0.0498,0.0539,0.052,0.0369,0.057,0.0514,0.0514,0.0592,0.0514
xinjiang_cotton_ban_2021,CNX,10,trade_policy_actions,0.0637,-0.0094,,0.5369,procurement_supply_chain,0.5369,0.0498,0.0539,0.052,0.0369,0.057,0.0514,0.0514,0.0592,0.0514
eu_china_ev_tariff_2024,CNX,10,trade_policy_actions,-0.0768,-0.0265,,0.5369,procurement_supply_chain,0.5369,0.0498,0.0539,0.052,0.0369,0.057,0.0514,0.0514,0.0592,0.0514
indonesia_nickel_ban_2020,CNX,10,resource_energy_disruptions,-0.1322,-0.313,,0.5667,procurement_supply_chain,0.5667,0.058,0.0433,0.0534,0.0479,0.0517,0.0439,0.0439,0.0474,0.0439
ukraine_grain_crisis_2022,CNX,10,resource_energy_disruptions,0.0808,-0.0986,,0.5667,procurement_supply_chain,0.5667,0.058,0.0433,0.0534,0.0479,0.0517,0.0439,0.0439,0.0474,0.0439
russia_sanctions_2022,COF,40,sanctions_financial_restrictions,-0.1268,-0.1421,,0.6846,financial_treasury,0.0235,0.041,0.0366,0.0397,0.027,0.0386,0.0364,0.0364,0.6846,0.0364
russia_corporate_exit_2022,COF,40,sanctions_financial_restrictions,0.065,0.1251,,0.6846,financial_treasury,0.0235,0.041,0.0366,0.0397,0.027,0.0386,0.0364,0.0364,0.6846,0.0364
us_iran_sanctions_reimpose_2018,COF,40,sanctions_financial_restrictions,0.0541,0.0658,,0.6846,financial_treasury,0.0235,0.041,0.0366,0.0397,0.027,0.0386,0.0364,0.0364,0.6846,0.0364
eu_data_privacy_gdpr_2018,COGT,35,regulatory_sovereignty_shifts,0.1216,0.3114,,0.6852,regulatory_compliance_cost,0.0098,0.0342,0.0402,0.6852,0.0238,0.0468,0.0385,0.0385,0.0444,0.0385
china_tech_crackdown_2021,COGT,35,regulatory_sovereignty_shifts,-0.0756,0.2531,,0.6852,regulatory_compliance_cost,0.0098,0.0342,0.0402,0.6852,0.0238,0.0468,0.0385,0.0385,0.0444,0.0385
india_bytedance_ban_2020,COGT,35,regulatory_sovereignty_shifts,4.2993,4.5211,,0.6852,regulatory_compliance_cost,0.0098,0.0342,0.0402,0.6852,0.0238,0.0468,0.0385,0.0385,0.0444,0.0385
boeing_737max_global_grounding_2019,COGT,35,regulatory_sovereignty_shifts,0.1178,-0.1562,,0.6852,regulatory_compliance_cost,0.0098,0.0342,0.0402,0.6852,0.0238,0.0468,0.0385,0.0385,0.0444,0.0385
russia_sanctions_2022,COIN,40,sanctions_financial_restrictions,-0.0627,-0.0899,,0.6846,financial_treasury,0.0235,0.041,0.0366,0.0397,0.027,0.0386,0.0364,0.0364,0.6846,0.0364
russia_corporate_exit_2022,COIN,40,sanctions_financial_restrictions,-0.0371,-0.0917,,0.6846,financial_treasury,0.0235,0.041,0.0366,0.0397,0.027,0.0386,0.0364,0.0364,0.6846,0.0364
russia_sanctions_2022,COLB,40,sanctions_financial_restrictions,-0.0668,-0.1837,,0.6846,financial_treasury,0.0235,0.041,0.0366,0.0397,0.027,0.0386,0.0364,0.0364,0.6846,0.0364
china_tech_crackdown_2021,COO,35,regulatory_sovereignty_shifts,0.0331,0.0922,,0.6852,regulatory_compliance_cost,0.0098,0.0342,0.0402,0.6852,0.0238,0.0468,0.0385,0.0385,0.0444,0.0385
india_bytedance_ban_2020,COO,35,regulatory_sovereignty_shifts,0.0418,0.1086,,0.6852,regulatory_compliance_cost,0.0098,0.0342,0.0402,0.6852,0.0238,0.0468,0.0385,0.0385,0.0444,0.0385
cfius_qualcomm_broadcom_block_2018,COO,35,regulatory_sovereignty_shifts,-0.0336,-0.0735,,0.6852,regulatory_compliance_cost,0.0098,0.0342,0.0402,0.6852,0.0238,0.0468,0.0385,0.0385,0.0444,0.0385
australia_china_coal_ban_2020,COP,10,trade_policy_actions,-0.0699,0.2148,,0.5369,procurement_supply_chain,0.5369,0.0498,0.0539,0.052,0.0369,0.057,0.0514,0.0514,0.0592,0.0514
china_gallium_germanium_export_controls_2023,COP,10,resource_energy_disruptions,0.0308,0.113,,0.5667,procurement_supply_chain,0.5667,0.058,0.0433,0.0534,0.0479,0.0517,0.0439,0.0439,0.0474,0.0439
ukraine_grain_crisis_2022,COP,10,resource_energy_disruptions,0.0334,-0.1264,,0.5667,procurement_supply_chain,0.5667,0.058,0.0433,0.0534,0.0479,0.0517,0.0439,0.0439,0.0474,0.0439
cfius_qualcomm_broadcom_block_2018,COR,35,regulatory_sovereignty_shifts,-0.0727,-0.1012,,0.6852,regulatory_compliance_cost,0.0098,0.0342,0.0402,0.6852,0.0238,0.0468,0.0385,0.0385,0.0444,0.0385
china_tech_crackdown_2021,CORT,35,regulatory_sovereignty_shifts,0.036,0.0562,,0.6852,regulatory_compliance_cost,0.0098,0.0342,0.0402,0.6852,0.0238,0.0468,0.0385,0.0385,0.0444,0.0385
cfius_qualcomm_broadcom_block_2018,CORT,35,regulatory_sovereignty_shifts,0.0626,-0.0034,,0.6852,regulatory_compliance_cost,0.0098,0.0342,0.0402,0.6852,0.0238,0.0468,0.0385,0.0385,0.0444,0.0385
boeing_737max_global_grounding_2019,CORT,35,regulatory_sovereignty_shifts,-0.0502,-0.0374,,0.6852,regulatory_compliance_cost,0.0098,0.0342,0.0402,0.6852,0.0238,0.0468,0.0385,0.0385,0.0444,0.0385
japan_korea_trade_dispute_2019,CQP,10,trade_policy_actions,0.0272,0.0645,,0.5369,procurement_supply_chain,0.5369,0.0498,0.0539,0.052,0.0369,0.057,0.0514,0.0514,0.0592,0.0514
eu_china_ev_tariff_2024,CQP,10,trade_policy_actions,-0.0304,0.0984,,0.5369,procurement_supply_chain,0.5369,0.0498,0.0539,0.052,0.0369,0.057,0.0514,0.0514,0.0592,0.0514
ukraine_grain_crisis_2022,CQP,10,resource_energy_disruptions,-0.0386,-0.1526,,0.5667,procurement_supply_chain,0.5667,0.058,0.0433,0.0534,0.0479,0.0517,0.0439,0.0439,0.0474,0.0439
china_gallium_germanium_export_controls_2023,CRC,10,resource_energy_disruptions,0.0312,0.2126,,0.5667,procurement_supply_chain,0.5667,0.058,0.0433,0.0534,0.0479,0.0517,0.0439,0.0439,0.0474,0.0439
ukraine_grain_crisis_2022,CRC,10,resource_energy_disruptions,0.0491,-0.0367,,0.5667,procurement_supply_chain,0.5667,0.058,0.0433,0.0534,0.0479,0.0517,0.0439,0.0439,0.0474,0.0439
australia_china_coal_ban_2020,CRH,15,trade_policy_actions,-0.0444,-0.004,,0.5369,procurement_supply_chain,0.5369,0.0498,0.0539,0.052,0.0369,0.057,0.0514,0.0514,0.0592,0.0514
xinjiang_cotton_ban_2021,CRH,15,trade_policy_actions,0.0595,0.1369,,0.5369,procurement_supply_chain,0.5369,0.0498,0.0539,0.052,0.0369,0.057,0.0514,0.0514,0.0592,0.0514
eu_china_ev_tariff_2024,CRH,15,trade_policy_actions,-0.0466,0.0235,,0.5369,procurement_supply_chain,0.5369,0.0498,0.0539,0.052,0.0369,0.057,0.0514,0.0514,0.0592,0.0514
ukraine_grain_crisis_2022,CRH,15,resource_energy_disruptions,0.0396,-0.111,,0.5667,procurement_supply_chain,0.5667,0.058,0.0433,0.0534,0.0479,0.0517,0.0439,0.0439,0.0474,0.0439
japan_korea_trade_dispute_2019,CRK,10,trade_policy_actions,0.0555,-0.0411,,0.5369,procurement_supply_chain,0.5369,0.0498,0.0539,0.052,0.0369,0.057,0.0514,0.0514,0.0592,0.0514
eu_china_ev_tariff_2024,CRK,10,trade_policy_actions,-0.0974,-0.1268,,0.5369,procurement_supply_chain,0.5369,0.0498,0.0539,0.052,0.0369,0.057,0.0514,0.0514,0.0592,0.0514
china_gallium_germanium_export_controls_2023,CRK,10,resource_energy_disruptions,0.0357,0.0374,,0.5667,procurement_supply_chain,0.5667,0.058,0.0433,0.0534,0.0479,0.0517,0.0439,0.0439,0.0474,0.0439
indonesia_nickel_ban_2020,CRK,10,resource_energy_disruptions,-0.051,-0.2649,,0.5667,procurement_supply_chain,0.5667,0.058,0.0433,0.0534,0.0479,0.0517,0.0439,0.0439,0.0474,0.0439
ukraine_grain_crisis_2022,CRK,10,resource_energy_disruptions,0.0824,-0.1387,,0.5667,procurement_supply_chain,0.5667,0.058,0.0433,0.0534,0.0479,0.0517,0.0439,0.0439,0.0474,0.0439
eu_data_privacy_gdpr_2018,CRL,35,regulatory_sovereignty_shifts,0.047,0.1216,,0.6852,regulatory_compliance_cost,0.0098,0.0342,0.0402,0.6852,0.0238,0.0468,0.0385,0.0385,0.0444,0.0385
india_bytedance_ban_2020,CRL,35,regulatory_sovereignty_shifts,0.0734,0.244,,0.6852,regulatory_compliance_cost,0.0098,0.0342,0.0402,0.6852,0.0238,0.0468,0.0385,0.0385,0.0444,0.0385
cfius_qualcomm_broadcom_block_2018,CRL,35,regulatory_sovereignty_shifts,-0.0377,-0.0867,,0.6852,regulatory_compliance_cost,0.0098,0.0342,0.0402,0.6852,0.0238,0.0468,0.0385,0.0385,0.0444,0.0385
boeing_737max_global_grounding_2019,CRL,35,regulatory_sovereignty_shifts,0.0255,-0.0107,,0.6852,regulatory_compliance_cost,0.0098,0.0342,0.0402,0.6852,0.0238,0.0468,0.0385,0.0385,0.0444,0.0385
eu_data_privacy_gdpr_2018,CRSP,35,regulatory_sovereignty_shifts,-0.0568,-0.1105,,0.6852,regulatory_compliance_cost,0.0098,0.0342,0.0402,0.6852,0.0238,0.0468,0.0385,0.0385,0.0444,0.0385
india_bytedance_ban_2020,CRSP,35,regulatory_sovereignty_shifts,0.218,0.1919,,0.6852,regulatory_compliance_cost,0.0098,0.0342,0.0402,0.6852,0.0238,0.0468,0.0385,0.0385,0.0444,0.0385
cfius_qualcomm_broadcom_block_2018,CRSP,35,regulatory_sovereignty_shifts,-0.093,-0.1678,,0.6852,regulatory_compliance_cost,0.0098,0.0342,0.0402,0.6852,0.0238,0.0468,0.0385,0.0385,0.0444,0.0385
boeing_737max_global_grounding_2019,CRSP,35,regulatory_sovereignty_shifts,-0.0591,0.0033,,0.6852,regulatory_compliance_cost,0.0098,0.0342,0.0402,0.6852,0.0238,0.0468,0.0385,0.0385,0.0444,0.0385
eu_data_privacy_gdpr_2018,CSLLY,35,regulatory_sovereignty_shifts,0.043,0.0652,,0.6852,regulatory_compliance_cost,0.0098,0.0342,0.0402,0.6852,0.0238,0.0468,0.0385,0.0385,0.0444,0.0385
australia_china_coal_ban_2020,CTRA,10,trade_policy_actions,-0.025,-0.0937,,0.5369,procurement_supply_chain,0.5369,0.0498,0.0539,0.052,0.0369,0.057,0.0514,0.0514,0.0592,0.0514
xinjiang_cotton_ban_2021,CTRA,10,trade_policy_actions,0.0302,-0.0614,,0.5369,procurement_supply_chain,0.5369,0.0498,0.0539,0.052,0.0369,0.057,0.0514,0.0514,0.0592,0.0514
eu_china_ev_tariff_2024,CTRA,10,trade_policy_actions,-0.0345,-0.0743,,0.5369,procurement_supply_chain,0.5369,0.0498,0.0539,0.052,0.0369,0.057,0.0514,0.0514,0.0592,0.0514
china_gallium_germanium_export_controls_2023,CTRA,10,resource_energy_disruptions,0.0485,0.0985,,0.5667,procurement_supply_chain,0.5667,0.058,0.0433,0.0534,0.0479,0.0517,0.0439,0.0439,0.0474,0.0439
ukraine_grain_crisis_2022,CTRA,10,resource_energy_disruptions,0.0592,-0.126,,0.5667,procurement_supply_chain,0.5667,0.058,0.0433,0.0534,0.0479,0.0517,0.0439,0.0439,0.0474,0.0439
japan_korea_trade_dispute_2019,CTVA,15,trade_policy_actions,-0.0417,0.0548,,0.5369,procurement_supply_chain,0.5369,0.0498,0.0539,0.052,0.0369,0.057,0.0514,0.0514,0.0592,0.0514
china_gallium_germanium_export_controls_2023,CTVA,15,resource_energy_disruptions,-0.06,-0.1267,,0.5667,procurement_supply_chain,0.5667,0.058,0.0433,0.0534,0.0479,0.0517,0.0439,0.0439,0.0474,0.0439
indonesia_nickel_ban_2020,CTVA,15,resource_energy_disruptions,-0.0281,0.0389,,0.5667,procurement_supply_chain,0.5667,0.058,0.0433,0.0534,0.0479,0.0517,0.0439,0.0439,0.0474,0.0439
ukraine_grain_crisis_2022,CTVA,15,resource_energy_disruptions,0.0773,-0.0356,,0.5667,procurement_supply_chain,0.5667,0.058,0.0433,0.0534,0.0479,0.0517,0.0439,0.0439,0.0474,0.0439
japan_korea_trade_dispute_2019,CVE,10,trade_policy_actions,0.0863,-0.0726,,0.5369,procurement_supply_chain,0.5369,0.0498,0.0539,0.052,0.0369,0.057,0.0514,0.0514,0.0592,0.0514
australia_china_coal_ban_2020,CVE,10,trade_policy_actions,-0.0943,0.3027,,0.5369,procurement_supply_chain,0.5369,0.0498,0.0539,0.052,0.0369,0.057,0.0514,0.0514,0.0592,0.0514
china_gallium_germanium_export_controls_2023,CVE,10,resource_energy_disruptions,0.0273,0.1232,,0.5667,procurement_supply_chain,0.5667,0.058,0.0433,0.0534,0.0479,0.0517,0.0439,0.0439,0.0474,0.0439
ukraine_grain_crisis_2022,CVE,10,resource_energy_disruptions,0.0611,-0.0577,,0.5667,procurement_supply_chain,0.5667,0.058,0.0433,0.0534,0.0479,0.0517,0.0439,0.0439,0.0474,0.0439
eu_data_privacy_gdpr_2018,CVS,35,regulatory_sovereignty_shifts,-0.0292,0.0335,,0.6852,regulatory_compliance_cost,0.0098,0.0342,0.0402,0.6852,0.0238,0.0468,0.0385,0.0385,0.0444,0.0385
cfius_qualcomm_broadcom_block_2018,CVS,35,regulatory_sovereignty_shifts,-0.078,-0.0275,,0.6852,regulatory_compliance_cost,0.0098,0.0342,0.0402,0.6852,0.0238,0.0468,0.0385,0.0385,0.0444,0.0385
australia_china_coal_ban_2020,CVX,10,trade_policy_actions,-0.0434,0.2397,,0.5369,procurement_supply_chain,0.5369,0.0498,0.0539,0.052,0.0369,0.057,0.0514,0.0514,0.0592,0.0514
japan_korea_trade_dispute_2019,CX,15,trade_policy_actions,-0.0541,-0.3012,,0.5369,procurement_supply_chain,0.5369,0.0498,0.0539,0.052,0.0369,0.057,0.0514,0.0514,0.0592,0.0514
xinjiang_cotton_ban_2021,CX,15,trade_policy_actions,0.0959,0.3506,,0.5369,procurement_supply_chain,0.5369,0.0498,0.0539,0.052,0.0369,0.057,0.0514,0.0514,0.0592,0.0514
eu_china_ev_tariff_2024,CX,15,trade_policy_actions,-0.0316,-0.027,,0.5369,procurement_supply_chain,0.5369,0.0498,0.0539,0.052,0.0369,0.057,0.0514,0.0514,0.0592,0.0514
eu_data_privacy_gdpr_2018,CYTK,35,regulatory_sovereignty_shifts,-0.0682,0.0511,,0.6852,regulatory_compliance_cost,0.0098,0.0342,0.0402,0.6852,0.0238,0.0468,0.0385,0.0385,0.0444,0.0385
india_bytedance_ban_2020,CYTK,35,regulatory_sovereignty_shifts,0.1039,-0.1064,,0.6852,regulatory_compliance_cost,0.0098,0.0342,0.0402,0.6852,0.0238,0.0468,0.0385,0.0385,0.0444,0.0385
boeing_737max_global_grounding_2019,CYTK,35,regulatory_sovereignty_shifts,0.4454,0.3106,,0.6852,regulatory_compliance_cost,0.0098,0.0342,0.0402,0.6852,0.0238,0.0468,0.0385,0.0385,0.0444,0.0385
russia_corporate_exit_2022,DB,40,sanctions_financial_restrictions,0.1114,0.1818,,0.6846,financial_treasury,0.0235,0.041,0.0366,0.0397,0.027,0.0386,0.0364,0.0364,0.6846,0.0364
japan_korea_trade_dispute_2019,DD,15,trade_policy_actions,-0.0359,-0.105,,0.5369,procurement_supply_chain,0.5369,0.0498,0.0539,0.052,0.0369,0.057,0.0514,0.0514,0.0592,0.0514
indonesia_nickel_ban_2020,DD,15,resource_energy_disruptions,-0.0506,-0.1729,,0.5667,procurement_supply_chain,0.5667,0.058,0.0433,0.0534,0.0479,0.0517,0.0439,0.0439,0.0474,0.0439
china_tech_crackdown_2021,DGX,35,regulatory_sovereignty_shifts,0.0259,0.1155,,0.6852,regulatory_compliance_cost,0.0098,0.0342,0.0402,0.6852,0.0238,0.0468,0.0385,0.0385,0.0444,0.0385
india_bytedance_ban_2020,DGX,35,regulatory_sovereignty_shifts,0.0674,0.0932,,0.6852,regulatory_compliance_cost,0.0098,0.0342,0.0402,0.6852,0.0238,0.0468,0.0385,0.0385,0.0444,0.0385
india_bytedance_ban_2020,DHR,35,regulatory_sovereignty_shifts,0.056,0.1603,,0.6852,regulatory_compliance_cost,0.0098,0.0342,0.0402,0.6852,0.0238,0.0468,0.0385,0.0385,0.0444,0.0385
cfius_qualcomm_broadcom_block_2018,DHR,35,regulatory_sovereignty_shifts,-0.0299,-0.0303,,0.6852,regulatory_compliance_cost,0.0098,0.0342,0.0402,0.6852,0.0238,0.0468,0.0385,0.0385,0.0444,0.0385
japan_korea_trade_dispute_2019,DINO,10,trade_policy_actions,0.0703,-0.0221,,0.5369,procurement_supply_chain,0.5369,0.0498,0.0539,0.052,0.0369,0.057,0.0514,0.0514,0.0592,0.0514
australia_china_coal_ban_2020,DINO,10,trade_policy_actions,-0.0626,0.1911,,0.5369,procurement_supply_chain,0.5369,0.0498,0.0539,0.052,0.0369,0.057,0.0514,0.0514,0.0592,0.0514
china_gallium_germanium_export_controls_2023,DINO,10,resource_energy_disruptions,0.0465,0.2577,,0.5667,procurement_supply_chain,0.5667,0.058,0.0433,0.0534,0.0479,0.0517,0.0439,0.0439,0.0474,0.0439
indonesia_nickel_ban_2020,DINO,10,resource_energy_disruptions,-0.0503,-0.1457,,0.5667,procurement_supply_chain,0.5667,0.058,0.0433,0.0534,0.0479,0.0517,0.0439,0.0439,0.0474,0.0439
cfius_qualcomm_broadcom_block_2018,DIS,50,regulatory_sovereignty_shifts,-0.0351,-0.0543,,0.6852,regulatory_compliance_cost,0.0098,0.0342,0.0402,0.6852,0.0238,0.0468,0.0385,0.0385,0.0444,0.0385
boeing_737max_global_grounding_2019,DIS,50,regulatory_sovereignty_shifts,-0.0359,0.2029,,0.6852,regulatory_compliance_cost,0.0098,0.0342,0.0402,0.6852,0.0238,0.0468,0.0385,0.0385,0.0444,0.0385
china_tech_crackdown_2021,DNTH,35,regulatory_sovereignty_shifts,-0.0392,-0.1378,,0.6852,regulatory_compliance_cost,0.0098,0.0342,0.0402,0.6852,0.0238,0.0468,0.0385,0.0385,0.0444,0.0385
india_bytedance_ban_2020,DNTH,35,regulatory_sovereignty_shifts,0.19,-0.0418,,0.6852,regulatory_compliance_cost,0.0098,0.0342,0.0402,0.6852,0.0238,0.0468,0.0385,0.0385,0.0444,0.0385
boeing_737max_global_grounding_2019,DNTH,35,regulatory_sovereignty_shifts,0.2495,0.1416,,0.6852,regulatory_compliance_cost,0.0098,0.0342,0.0402,0.6852,0.0238,0.0468,0.0385,0.0385,0.0444,0.0385
xinjiang_cotton_ban_2021,DOW,15,trade_policy_actions,0.0306,0.1128,,0.5369,procurement_supply_chain,0.5369,0.0498,0.0539,0.052,0.0369,0.057,0.0514,0.0514,0.0592,0.0514
eu_china_ev_tariff_2024,DOW,15,trade_policy_actions,-0.0363,-0.0603,,0.5369,procurement_supply_chain,0.5369,0.0498,0.0539,0.052,0.0369,0.057,0.0514,0.0514,0.0592,0.0514
indonesia_nickel_ban_2020,DOW,15,resource_energy_disruptions,-0.0464,-0.1115,,0.5667,procurement_supply_chain,0.5667,0.058,0.0433,0.0534,0.0479,0.0517,0.0439,0.0439,0.0474,0.0439
russia_corporate_exit_2022,DSEEY,40,sanctions_financial_restrictions,0.0384,-0.1187,,0.6846,financial_treasury,0.0235,0.041,0.0366,0.0397,0.027,0.0386,0.0364,0.0364,0.6846,0.0364
boeing_737max_global_grounding_2019,DTEGY,50,regulatory_sovereignty_shifts,0.0487,0.0202,,0.6852,regulatory_compliance_cost,0.0098,0.0342,0.0402,0.6852,0.0238,0.0468,0.0385,0.0385,0.0444,0.0385
china_gallium_germanium_export_controls_2023,DTM,10,resource_energy_disruptions,0.0353,0.0345,,0.5667,procurement_supply_chain,0.5667,0.058,0.0433,0.0534,0.0479,0.0517,0.0439,0.0439,0.0474,0.0439
india_bytedance_ban_2020,DVA,35,regulatory_sovereignty_shifts,0.0619,0.0585,,0.6852,regulatory_compliance_cost,0.0098,0.0342,0.0402,0.6852,0.0238,0.0468,0.0385,0.0385,0.0444,0.0385
cfius_qualcomm_broadcom_block_2018,DVA,35,regulatory_sovereignty_shifts,-0.0533,-0.1302,,0.6852,regulatory_compliance_cost,0.0098,0.0342,0.0402,0.6852,0.0238,0.0468,0.0385,0.0385,0.0444,0.0385
japan_korea_trade_dispute_2019,DVN,10,trade_policy_actions,0.0411,-0.181,,0.5369,procurement_supply_chain,0.5369,0.0498,0.0539,0.052,0.0369,0.057,0.0514,0.0514,0.0592,0.0514
australia_china_coal_ban_2020,DVN,10,trade_policy_actions,-0.1014,0.4686,,0.5369,procurement_supply_chain,0.5369,0.0498,0.0539,0.052,0.0369,0.057,0.0514,0.0514,0.0592,0.0514
china_gallium_germanium_export_controls_2023,DVN,10,resource_energy_disruptions,0.0354,0.0074,,0.5667,procurement_supply_chain,0.5667,0.058,0.0433,0.0534,0.0479,0.0517,0.0439,0.0439,0.0474,0.0439
eu_data_privacy_gdpr_2018,DXCM,35,regulatory_sovereignty_shifts,0.062,0.1364,,0.6852,regulatory_compliance_cost,0.0098,0.0342,0.0402,0.6852,0.0238,0.0468,0.0385,0.0385,0.0444,0.0385
china_tech_crackdown_2021,DXCM,35,regulatory_sovereignty_shifts,0.1099,0.1974,,0.6852,regulatory_compliance_cost,0.0098,0.0342,0.0402,0.6852,0.0238,0.0468,0.0385,0.0385,0.0444,0.0385
india_bytedance_ban_2020,DXCM,35,regulatory_sovereignty_shifts,0.0695,0.0325,,0.6852,regulatory_compliance_cost,0.0098,0.0342,0.0402,0.6852,0.0238,0.0468,0.0385,0.0385,0.0444,0.0385
australia_china_coal_ban_2020,E,10,trade_policy_actions,-0.0567,0.241,,0.5369,procurement_supply_chain,0.5369,0.0498,0.0539,0.052,0.0369,0.057,0.0514,0.0514,0.0592,0.0514
ukraine_grain_crisis_2022,E,10,resource_energy_disruptions,0.0425,-0.1386,,0.5667,procurement_supply_chain,0.5667,0.058,0.0433,0.0534,0.0479,0.0517,0.0439,0.0439,0.0474,0.0439
india_bytedance_ban_2020,EA,50,regulatory_sovereignty_shifts,0.0313,0.0383,,0.6852,regulatory_compliance_cost,0.0098,0.0342,0.0402,0.6852,0.0238,0.0468,0.0385,0.0385,0.0444,0.0385
boeing_737max_global_grounding_2019,EA,50,regulatory_sovereignty_shifts,-0.031,-0.0714,,0.6852,regulatory_compliance_cost,0.0098,0.0342,0.0402,0.6852,0.0238,0.0468,0.0385,0.0385,0.0444,0.0385
japan_korea_trade_dispute_2019,EC,10,trade_policy_actions,0.0448,-0.1272,,0.5369,procurement_supply_chain,0.5369,0.0498,0.0539,0.052,0.0369,0.057,0.0514,0.0514,0.0592,0.0514
ukraine_grain_crisis_2022,EC,10,resource_energy_disruptions,-0.0469,-0.2219,,0.5667,procurement_supply_chain,0.5667,0.058,0.0433,0.0534,0.0479,0.0517,0.0439,0.0439,0.0474,0.0439
xinjiang_cotton_ban_2021,ECL,15,trade_policy_actions,0.0269,0.0961,,0.5369,procurement_supply_chain,0.5369,0.0498,0.0539,0.052,0.0369,0.057,0.0514,0.0514,0.0592,0.0514
russia_sanctions_2022,EG,40,sanctions_financial_restrictions,-0.0659,-0.0092,,0.6846,financial_treasury,0.0235,0.041,0.0366,0.0397,0.027,0.0386,0.0364,0.0364,0.6846,0.0364
russia_corporate_exit_2022,EG,40,sanctions_financial_restrictions,0.0486,0.1188,,0.6846,financial_treasury,0.0235,0.041,0.0366,0.0397,0.027,0.0386,0.0364,0.0364,0.6846,0.0364
japan_korea_trade_dispute_2019,EGO,15,trade_policy_actions,0.1202,0.3814,,0.5369,procurement_supply_chain,0.5369,0.0498,0.0539,0.052,0.0369,0.057,0.0514,0.0514,0.0592,0.0514
australia_china_coal_ban_2020,EGO,15,trade_policy_actions,0.0254,-0.0615,,0.5369,procurement_supply_chain,0.5369,0.0498,0.0539,0.052,0.0369,0.057,0.0514,0.0514,0.0592,0.0514
indonesia_nickel_ban_2020,EGO,15,resource_energy_disruptions,-0.0747,-0.1694,,0.5667,procurement_supply_chain,0.5667,0.058,0.0433,0.0534,0.0479,0.0517,0.0439,0.0439,0.0474,0.0439
ukraine_grain_crisis_2022,EGO,15,resource_energy_disruptions,0.0334,-0.1634,,0.5667,procurement_supply_chain,0.5667,0.058,0.0433,0.0534,0.0479,0.0517,0.0439,0.0439,0.0474,0.0439
eu_data_privacy_gdpr_2018,EHC,35,regulatory_sovereignty_shifts,0.0385,0.0979,,0.6852,regulatory_compliance_cost,0.0098,0.0342,0.0402,0.6852,0.0238,0.0468,0.0385,0.0385,0.0444,0.0385
china_tech_crackdown_2021,EHC,35,regulatory_sovereignty_shifts,0.0577,-0.0011,,0.6852,regulatory_compliance_cost,0.0098,0.0342,0.0402,0.6852,0.0238,0.0468,0.0385,0.0385,0.0444,0.0385
india_bytedance_ban_2020,EHC,35,regulatory_sovereignty_shifts,0.0275,0.0901,,0.6852,regulatory_compliance_cost,0.0098,0.0342,0.0402,0.6852,0.0238,0.0468,0.0385,0.0385,0.0444,0.0385
india_bytedance_ban_2020,ELAN,35,regulatory_sovereignty_shifts,0.0262,0.2105,,0.6852,regulatory_compliance_cost,0.0098,0.0342,0.0402,0.6852,0.0238,0.0468,0.0385,0.0385,0.0444,0.0385
boeing_737max_global_grounding_2019,ELAN,35,regulatory_sovereignty_shifts,0.0396,0.0256,,0.6852,regulatory_compliance_cost,0.0098,0.0342,0.0402,0.6852,0.0238,0.0468,0.0385,0.0385,0.0444,0.0385
eu_data_privacy_gdpr_2018,ELV,35,regulatory_sovereignty_shifts,-0.0308,0.0773,,0.6852,regulatory_compliance_cost,0.0098,0.0342,0.0402,0.6852,0.0238,0.0468,0.0385,0.0385,0.0444,0.0385
eu_china_ev_tariff_2024,EMN,15,trade_policy_actions,-0.0482,-0.0225,,0.5369,procurement_supply_chain,0.5369,0.0498,0.0539,0.052,0.0369,0.057,0.0514,0.0514,0.0592,0.0514
indonesia_nickel_ban_2020,EMN,15,resource_energy_disruptions,-0.0491,-0.0572,,0.5667,procurement_supply_chain,0.5667,0.058,0.0433,0.0534,0.0479,0.0517,0.0439,0.0439,0.0474,0.0439
eu_china_ev_tariff_2024,ENB,10,trade_policy_actions,-0.0252,0.0283,,0.5369,procurement_supply_chain,0.5369,0.0498,0.0539,0.052,0.0369,0.057,0.0514,0.0514,0.0592,0.0514
japan_korea_trade_dispute_2019,EOG,10,trade_policy_actions,0.0424,-0.1265,,0.5369,procurement_supply_chain,0.5369,0.0498,0.0539,0.052,0.0369,0.057,0.0514,0.0514,0.0592,0.0514
australia_china_coal_ban_2020,EOG,10,trade_policy_actions,-0.0433,0.3318,,0.5369,procurement_supply_chain,0.5369,0.0498,0.0539,0.052,0.0369,0.057,0.0514,0.0514,0.0592,0.0514
china_gallium_germanium_export_controls_2023,EOG,10,resource_energy_disruptions,0.0427,0.1335,,0.5667,procurement_supply_chain,0.5667,0.058,0.0433,0.0534,0.0479,0.0517,0.0439,0.0439,0.0474,0.0439
indonesia_nickel_ban_2020,EOG,10,resource_energy_disruptions,0.0536,-0.1026,,0.5667,procurement_supply_chain,0.5667,0.058,0.0433,0.0534,0.0479,0.0517,0.0439,0.0439,0.0474,0.0439
japan_korea_trade_dispute_2019,EPD,10,trade_policy_actions,0.0405,-0.0181,,0.5369,procurement_supply_chain,0.5369,0.0498,0.0539,0.052,0.0369,0.057,0.0514,0.0514,0.0592,0.0514
russia_sanctions_2022,EQH,40,sanctions_financial_restrictions,-0.0737,-0.0493,,0.6846,financial_treasury,0.0235,0.041,0.0366,0.0397,0.027,0.0386,0.0364,0.0364,0.6846,0.0364
russia_corporate_exit_2022,EQH,40,sanctions_financial_restrictions,0.0646,0.1278,,0.6846,financial_treasury,0.0235,0.041,0.0366,0.0397,0.027,0.0386,0.0364,0.0364,0.6846,0.0364
australia_china_coal_ban_2020,EQNR,10,trade_policy_actions,-0.0367,0.0739,,0.5369,procurement_supply_chain,0.5369,0.0498,0.0539,0.052,0.0369,0.057,0.0514,0.0514,0.0592,0.0514
indonesia_nickel_ban_2020,EQNR,10,resource_energy_disruptions,0.0382,-0.1236,,0.5667,procurement_supply_chain,0.5667,0.058,0.0433,0.0534,0.0479,0.0517,0.0439,0.0439,0.0474,0.0439
ukraine_grain_crisis_2022,EQNR,10,resource_energy_disruptions,0.0448,0.035,,0.5667,procurement_supply_chain,0.5667,0.058,0.0433,0.0534,0.0479,0.0517,0.0439,0.0439,0.0474,0.0439
japan_korea_trade_dispute_2019,EQT,10,trade_policy_actions,0.0505,-0.1773,,0.5369,procurement_supply_chain,0.5369,0.0498,0.0539,0.052,0.0369,0.057,0.0514,0.0514,0.0592,0.0514
australia_china_coal_ban_2020,EQT,10,trade_policy_actions,-0.0481,0.0006,,0.5369,procurement_supply_chain,0.5369,0.0498,0.0539,0.052,0.0369,0.057,0.0514,0.0514,0.0592,0.0514
xinjiang_cotton_ban_2021,EQT,10,trade_policy_actions,0.0593,0.0496,,0.5369,procurement_supply_chain,0.5369,0.0498,0.0539,0.052,0.0369,0.057,0.0514,0.0514,0.0592,0.0514
eu_china_ev_tariff_2024,EQT,10,trade_policy_actions,-0.0738,-0.1584,,0.5369,procurement_supply_chain,0.5369,0.0498,0.0539,0.052,0.0369,0.057,0.0514,0.0514,0.0592,0.0514
indonesia_nickel_ban_2020,EQT,10,resource_energy_disruptions,-0.1734,-0.5119,,0.5667,procurement_supply_chain,0.5667,0.058,0.0433,0.0534,0.0479,0.0517,0.0439,0.0439,0.0474,0.0439
ukraine_grain_crisis_2022,EQT,10,resource_energy_disruptions,0.1187,-0.0563,,0.5667,procurement_supply_chain,0.5667,0.058,0.0433,0.0534,0.0479,0.0517,0.0439,0.0439,0.0474,0.0439
japan_korea_trade_dispute_2019,EQX,15,trade_policy_actions,-0.0325,0.2256,,0.5369,procurement_supply_chain,0.5369,0.0498,0.0539,0.052,0.0369,0.057,0.0514,0.0514,0.0592,0.0514
xinjiang_cotton_ban_2021,EQX,15,trade_policy_actions,-0.0256,0.0329,,0.5369,procurement_supply_chain,0.5369,0.0498,0.0539,0.052,0.0369,0.057,0.0514,0.0514,0.0592,0.0514
eu_china_ev_tariff_2024,EQX,15,trade_policy_actions,0.0615,0.0385,,0.5369,procurement_supply_chain,0.5369,0.0498,0.0539,0.052,0.0369,0.057,0.0514,0.0514,0.0592,0.0514
ukraine_grain_crisis_2022,EQX,15,resource_energy_disruptions,0.0667,-0.113,,0.5667,procurement_supply_chain,0.5667,0.058,0.0433,0.0534,0.0479,0.0517,0.0439,0.0439,0.0474,0.0439
russia_sanctions_2022,ERIE,40,sanctions_financial_restrictions,-0.035,0.0525,,0.6846,financial_treasury,0.0235,0.041,0.0366,0.0397,0.027,0.0386,0.0364,0.0364,0.6846,0.0364
japan_korea_trade_dispute_2019,ESI,15,trade_policy_actions,-0.0631,-0.1348,,0.5369,procurement_supply_chain,0.5369,0.0498,0.0539,0.052,0.0369,0.057,0.0514,0.0514,0.0592,0.0514
russia_sanctions_2022,ESNT,40,sanctions_financial_restrictions,-0.0462,-0.0891,,0.6846,financial_treasury,0.0235,0.041,0.0366,0.0397,0.027,0.0386,0.0364,0.0364,0.6846,0.0364
russia_corporate_exit_2022,ESNT,40,sanctions_financial_restrictions,0.0622,0.1132,,0.6846,financial_treasury,0.0235,0.041,0.0366,0.0397,0.027,0.0386,0.0364,0.0364,0.6846,0.0364
australia_china_coal_ban_2020,ET,10,trade_policy_actions,-0.0281,0.0941,,0.5369,procurement_supply_chain,0.5369,0.0498,0.0539,0.052,0.0369,0.057,0.0514,0.0514,0.0592,0.0514
indonesia_nickel_ban_2020,ET,10,resource_energy_disruptions,0.0468,0.0152,,0.5667,procurement_supply_chain,0.5667,0.058,0.0433,0.0534,0.0479,0.0517,0.0439,0.0439,0.0474,0.0439
russia_sanctions_2022,EVR,40,sanctions_financial_restrictions,-0.0713,-0.1575,,0.6846,financial_treasury,0.0235,0.041,0.0366,0.0397,0.027,0.0386,0.0364,0.0364,0.6846,0.0364
russia_corporate_exit_2022,EVR,40,sanctions_financial_restrictions,0.0394,0.0576,,0.6846,financial_treasury,0.0235,0.041,0.0366,0.0397,0.027,0.0386,0.0364,0.0364,0.6846,0.0364
eu_data_privacy_gdpr_2018,EW,35,regulatory_sovereignty_shifts,0.0502,0.0816,,0.6852,regulatory_compliance_cost,0.0098,0.0342,0.0402,0.6852,0.0238,0.0468,0.0385,0.0385,0.0444,0.0385
china_tech_crackdown_2021,EW,35,regulatory_sovereignty_shifts,0.0355,0.1151,,0.6852,regulatory_compliance_cost,0.0098,0.0342,0.0402,0.6852,0.0238,0.0468,0.0385,0.0385,0.0444,0.0385
boeing_737max_global_grounding_2019,EW,35,regulatory_sovereignty_shifts,0.0618,-0.0039,,0.6852,regulatory_compliance_cost,0.0098,0.0342,0.0402,0.6852,0.0238,0.0468,0.0385,0.0385,0.0444,0.0385
russia_sanctions_2022,EWBC,40,sanctions_financial_restrictions,-0.1275,-0.14,,0.6846,financial_treasury,0.0235,0.041,0.0366,0.0397,0.027,0.0386,0.0364,0.0364,0.6846,0.0364
russia_corporate_exit_2022,EWBC,40,sanctions_financial_restrictions,0.0553,0.1109,,0.6846,financial_treasury,0.0235,0.041,0.0366,0.0397,0.027,0.0386,0.0364,0.0364,0.6846,0.0364
us_iran_sanctions_reimpose_2018,EWBC,40,sanctions_financial_restrictions,0.0307,0.0266,,0.6846,financial_treasury,0.0235,0.041,0.0366,0.0397,0.027,0.0386,0.0364,0.0364,0.6846,0.0364
xinjiang_cotton_ban_2021,EXE,10,trade_policy_actions,0.043,0.1421,,0.5369,procurement_supply_chain,0.5369,0.0498,0.0539,0.052,0.0369,0.057,0.0514,0.0514,0.0592,0.0514
eu_china_ev_tariff_2024,EXE,10,trade_policy_actions,-0.037,-0.1076,,0.5369,procurement_supply_chain,0.5369,0.0498,0.0539,0.052,0.0369,0.057,0.0514,0.0514,0.0592,0.0514
ukraine_grain_crisis_2022,EXE,10,resource_energy_disruptions,0.1054,0.0033,,0.5667,procurement_supply_chain,0.5667,0.058,0.0433,0.0534,0.0479,0.0517,0.0439,0.0439,0.0474,0.0439
eu_data_privacy_gdpr_2018,EXEL,35,regulatory_sovereignty_shifts,-0.0341,0.0245,,0.6852,regulatory_compliance_cost,0.0098,0.0342,0.0402,0.6852,0.0238,0.0468,0.0385,0.0385,0.0444,0.0385
china_tech_crackdown_2021,EXEL,35,regulatory_sovereignty_shifts,0.0299,0.1668,,0.6852,regulatory_compliance_cost,0.0098,0.0342,0.0402,0.6852,0.0238,0.0468,0.0385,0.0385,0.0444,0.0385
india_bytedance_ban_2020,EXEL,35,regulatory_sovereignty_shifts,0.0282,-0.0466,,0.6852,regulatory_compliance_cost,0.0098,0.0342,0.0402,0.6852,0.0238,0.0468,0.0385,0.0385,0.0444,0.0385
cfius_qualcomm_broadcom_block_2018,EXEL,35,regulatory_sovereignty_shifts,-0.0407,-0.1781,,0.6852,regulatory_compliance_cost,0.0098,0.0342,0.0402,0.6852,0.0238,0.0468,0.0385,0.0385,0.0444,0.0385
japan_korea_trade_dispute_2019,EXP,15,trade_policy_actions,-0.0453,-0.0915,,0.5369,procurement_supply_chain,0.5369,0.0498,0.0539,0.052,0.0369,0.057,0.0514,0.0514,0.0592,0.0514
xinjiang_cotton_ban_2021,EXP,15,trade_policy_actions,0.08,0.1604,,0.5369,procurement_supply_chain,0.5369,0.0498,0.0539,0.052,0.0369,0.057,0.0514,0.0514,0.0592,0.0514
eu_china_ev_tariff_2024,EXP,15,trade_policy_actions,-0.0531,0.0747,,0.5369,procurement_supply_chain,0.5369,0.0498,0.0539,0.052,0.0369,0.057,0.0514,0.0514,0.0592,0.0514
ukraine_grain_crisis_2022,EXP,15,resource_energy_disruptions,0.0268,-0.1033,,0.5667,procurement_supply_chain,0.5667,0.058,0.0433,0.0534,0.0479,0.0517,0.0439,0.0439,0.0474,0.0439
russia_corporate_exit_2022,FAF,40,sanctions_financial_restrictions,0.0426,-0.0461,,0.6846,financial_treasury,0.0235,0.041,0.0366,0.0397,0.027,0.0386,0.0364,0.0364,0.6846,0.0364
japan_korea_trade_dispute_2019,FANG,10,trade_policy_actions,0.0535,-0.0737,,0.5369,procurement_supply_chain,0.5369,0.0498,0.0539,0.052,0.0369,0.057,0.0514,0.0514,0.0592,0.0514
australia_china_coal_ban_2020,FANG,10,trade_policy_actions,-0.1013,0.4427,,0.5369,procurement_supply_chain,0.5369,0.0498,0.0539,0.052,0.0369,0.057,0.0514,0.0514,0.0592,0.0514
china_gallium_germanium_export_controls_2023,FANG,10,resource_energy_disruptions,0.0393,0.1235,,0.5667,procurement_supply_chain,0.5667,0.058,0.0433,0.0534,0.0479,0.0517,0.0439,0.0439,0.0474,0.0439
ukraine_grain_crisis_2022,FANG,10,resource_energy_disruptions,0.0366,-0.0685,,0.5667,procurement_supply_chain,0.5667,0.058,0.0433,0.0534,0.0479,0.0517,0.0439,0.0439,0.0474,0.0439
russia_sanctions_2022,FCFS,40,sanctions_financial_restrictions,-0.0713,-0.0211,,0.6846,financial_treasury,0.0235,0.041,0.0366,0.0397,0.027,0.0386,0.0364,0.0364,0.6846,0.0364
russia_corporate_exit_2022,FCFS,40,sanctions_financial_restrictions,0.1068,0.2464,,0.6846,financial_treasury,0.0235,0.041,0.0366,0.0397,0.027,0.0386,0.0364,0.0364,0.6846,0.0364
russia_sanctions_2022,FCNCA,40,sanctions_financial_restrictions,-0.0912,-0.189,,0.6846,financial_treasury,0.0235,0.041,0.0366,0.0397,0.027,0.0386,0.0364,0.0364,0.6846,0.0364
russia_corporate_exit_2022,FCNCA,40,sanctions_financial_restrictions,0.0939,-0.0127,,0.6846,financial_treasury,0.0235,0.041,0.0366,0.0397,0.027,0.0386,0.0364,0.0364,0.6846,0.0364
xinjiang_cotton_ban_2021,FCX,15,trade_policy_actions,0.0418,0.3339,,0.5369,procurement_supply_chain,0.5369,0.0498,0.0539,0.052,0.0369,0.057,0.0514,0.0514,0.0592,0.0514
china_gallium_germanium_export_controls_2023,FCX,15,resource_energy_disruptions,-0.0258,-0.0187,,0.5667,procurement_supply_chain,0.5667,0.058,0.0433,0.0534,0.0479,0.0517,0.0439,0.0439,0.0474,0.0439
ukraine_grain_crisis_2022,FCX,15,resource_energy_disruptions,0.091,-0.1383,,0.5667,procurement_supply_chain,0.5667,0.058,0.0433,0.0534,0.0479,0.0517,0.0439,0.0439,0.0474,0.0439
russia_sanctions_2022,FITB,40,sanctions_financial_restrictions,-0.0736,-0.1513,,0.6846,financial_treasury,0.0235,0.041,0.0366,0.0397,0.027,0.0386,0.0364,0.0364,0.6846,0.0364
russia_corporate_exit_2022,FITB,40,sanctions_financial_restrictions,0.0913,-0.0244,,0.6846,financial_treasury,0.0235,0.041,0.0366,0.0397,0.027,0.0386,0.0364,0.0364,0.6846,0.0364
us_iran_sanctions_reimpose_2018,FITB,40,sanctions_financial_restrictions,0.0366,-0.0722,,0.6846,financial_treasury,0.0235,0.041,0.0366,0.0397,0.027,0.0386,0.0364,0.0364,0.6846,0.0364
us_iran_sanctions_reimpose_2018,FLG,40,sanctions_financial_restrictions,0.0329,-0.0069,,0.6846,financial_treasury,0.0235,0.041,0.0366,0.0397,0.027,0.0386,0.0364,0.0364,0.6846,0.0364
china_tech_crackdown_2021,FMS,35,regulatory_sovereignty_shifts,-0.0591,-0.0456,,0.6852,regulatory_compliance_cost,0.0098,0.0342,0.0402,0.6852,0.0238,0.0468,0.0385,0.0385,0.0444,0.0385
cfius_qualcomm_broadcom_block_2018,FMS,35,regulatory_sovereignty_shifts,-0.0381,-0.0409,,0.6852,regulatory_compliance_cost,0.0098,0.0342,0.0402,0.6852,0.0238,0.0468,0.0385,0.0385,0.0444,0.0385
boeing_737max_global_grounding_2019,FMS,35,regulatory_sovereignty_shifts,0.0325,0.0175,,0.6852,regulatory_compliance_cost,0.0098,0.0342,0.0402,0.6852,0.0238,0.0468,0.0385,0.0385,0.0444,0.0385
russia_sanctions_2022,FNB,40,sanctions_financial_restrictions,-0.0473,-0.1015,,0.6846,financial_treasury,0.0235,0.041,0.0366,0.0397,0.027,0.0386,0.0364,0.0364,0.6846,0.0364
russia_corporate_exit_2022,FNB,40,sanctions_financial_restrictions,0.0355,0.0137,,0.6846,financial_treasury,0.0235,0.041,0.0366,0.0397,0.027,0.0386,0.0364,0.0364,0.6846,0.0364
us_iran_sanctions_reimpose_2018,FNB,40,sanctions_financial_restrictions,0.0274,0.078,,0.6846,financial_treasury,0.0235,0.041,0.0366,0.0397,0.027,0.0386,0.0364,0.0364,0.6846,0.0364
russia_corporate_exit_2022,FNF,40,sanctions_financial_restrictions,0.0614,-0.0466,,0.6846,financial_treasury,0.0235,0.041,0.0366,0.0397,0.027,0.0386,0.0364,0.0364,0.6846,0.0364
russia_corporate_exit_2022,FNMA,40,sanctions_financial_restrictions,-0.026,-0.013,,0.6846,financial_treasury,0.0235,0.041,0.0366,0.0397,0.027,0.0386,0.0364,0.0364,0.6846,0.0364
australia_china_coal_ban_2020,FNV,15,trade_policy_actions,-0.0389,-0.1121,,0.5369,procurement_supply_chain,0.5369,0.0498,0.0539,0.052,0.0369,0.057,0.0514,0.0514,0.0592,0.0514
xinjiang_cotton_ban_2021,FNV,15,trade_policy_actions,0.0255,0.196,,0.5369,procurement_supply_chain,0.5369,0.0498,0.0539,0.052,0.0369,0.057,0.0514,0.0514,0.0592,0.0514
ukraine_grain_crisis_2022,FNV,15,resource_energy_disruptions,0.0263,0.0077,,0.5667,procurement_supply_chain,0.5667,0.058,0.0433,0.0534,0.0479,0.0517,0.0439,0.0439,0.0474,0.0439
india_bytedance_ban_2020,FOXA,50,regulatory_sovereignty_shifts,-0.045,-0.0833,,0.6852,regulatory_compliance_cost,0.0098,0.0342,0.0402,0.6852,0.0238,0.0468,0.0385,0.0385,0.0444,0.0385
boeing_737max_global_grounding_2019,FOXA,50,regulatory_sovereignty_shifts,-0.0284,-0.0403,,0.6852,regulatory_compliance_cost,0.0098,0.0342,0.0402,0.6852,0.0238,0.0468,0.0385,0.0385,0.0444,0.0385
russia_sanctions_2022,FRFHF,40,sanctions_financial_restrictions,-0.0525,0.1219,,0.6846,financial_treasury,0.0235,0.041,0.0366,0.0397,0.027,0.0386,0.0364,0.0364,0.6846,0.0364
russia_corporate_exit_2022,FRFHF,40,sanctions_financial_restrictions,0.032,0.2388,,0.6846,financial_treasury,0.0235,0.041,0.0366,0.0397,0.027,0.0386,0.0364,0.0364,0.6846,0.0364
russia_sanctions_2022,FRHC,40,sanctions_financial_restrictions,-0.026,-0.0847,,0.6846,financial_treasury,0.0235,0.041,0.0366,0.0397,0.027,0.0386,0.0364,0.0364,0.6846,0.0364
us_iran_sanctions_reimpose_2018,FRHC,40,sanctions_financial_restrictions,0.0385,0.1692,,0.6846,financial_treasury,0.0235,0.041,0.0366,0.0397,0.027,0.0386,0.0364,0.0364,0.6846,0.0364
australia_china_coal_ban_2020,FRO,10,trade_policy_actions,-0.028,0.0677,,0.5369,procurement_supply_chain,0.5369,0.0498,0.0539,0.052,0.0369,0.057,0.0514,0.0514,0.0592,0.0514
xinjiang_cotton_ban_2021,FRO,10,trade_policy_actions,-0.039,0.0497,,0.5369,procurement_supply_chain,0.5369,0.0498,0.0539,0.052,0.0369,0.057,0.0514,0.0514,0.0592,0.0514
china_gallium_germanium_export_controls_2023,FRO,10,resource_energy_disruptions,0.0753,0.213,,0.5667,procurement_supply_chain,0.5667,0.058,0.0433,0.0534,0.0479,0.0517,0.0439,0.0439,0.0474,0.0439
ukraine_grain_crisis_2022,FRO,10,resource_energy_disruptions,0.049,0.0641,,0.5667,procurement_supply_chain,0.5667,0.058,0.0433,0.0534,0.0479,0.0517,0.0439,0.0439,0.0474,0.0439
china_tech_crackdown_2021,FSNUY,35,regulatory_sovereignty_shifts,-0.0311,-0.0444,,0.6852,regulatory_compliance_cost,0.0098,0.0342,0.0402,0.6852,0.0238,0.0468,0.0385,0.0385,0.0444,0.0385
cfius_qualcomm_broadcom_block_2018,FSNUY,35,regulatory_sovereignty_shifts,-0.0434,-0.0444,,0.6852,regulatory_compliance_cost,0.0098,0.0342,0.0402,0.6852,0.0238,0.0468,0.0385,0.0385,0.0444,0.0385
japan_korea_trade_dispute_2019,FTI,10,trade_policy_actions,0.0255,-0.0549,,0.5369,procurement_supply_chain,0.5369,0.0498,0.0539,0.052,0.0369,0.057,0.0514,0.0514,0.0592,0.0514
china_gallium_germanium_export_controls_2023,FTI,10,resource_energy_disruptions,0.0781,0.0864,,0.5667,procurement_supply_chain,0.5667,0.058,0.0433,0.0534,0.0479,0.0517,0.0439,0.0439,0.0474,0.0439
indonesia_nickel_ban_2020,FTI,10,resource_energy_disruptions,-0.0275,-0.195,,0.5667,procurement_supply_chain,0.5667,0.058,0.0433,0.0534,0.0479,0.0517,0.0439,0.0439,0.0474,0.0439
ukraine_grain_crisis_2022,FTI,10,resource_energy_disruptions,0.0513,-0.0789,,0.5667,procurement_supply_chain,0.5667,0.058,0.0433,0.0534,0.0479,0.0517,0.0439,0.0439,0.0474,0.0439
russia_sanctions_2022,FUTU,40,sanctions_financial_restrictions,-0.1907,-0.141,,0.6846,financial_treasury,0.0235,0.041,0.0366,0.0397,0.027,0.0386,0.0364,0.0364,0.6846,0.0364
russia_corporate_exit_2022,FUTU,40,sanctions_financial_restrictions,-0.1779,0.0401,,0.6846,financial_treasury,0.0235,0.041,0.0366,0.0397,0.027,0.0386,0.0364,0.0364,0.6846,0.0364
cfius_qualcomm_broadcom_block_2018,FWONA,50,regulatory_sovereignty_shifts,-0.0562,-0.0777,,0.6852,regulatory_compliance_cost,0.0098,0.0342,0.0402,0.6852,0.0238,0.0468,0.0385,0.0385,0.0444,0.0385
russia_sanctions_2022,GBCI,40,sanctions_financial_restrictions,-0.0277,-0.1383,,0.6846,financial_treasury,0.0235,0.041,0.0366,0.0397,0.027,0.0386,0.0364,0.0364,0.6846,0.0364
australia_china_coal_ban_2020,GFI,15,trade_policy_actions,-0.0612,-0.2897,,0.5369,procurement_supply_chain,0.5369,0.0498,0.0539,0.052,0.0369,0.057,0.0514,0.0514,0.0592,0.0514
xinjiang_cotton_ban_2021,GFI,15,trade_policy_actions,0.0521,0.1042,,0.5369,procurement_supply_chain,0.5369,0.0498,0.0539,0.052,0.0369,0.057,0.0514,0.0514,0.0592,0.0514
eu_china_ev_tariff_2024,GFI,15,trade_policy_actions,-0.077,0.0303,,0.5369,procurement_supply_chain,0.5369,0.0498,0.0539,0.052,0.0369,0.057,0.0514,0.0514,0.0592,0.0514
indonesia_nickel_ban_2020,GFI,15,resource_energy_disruptions,-0.0758,-0.0758,,0.5667,procurement_supply_chain,0.5667,0.058,0.0433,0.0534,0.0479,0.0517,0.0439,0.0439,0.0474,0.0439
russia_sanctions_2022,GGAL,40,sanctions_financial_restrictions,-0.0303,0.0415,,0.6846,financial_treasury,0.0235,0.041,0.0366,0.0397,0.027,0.0386,0.0364,0.0364,0.6846,0.0364
russia_corporate_exit_2022,GGAL,40,sanctions_financial_restrictions,0.0586,0.0704,,0.6846,financial_treasury,0.0235,0.041,0.0366,0.0397,0.027,0.0386,0.0364,0.0364,0.6846,0.0364
japan_korea_trade_dispute_2019,GGB,15,trade_policy_actions,0.0346,-0.1729,,0.5369,procurement_supply_chain,0.5369,0.0498,0.0539,0.052,0.0369,0.057,0.0514,0.0514,0.0592,0.0514
xinjiang_cotton_ban_2021,GGB,15,trade_policy_actions,0.1314,0.4513,,0.5369,procurement_supply_chain,0.5369,0.0498,0.0539,0.052,0.0369,0.057,0.0514,0.0514,0.0592,0.0514
ukraine_grain_crisis_2022,GGB,15,resource_energy_disruptions,0.0968,-0.1829,,0.5667,procurement_supply_chain,0.5667,0.058,0.0433,0.0534,0.0479,0.0517,0.0439,0.0439,0.0474,0.0439
china_tech_crackdown_2021,GH,35,regulatory_sovereignty_shifts,-0.0544,0.1103,,0.6852,regulatory_compliance_cost,0.0098,0.0342,0.0402,0.6852,0.0238,0.0468,0.0385,0.0385,0.0444,0.0385
india_bytedance_ban_2020,GH,35,regulatory_sovereignty_shifts,0.066,0.0203,,0.6852,regulatory_compliance_cost,0.0098,0.0342,0.0402,0.6852,0.0238,0.0468,0.0385,0.0385,0.0444,0.0385
boeing_737max_global_grounding_2019,GH,35,regulatory_sovereignty_shifts,-0.0674,-0.3078,,0.6852,regulatory_compliance_cost,0.0098,0.0342,0.0402,0.6852,0.0238,0.0468,0.0385,0.0385,0.0444,0.0385
eu_data_privacy_gdpr_2018,GILD,35,regulatory_sovereignty_shifts,0.042,0.1482,,0.6852,regulatory_compliance_cost,0.0098,0.0342,0.0402,0.6852,0.0238,0.0468,0.0385,0.0385,0.0444,0.0385
cfius_qualcomm_broadcom_block_2018,GILD,35,regulatory_sovereignty_shifts,-0.0411,-0.0965,,0.6852,regulatory_compliance_cost,0.0098,0.0342,0.0402,0.6852,0.0238,0.0468,0.0385,0.0385,0.0444,0.0385
eu_data_privacy_gdpr_2018,GKOS,35,regulatory_sovereignty_shifts,0.0279,0.1033,,0.6852,regulatory_compliance_cost,0.0098,0.0342,0.0402,0.6852,0.0238,0.0468,0.0385,0.0385,0.0444,0.0385
cfius_qualcomm_broadcom_block_2018,GKOS,35,regulatory_sovereignty_shifts,0.0315,-0.0365,,0.6852,regulatory_compliance_cost,0.0098,0.0342,0.0402,0.6852,0.0238,0.0468,0.0385,0.0385,0.0444,0.0385
boeing_737max_global_grounding_2019,GKOS,35,regulatory_sovereignty_shifts,0.0856,-0.0003,,0.6852,regulatory_compliance_cost,0.0098,0.0342,0.0402,0.6852,0.0238,0.0468,0.0385,0.0385,0.0444,0.0385
russia_sanctions_2022,GL,40,sanctions_financial_restrictions,-0.0615,-0.0079,,0.6846,financial_treasury,0.0235,0.041,0.0366,0.0397,0.027,0.0386,0.0364,0.0364,0.6846,0.0364
russia_corporate_exit_2022,GL,40,sanctions_financial_restrictions,0.0325,0.1155,,0.6846,financial_treasury,0.0235,0.041,0.0366,0.0397,0.027,0.0386,0.0364,0.0364,0.6846,0.0364
japan_korea_trade_dispute_2019,GLNG,10,trade_policy_actions,0.0369,-0.2736,,0.5369,procurement_supply_chain,0.5369,0.0498,0.0539,0.052,0.0369,0.057,0.0514,0.0514,0.0592,0.0514
australia_china_coal_ban_2020,GLNG,10,trade_policy_actions,0.1023,0.3432,,0.5369,procurement_supply_chain,0.5369,0.0498,0.0539,0.052,0.0369,0.057,0.0514,0.0514,0.0592,0.0514
xinjiang_cotton_ban_2021,GLNG,10,trade_policy_actions,-0.075,0.0136,,0.5369,procurement_supply_chain,0.5369,0.0498,0.0539,0.052,0.0369,0.057,0.0514,0.0514,0.0592,0.0514
china_gallium_germanium_export_controls_2023,GLNG,10,resource_energy_disruptions,0.1416,0.1162,,0.5667,procurement_supply_chain,0.5667,0.058,0.0433,0.0534,0.0479,0.0517,0.0439,0.0439,0.0474,0.0439
indonesia_nickel_ban_2020,GLNG,10,resource_energy_disruptions,0.0281,-0.2405,,0.5667,procurement_supply_chain,0.5667,0.058,0.0433,0.0534,0.0479,0.0517,0.0439,0.0439,0.0474,0.0439
eu_data_privacy_gdpr_2018,GMAB,35,regulatory_sovereignty_shifts,-0.172,-0.1161,,0.6852,regulatory_compliance_cost,0.0098,0.0342,0.0402,0.6852,0.0238,0.0468,0.0385,0.0385,0.0444,0.0385
india_bytedance_ban_2020,GMAB,35,regulatory_sovereignty_shifts,0.0536,0.0993,,0.6852,regulatory_compliance_cost,0.0098,0.0342,0.0402,0.6852,0.0238,0.0468,0.0385,0.0385,0.0444,0.0385
boeing_737max_global_grounding_2019,GMAB,35,regulatory_sovereignty_shifts,0.0284,-0.0417,,0.6852,regulatory_compliance_cost,0.0098,0.0342,0.0402,0.6852,0.0238,0.0468,0.0385,0.0385,0.0444,0.0385
eu_data_privacy_gdpr_2018,GMED,35,regulatory_sovereignty_shifts,0.031,-0.0584,,0.6852,regulatory_compliance_cost,0.0098,0.0342,0.0402,0.6852,0.0238,0.0468,0.0385,0.0385,0.0444,0.0385
india_bytedance_ban_2020,GMED,35,regulatory_sovereignty_shifts,-0.0451,0.1405,,0.6852,regulatory_compliance_cost,0.0098,0.0342,0.0402,0.6852,0.0238,0.0468,0.0385,0.0385,0.0444,0.0385
boeing_737max_global_grounding_2019,GMED,35,regulatory_sovereignty_shifts,0.0429,-0.0076,,0.6852,regulatory_compliance_cost,0.0098,0.0342,0.0402,0.6852,0.0238,0.0468,0.0385,0.0385,0.0444,0.0385
russia_sanctions_2022,GOLD,40,sanctions_financial_restrictions,0.0746,0.0988,,0.6846,financial_treasury,0.0235,0.041,0.0366,0.0397,0.027,0.0386,0.0364,0.0364,0.6846,0.0364
russia_corporate_exit_2022,GOLD,40,sanctions_financial_restrictions,-0.032,0.2354,,0.6846,financial_treasury,0.0235,0.041,0.0366,0.0397,0.027,0.0386,0.0364,0.0364,0.6846,0.0364
eu_data_privacy_gdpr_2018,GOOGL,50,regulatory_sovereignty_shifts,0.0636,0.0766,,0.6852,regulatory_compliance_cost,0.0098,0.0342,0.0402,0.6852,0.0238,0.0468,0.0385,0.0385,0.0444,0.0385
india_bytedance_ban_2020,GOOGL,50,regulatory_sovereignty_shifts,0.0664,0.0597,,0.6852,regulatory_compliance_cost,0.0098,0.0342,0.0402,0.6852,0.0238,0.0468,0.0385,0.0385,0.0444,0.0385
cfius_qualcomm_broadcom_block_2018,GOOGL,50,regulatory_sovereignty_shifts,-0.0565,-0.1229,,0.6852,regulatory_compliance_cost,0.0098,0.0342,0.0402,0.6852,0.0238,0.0468,0.0385,0.0385,0.0444,0.0385
eu_data_privacy_gdpr_2018,GRFS,35,regulatory_sovereignty_shifts,0.0253,-0.0341,,0.6852,regulatory_compliance_cost,0.0098,0.0342,0.0402,0.6852,0.0238,0.0468,0.0385,0.0385,0.0444,0.0385
cfius_qualcomm_broadcom_block_2018,GRFS,35,regulatory_sovereignty_shifts,-0.0427,-0.0671,,0.6852,regulatory_compliance_cost,0.0098,0.0342,0.0402,0.6852,0.0238,0.0468,0.0385,0.0385,0.0444,0.0385
russia_sanctions_2022,GS,40,sanctions_financial_restrictions,-0.0529,-0.0766,,0.6846,financial_treasury,0.0235,0.041,0.0366,0.0397,0.027,0.0386,0.0364,0.0364,0.6846,0.0364
china_tech_crackdown_2021,GSAT,50,regulatory_sovereignty_shifts,-0.035,0.4476,,0.6852,regulatory_compliance_cost,0.0098,0.0342,0.0402,0.6852,0.0238,0.0468,0.0385,0.0385,0.0444,0.0385
india_bytedance_ban_2020,GSAT,50,regulatory_sovereignty_shifts,0.1935,0.2258,,0.6852,regulatory_compliance_cost,0.0098,0.0342,0.0402,0.6852,0.0238,0.0468,0.0385,0.0385,0.0444,0.0385
cfius_qualcomm_broadcom_block_2018,GSAT,50,regulatory_sovereignty_shifts,-0.1591,-0.1705,,0.6852,regulatory_compliance_cost,0.0098,0.0342,0.0402,0.6852,0.0238,0.0468,0.0385,0.0385,0.0444,0.0385
boeing_737max_global_grounding_2019,GSAT,50,regulatory_sovereignty_shifts,0.0465,0.186,,0.6852,regulatory_compliance_cost,0.0098,0.0342,0.0402,0.6852,0.0238,0.0468,0.0385,0.0385,0.0444,0.0385
russia_sanctions_2022,GWLIF,40,sanctions_financial_restrictions,-0.029,-0.0019,,0.6846,financial_treasury,0.0235,0.041,0.0366,0.0397,0.027,0.0386,0.0364,0.0364,0.6846,0.0364
japan_korea_trade_dispute_2019,HAL,10,trade_policy_actions,0.0398,-0.1738,,0.5369,procurement_supply_chain,0.5369,0.0498,0.0539,0.052,0.0369,0.057,0.0514,0.0514,0.0592,0.0514
australia_china_coal_ban_2020,HAL,10,trade_policy_actions,-0.044,0.3606,,0.5369,procurement_supply_chain,0.5369,0.0498,0.0539,0.052,0.0369,0.057,0.0514,0.0514,0.0592,0.0514
eu_china_ev_tariff_2024,HAL,10,trade_policy_actions,-0.0356,-0.0046,,0.5369,procurement_supply_chain,0.5369,0.0498,0.0539,0.052,0.0369,0.057,0.0514,0.0514,0.0592,0.0514
china_gallium_germanium_export_controls_2023,HAL,10,resource_energy_disruptions,0.1157,0.1742,,0.5667,procurement_supply_chain,0.5667,0.058,0.0433,0.0534,0.0479,0.0517,0.0439,0.0439,0.0474,0.0439
china_tech_crackdown_2021,HALO,35,regulatory_sovereignty_shifts,-0.0546,0.0014,,0.6852,regulatory_compliance_cost,0.0098,0.0342,0.0402,0.6852,0.0238,0.0468,0.0385,0.0385,0.0444,0.0385
india_bytedance_ban_2020,HALO,35,regulatory_sovereignty_shifts,0.0763,0.0922,,0.6852,regulatory_compliance_cost,0.0098,0.0342,0.0402,0.6852,0.0238,0.0468,0.0385,0.0385,0.0444,0.0385
russia_sanctions_2022,HASI,40,sanctions_financial_restrictions,0.0543,-0.0732,,0.6846,financial_treasury,0.0235,0.041,0.0366,0.0397,0.027,0.0386,0.0364,0.0364,0.6846,0.0364
russia_corporate_exit_2022,HASI,40,sanctions_financial_restrictions,-0.1114,-0.1459,,0.6846,financial_treasury,0.0235,0.041,0.0366,0.0397,0.027,0.0386,0.0364,0.0364,0.6846,0.0364
russia_sanctions_2022,HBAN,40,sanctions_financial_restrictions,-0.052,-0.1047,,0.6846,financial_treasury,0.0235,0.041,0.0366,0.0397,0.027,0.0386,0.0364,0.0364,0.6846,0.0364
russia_corporate_exit_2022,HBAN,40,sanctions_financial_restrictions,0.055,0.0137,,0.6846,financial_treasury,0.0235,0.041,0.0366,0.0397,0.027,0.0386,0.0364,0.0364,0.6846,0.0364
japan_korea_trade_dispute_2019,HBM,15,trade_policy_actions,-0.0875,-0.3911,,0.5369,procurement_supply_chain,0.5369,0.0498,0.0539,0.052,0.0369,0.057,0.0514,0.0514,0.0592,0.0514
australia_china_coal_ban_2020,HBM,15,trade_policy_actions,0.044,0.4028,,0.5369,procurement_supply_chain,0.5369,0.0498,0.0539,0.052,0.0369,0.057,0.0514,0.0514,0.0592,0.0514
xinjiang_cotton_ban_2021,HBM,15,trade_policy_actions,0.1171,0.4049,,0.5369,procurement_supply_chain,0.5369,0.0498,0.0539,0.052,0.0369,0.057,0.0514,0.0514,0.0592,0.0514
indonesia_nickel_ban_2020,HBM,15,resource_energy_disruptions,-0.1012,-0.2506,,0.5667,procurement_supply_chain,0.5667,0.058,0.0433,0.0534,0.0479,0.0517,0.0439,0.0439,0.0474,0.0439
ukraine_grain_crisis_2022,HBM,15,resource_energy_disruptions,0.0776,-0.2237,,0.5667,procurement_supply_chain,0.5667,0.058,0.0433,0.0534,0.0479,0.0517,0.0439,0.0439,0.0474,0.0439
boeing_737max_global_grounding_2019,HCA,35,regulatory_sovereignty_shifts,0.0326,-0.0479,,0.6852,regulatory_compliance_cost,0.0098,0.0342,0.0402,0.6852,0.0238,0.0468,0.0385,0.0385,0.0444,0.0385
russia_sanctions_2022,HDB,40,sanctions_financial_restrictions,-0.1395,-0.0511,,0.6846,financial_treasury,0.0235,0.041,0.0366,0.0397,0.027,0.0386,0.0364,0.0364,0.6846,0.0364
russia_corporate_exit_2022,HDB,40,sanctions_financial_restrictions,0.088,0.0109,,0.6846,financial_treasury,0.0235,0.041,0.0366,0.0397,0.027,0.0386,0.0364,0.0364,0.6846,0.0364
us_iran_sanctions_reimpose_2018,HDB,40,sanctions_financial_restrictions,0.0507,0.1168,,0.6846,financial_treasury,0.0235,0.041,0.0366,0.0397,0.027,0.0386,0.0364,0.0364,0.6846,0.0364
japan_korea_trade_dispute_2019,HESM,10,trade_policy_actions,0.0583,-0.0481,,0.5369,procurement_supply_chain,0.5369,0.0498,0.0539,0.052,0.0369,0.057,0.0514,0.0514,0.0592,0.0514
xinjiang_cotton_ban_2021,HESM,10,trade_policy_actions,0.0852,0.0997,,0.5369,procurement_supply_chain,0.5369,0.0498,0.0539,0.052,0.0369,0.057,0.0514,0.0514,0.0592,0.0514
eu_china_ev_tariff_2024,HESM,10,trade_policy_actions,0.0265,0.0651,,0.5369,procurement_supply_chain,0.5369,0.0498,0.0539,0.052,0.0369,0.057,0.0514,0.0514,0.0592,0.0514
indonesia_nickel_ban_2020,HESM,10,resource_energy_disruptions,0.0692,-0.0566,,0.5667,procurement_supply_chain,0.5667,0.058,0.0433,0.0534,0.0479,0.0517,0.0439,0.0439,0.0474,0.0439
russia_sanctions_2022,HIG,40,sanctions_financial_restrictions,-0.041,0.0537,,0.6846,financial_treasury,0.0235,0.041,0.0366,0.0397,0.027,0.0386,0.0364,0.0364,0.6846,0.0364
russia_corporate_exit_2022,HIG,40,sanctions_financial_restrictions,0.0329,0.1324,,0.6846,financial_treasury,0.0235,0.041,0.0366,0.0397,0.027,0.0386,0.0364,0.0364,0.6846,0.0364
china_tech_crackdown_2021,HIMS,35,regulatory_sovereignty_shifts,-0.0616,0.0,,0.6852,regulatory_compliance_cost,0.0098,0.0342,0.0402,0.6852,0.0238,0.0468,0.0385,0.0385,0.0444,0.0385
australia_china_coal_ban_2020,HL,15,trade_policy_actions,-0.0686,-0.1177,,0.5369,procurement_supply_chain,0.5369,0.0498,0.0539,0.052,0.0369,0.057,0.0514,0.0514,0.0592,0.0514
indonesia_nickel_ban_2020,HL,15,resource_energy_disruptions,-0.0944,-0.1386,,0.5667,procurement_supply_chain,0.5667,0.058,0.0433,0.0534,0.0479,0.0517,0.0439,0.0439,0.0474,0.0439
ukraine_grain_crisis_2022,HL,15,resource_energy_disruptions,0.0442,-0.0873,,0.5667,procurement_supply_chain,0.5667,0.058,0.0433,0.0534,0.0479,0.0517,0.0439,0.0439,0.0474,0.0439
russia_sanctions_2022,HLI,40,sanctions_financial_restrictions,-0.0313,-0.1955,,0.6846,financial_treasury,0.0235,0.041,0.0366,0.0397,0.027,0.0386,0.0364,0.0364,0.6846,0.0364
russia_corporate_exit_2022,HLI,40,sanctions_financial_restrictions,0.0289,-0.0748,,0.6846,financial_treasury,0.0235,0.041,0.0366,0.0397,0.027,0.0386,0.0364,0.0364,0.6846,0.0364
us_iran_sanctions_reimpose_2018,HLI,40,sanctions_financial_restrictions,0.0587,0.1309,,0.6846,financial_treasury,0.0235,0.041,0.0366,0.0397,0.027,0.0386,0.0364,0.0364,0.6846,0.0364
japan_korea_trade_dispute_2019,HMY,15,trade_policy_actions,0.0578,0.32,,0.5369,procurement_supply_chain,0.5369,0.0498,0.0539,0.052,0.0369,0.057,0.0514,0.0514,0.0592,0.0514
australia_china_coal_ban_2020,HMY,15,trade_policy_actions,-0.0615,-0.2615,,0.5369,procurement_supply_chain,0.5369,0.0498,0.0539,0.052,0.0369,0.057,0.0514,0.0514,0.0592,0.0514
xinjiang_cotton_ban_2021,HMY,15,trade_policy_actions,0.0686,0.209,,0.5369,procurement_supply_chain,0.5369,0.0498,0.0539,0.052,0.0369,0.057,0.0514,0.0514,0.0592,0.0514
eu_china_ev_tariff_2024,HMY,15,trade_policy_actions,0.0764,0.0525,,0.5369,procurement_supply_chain,0.5369,0.0498,0.0539,0.052,0.0369,0.057,0.0514,0.0514,0.0592,0.0514
china_gallium_germanium_export_controls_2023,HMY,15,resource_energy_disruptions,-0.0467,-0.0958,,0.5667,procurement_supply_chain,0.5667,0.058,0.0433,0.0534,0.0479,0.0517,0.0439,0.0439,0.0474,0.0439
russia_sanctions_2022,HOMB,40,sanctions_financial_restrictions,-0.0563,-0.0796,,0.6846,financial_treasury,0.0235,0.041,0.0366,0.0397,0.027,0.0386,0.0364,0.0364,0.6846,0.0364
russia_corporate_exit_2022,HOMB,40,sanctions_financial_restrictions,0.0612,0.0732,,0.6846,financial_treasury,0.0235,0.041,0.0366,0.0397,0.027,0.0386,0.0364,0.0364,0.6846,0.0364
russia_sanctions_2022,HOOD,40,sanctions_financial_restrictions,-0.056,-0.0319,,0.6846,financial_treasury,0.0235,0.041,0.0366,0.0397,0.027,0.0386,0.0364,0.0364,0.6846,0.0364
russia_corporate_exit_2022,HOOD,40,sanctions_financial_restrictions,-0.0604,-0.0885,,0.6846,financial_treasury,0.0235,0.041,0.0366,0.0397,0.027,0.0386,0.0364,0.0364,0.6846,0.0364
russia_sanctions_2022,HSBC,40,sanctions_financial_restrictions,-0.139,-0.0206,,0.6846,financial_treasury,0.0235,0.041,0.0366,0.0397,0.027,0.0386,0.0364,0.0364,0.6846,0.0364
russia_corporate_exit_2022,HSBC,40,sanctions_financial_restrictions,0.0347,0.1468,,0.6846,financial_treasury,0.0235,0.041,0.0366,0.0397,0.027,0.0386,0.0364,0.0364,0.6846,0.0364
us_iran_sanctions_reimpose_2018,HSBC,40,sanctions_financial_restrictions,0.0321,0.0021,,0.6846,financial_treasury,0.0235,0.041,0.0366,0.0397,0.027,0.0386,0.0364,0.0364,0.6846,0.0364
china_tech_crackdown_2021,HSIC,35,regulatory_sovereignty_shifts,0.05,0.0158,,0.6852,regulatory_compliance_cost,0.0098,0.0342,0.0402,0.6852,0.0238,0.0468,0.0385,0.0385,0.0444,0.0385
china_tech_crackdown_2021,HUM,35,regulatory_sovereignty_shifts,-0.0884,-0.122,,0.6852,regulatory_compliance_cost,0.0098,0.0342,0.0402,0.6852,0.0238,0.0468,0.0385,0.0385,0.0444,0.0385
india_bytedance_ban_2020,HUM,35,regulatory_sovereignty_shifts,0.0325,0.096,,0.6852,regulatory_compliance_cost,0.0098,0.0342,0.0402,0.6852,0.0238,0.0468,0.0385,0.0385,0.0444,0.0385
boeing_737max_global_grounding_2019,HUM,35,regulatory_sovereignty_shifts,-0.0273,-0.1083,,0.6852,regulatory_compliance_cost,0.0098,0.0342,0.0402,0.6852,0.0238,0.0468,0.0385,0.0385,0.0444,0.0385
russia_sanctions_2022,HUT,40,sanctions_financial_restrictions,-0.0732,-0.1829,,0.6846,financial_treasury,0.0235,0.041,0.0366,0.0397,0.027,0.0386,0.0364,0.0364,0.6846,0.0364
russia_corporate_exit_2022,HUT,40,sanctions_financial_restrictions,-0.0531,-0.1437,,0.6846,financial_treasury,0.0235,0.041,0.0366,0.0397,0.027,0.0386,0.0364,0.0364,0.6846,0.0364
russia_sanctions_2022,HWC,40,sanctions_financial_restrictions,-0.0446,-0.1188,,0.6846,financial_treasury,0.0235,0.041,0.0366,0.0397,0.027,0.0386,0.0364,0.0364,0.6846,0.0364
russia_corporate_exit_2022,HWC,40,sanctions_financial_restrictions,0.0412,-0.0216,,0.6846,financial_treasury,0.0235,0.041,0.0366,0.0397,0.027,0.0386,0.0364,0.0364,0.6846,0.0364
japan_korea_trade_dispute_2019,IAG,15,trade_policy_actions,0.035,-0.035,,0.5369,procurement_supply_chain,0.5369,0.0498,0.0539,0.052,0.0369,0.057,0.0514,0.0514,0.0592,0.0514
australia_china_coal_ban_2020,IAG,15,trade_policy_actions,-0.0793,-0.2115,,0.5369,procurement_supply_chain,0.5369,0.0498,0.0539,0.052,0.0369,0.057,0.0514,0.0514,0.0592,0.0514
eu_china_ev_tariff_2024,IAG,15,trade_policy_actions,0.0522,0.0769,,0.5369,procurement_supply_chain,0.5369,0.0498,0.0539,0.052,0.0369,0.057,0.0514,0.0514,0.0592,0.0514
indonesia_nickel_ban_2020,IAG,15,resource_energy_disruptions,-0.0965,-0.2038,,0.5667,procurement_supply_chain,0.5667,0.058,0.0433,0.0534,0.0479,0.0517,0.0439,0.0439,0.0474,0.0439
ukraine_grain_crisis_2022,IAG,15,resource_energy_disruptions,0.0275,-0.211,,0.5667,procurement_supply_chain,0.5667,0.058,0.0433,0.0534,0.0479,0.0517,0.0439,0.0439,0.0474,0.0439
russia_sanctions_2022,IBKR,40,sanctions_financial_restrictions,-0.1426,-0.0522,,0.6846,financial_treasury,0.0235,0.041,0.0366,0.0397,0.027,0.0386,0.0364,0.0364,0.6846,0.0364
russia_corporate_exit_2022,IBKR,40,sanctions_financial_restrictions,0.0481,0.1279,,0.6846,financial_treasury,0.0235,0.041,0.0366,0.0397,0.027,0.0386,0.0364,0.0364,0.6846,0.0364
russia_sanctions_2022,IBN,40,sanctions_financial_restrictions,-0.1146,0.0081,,0.6846,financial_treasury,0.0235,0.041,0.0366,0.0397,0.027,0.0386,0.0364,0.0364,0.6846,0.0364
russia_corporate_exit_2022,IBN,40,sanctions_financial_restrictions,0.0923,0.1732,,0.6846,financial_treasury,0.0235,0.041,0.0366,0.0397,0.027,0.0386,0.0364,0.0364,0.6846,0.0364
eu_data_privacy_gdpr_2018,IBRX,35,regulatory_sovereignty_shifts,-0.0261,-0.2376,,0.6852,regulatory_compliance_cost,0.0098,0.0342,0.0402,0.6852,0.0238,0.0468,0.0385,0.0385,0.0444,0.0385
china_tech_crackdown_2021,IBRX,35,regulatory_sovereignty_shifts,0.0361,0.0416,,0.6852,regulatory_compliance_cost,0.0098,0.0342,0.0402,0.6852,0.0238,0.0468,0.0385,0.0385,0.0444,0.0385
india_bytedance_ban_2020,IBRX,35,regulatory_sovereignty_shifts,0.1331,-0.1266,,0.6852,regulatory_compliance_cost,0.0098,0.0342,0.0402,0.6852,0.0238,0.0468,0.0385,0.0385,0.0444,0.0385
cfius_qualcomm_broadcom_block_2018,IBRX,35,regulatory_sovereignty_shifts,-0.1367,-0.115,,0.6852,regulatory_compliance_cost,0.0098,0.0342,0.0402,0.6852,0.0238,0.0468,0.0385,0.0385,0.0444,0.0385
boeing_737max_global_grounding_2019,IBRX,35,regulatory_sovereignty_shifts,0.1,-0.0667,,0.6852,regulatory_compliance_cost,0.0098,0.0342,0.0402,0.6852,0.0238,0.0468,0.0385,0.0385,0.0444,0.0385
russia_sanctions_2022,ICE,40,sanctions_financial_restrictions,0.0563,0.014,,0.6846,financial_treasury,0.0235,0.041,0.0366,0.0397,0.027,0.0386,0.0364,0.0364,0.6846,0.0364
russia_corporate_exit_2022,ICE,40,sanctions_financial_restrictions,0.0448,-0.0037,,0.6846,financial_treasury,0.0235,0.041,0.0366,0.0397,0.027,0.0386,0.0364,0.0364,0.6846,0.0364
us_iran_sanctions_reimpose_2018,ICE,40,sanctions_financial_restrictions,0.0261,0.0682,,0.6846,financial_treasury,0.0235,0.041,0.0366,0.0397,0.027,0.0386,0.0364,0.0364,0.6846,0.0364
xinjiang_cotton_ban_2021,ICL,15,trade_policy_actions,-0.0252,0.1678,,0.5369,procurement_supply_chain,0.5369,0.0498,0.0539,0.052,0.0369,0.057,0.0514,0.0514,0.0592,0.0514
eu_china_ev_tariff_2024,ICL,15,trade_policy_actions,-0.0499,0.0022,,0.5369,procurement_supply_chain,0.5369,0.0498,0.0539,0.052,0.0369,0.057,0.0514,0.0514,0.0592,0.0514
indonesia_nickel_ban_2020,ICL,15,resource_energy_disruptions,-0.0251,-0.142,,0.5667,procurement_supply_chain,0.5667,0.058,0.0433,0.0534,0.0479,0.0517,0.0439,0.0439,0.0474,0.0439
ukraine_grain_crisis_2022,ICL,15,resource_energy_disruptions,-0.0287,-0.1911,,0.5667,procurement_supply_chain,0.5667,0.058,0.0433,0.0534,0.0479,0.0517,0.0439,0.0439,0.0474,0.0439
eu_data_privacy_gdpr_2018,ICLR,35,regulatory_sovereignty_shifts,0.0448,0.107,,0.6852,regulatory_compliance_cost,0.0098,0.0342,0.0402,0.6852,0.0238,0.0468,0.0385,0.0385,0.0444,0.0385
china_tech_crackdown_2021,ICLR,35,regulatory_sovereignty_shifts,0.131,0.1997,,0.6852,regulatory_compliance_cost,0.0098,0.0342,0.0402,0.6852,0.0238,0.0468,0.0385,0.0385,0.0444,0.0385
india_bytedance_ban_2020,ICLR,35,regulatory_sovereignty_shifts,0.0578,0.1564,,0.6852,regulatory_compliance_cost,0.0098,0.0342,0.0402,0.6852,0.0238,0.0468,0.0385,0.0385,0.0444,0.0385
boeing_737max_global_grounding_2019,ICLR,35,regulatory_sovereignty_shifts,0.0319,0.0338,,0.6852,regulatory_compliance_cost,0.0098,0.0342,0.0402,0.6852,0.0238,0.0468,0.0385,0.0385,0.0444,0.0385
eu_data_privacy_gdpr_2018,IDXX,35,regulatory_sovereignty_shifts,0.0742,0.1492,,0.6852,regulatory_compliance_cost,0.0098,0.0342,0.0402,0.6852,0.0238,0.0468,0.0385,0.0385,0.0444,0.0385
india_bytedance_ban_2020,IDXX,35,regulatory_sovereignty_shifts,0.0287,0.1407,,0.6852,regulatory_compliance_cost,0.0098,0.0342,0.0402,0.6852,0.0238,0.0468,0.0385,0.0385,0.0444,0.0385
cfius_qualcomm_broadcom_block_2018,IDXX,35,regulatory_sovereignty_shifts,-0.0259,-0.0514,,0.6852,regulatory_compliance_cost,0.0098,0.0342,0.0402,0.6852,0.0238,0.0468,0.0385,0.0385,0.0444,0.0385
boeing_737max_global_grounding_2019,IDXX,35,regulatory_sovereignty_shifts,0.0447,0.0847,,0.6852,regulatory_compliance_cost,0.0098,0.0342,0.0402,0.6852,0.0238,0.0468,0.0385,0.0385,0.0444,0.0385
eu_china_ev_tariff_2024,IEP,10,trade_policy_actions,-0.04,0.0615,,0.5369,procurement_supply_chain,0.5369,0.0498,0.0539,0.052,0.0369,0.057,0.0514,0.0514,0.0592,0.0514
china_gallium_germanium_export_controls_2023,IEP,10,resource_energy_disruptions,0.1866,-0.1811,,0.5667,procurement_supply_chain,0.5667,0.058,0.0433,0.0534,0.0479,0.0517,0.0439,0.0439,0.0474,0.0439
indonesia_nickel_ban_2020,IEP,10,resource_energy_disruptions,0.0546,0.0885,,0.5667,procurement_supply_chain,0.5667,0.058,0.0433,0.0534,0.0479,0.0517,0.0439,0.0439,0.0474,0.0439
ukraine_grain_crisis_2022,IEP,10,resource_energy_disruptions,-0.0255,-0.0807,,0.5667,procurement_supply_chain,0.5667,0.058,0.0433,0.0534,0.0479,0.0517,0.0439,0.0439,0.0474,0.0439
australia_china_coal_ban_2020,IFF,15,trade_policy_actions,-0.0429,-0.062,,0.5369,procurement_supply_chain,0.5369,0.0498,0.0539,0.052,0.0369,0.057,0.0514,0.0514,0.0592,0.0514
xinjiang_cotton_ban_2021,IFF,15,trade_policy_actions,0.0291,0.08,,0.5369,procurement_supply_chain,0.5369,0.0498,0.0539,0.052,0.0369,0.057,0.0514,0.0514,0.0592,0.0514
indonesia_nickel_ban_2020,IFF,15,resource_energy_disruptions,-0.0417,0.0531,,0.5667,procurement_supply_chain,0.5667,0.058,0.0433,0.0534,0.0479,0.0517,0.0439,0.0439,0.0474,0.0439
eu_data_privacy_gdpr_2018,ILMN,35,regulatory_sovereignty_shifts,0.0527,0.0947,,0.6852,regulatory_compliance_cost,0.0098,0.0342,0.0402,0.6852,0.0238,0.0468,0.0385,0.0385,0.0444,0.0385
india_bytedance_ban_2020,ILMN,35,regulatory_sovereignty_shifts,0.0271,-0.0582,,0.6852,regulatory_compliance_cost,0.0098,0.0342,0.0402,0.6852,0.0238,0.0468,0.0385,0.0385,0.0444,0.0385
japan_korea_trade_dispute_2019,IMO,10,trade_policy_actions,0.0431,-0.1011,,0.5369,procurement_supply_chain,0.5369,0.0498,0.0539,0.052,0.0369,0.057,0.0514,0.0514,0.0592,0.0514
china_gallium_germanium_export_controls_2023,IMO,10,resource_energy_disruptions,-0.0293,0.0585,,0.5667,procurement_supply_chain,0.5667,0.058,0.0433,0.0534,0.0479,0.0517,0.0439,0.0439,0.0474,0.0439
ukraine_grain_crisis_2022,IMO,10,resource_energy_disruptions,0.0497,-0.0589,,0.5667,procurement_supply_chain,0.5667,0.058,0.0433,0.0534,0.0479,0.0517,0.0439,0.0439,0.0474,0.0439
china_tech_crackdown_2021,IMVT,35,regulatory_sovereignty_shifts,-0.2252,-0.1151,,0.6852,regulatory_compliance_cost,0.0098,0.0342,0.0402,0.6852,0.0238,0.0468,0.0385,0.0385,0.0444,0.0385
india_bytedance_ban_2020,INCY,35,regulatory_sovereignty_shifts,0.0602,-0.0927,,0.6852,regulatory_compliance_cost,0.0098,0.0342,0.0402,0.6852,0.0238,0.0468,0.0385,0.0385,0.0444,0.0385
cfius_qualcomm_broadcom_block_2018,INCY,35,regulatory_sovereignty_shifts,-0.0866,-0.3399,,0.6852,regulatory_compliance_cost,0.0098,0.0342,0.0402,0.6852,0.0238,0.0468,0.0385,0.0385,0.0444,0.0385
russia_sanctions_2022,ING,40,sanctions_financial_restrictions,-0.2442,-0.2006,,0.6846,financial_treasury,0.0235,0.041,0.0366,0.0397,0.027,0.0386,0.0364,0.0364,0.6846,0.0364
russia_corporate_exit_2022,ING,40,sanctions_financial_restrictions,0.0483,0.1008,,0.6846,financial_treasury,0.0235,0.041,0.0366,0.0397,0.027,0.0386,0.0364,0.0364,0.6846,0.0364
us_iran_sanctions_reimpose_2018,ING,40,sanctions_financial_restrictions,-0.0358,-0.1111,,0.6846,financial_treasury,0.0235,0.041,0.0366,0.0397,0.027,0.0386,0.0364,0.0364,0.6846,0.0364
india_bytedance_ban_2020,INSM,35,regulatory_sovereignty_shifts,0.0294,0.0756,,0.6852,regulatory_compliance_cost,0.0098,0.0342,0.0402,0.6852,0.0238,0.0468,0.0385,0.0385,0.0444,0.0385
cfius_qualcomm_broadcom_block_2018,INSM,35,regulatory_sovereignty_shifts,-0.0437,-0.0165,,0.6852,regulatory_compliance_cost,0.0098,0.0342,0.0402,0.6852,0.0238,0.0468,0.0385,0.0385,0.0444,0.0385
boeing_737max_global_grounding_2019,INSM,35,regulatory_sovereignty_shifts,-0.0796,-0.0289,,0.6852,regulatory_compliance_cost,0.0098,0.0342,0.0402,0.6852,0.0238,0.0468,0.0385,0.0385,0.0444,0.0385
eu_data_privacy_gdpr_2018,IONS,35,regulatory_sovereignty_shifts,0.0426,0.0022,,0.6852,regulatory_compliance_cost,0.0098,0.0342,0.0402,0.6852,0.0238,0.0468,0.0385,0.0385,0.0444,0.0385
india_bytedance_ban_2020,IONS,35,regulatory_sovereignty_shifts,0.0335,-0.1007,,0.6852,regulatory_compliance_cost,0.0098,0.0342,0.0402,0.6852,0.0238,0.0468,0.0385,0.0385,0.0444,0.0385
cfius_qualcomm_broadcom_block_2018,IONS,35,regulatory_sovereignty_shifts,-0.0396,-0.1725,,0.6852,regulatory_compliance_cost,0.0098,0.0342,0.0402,0.6852,0.0238,0.0468,0.0385,0.0385,0.0444,0.0385
boeing_737max_global_grounding_2019,IONS,35,regulatory_sovereignty_shifts,0.047,-0.0359,,0.6852,regulatory_compliance_cost,0.0098,0.0342,0.0402,0.6852,0.0238,0.0468,0.0385,0.0385,0.0444,0.0385
india_bytedance_ban_2020,IQV,35,regulatory_sovereignty_shifts,0.0321,0.1584,,0.6852,regulatory_compliance_cost,0.0098,0.0342,0.0402,0.6852,0.0238,0.0468,0.0385,0.0385,0.0444,0.0385
russia_corporate_exit_2022,IREN,40,sanctions_financial_restrictions,-0.06,-0.2588,,0.6846,financial_treasury,0.0235,0.041,0.0366,0.0397,0.027,0.0386,0.0364,0.0364,0.6846,0.0364
eu_data_privacy_gdpr_2018,ISRG,35,regulatory_sovereignty_shifts,0.0468,0.0998,,0.6852,regulatory_compliance_cost,0.0098,0.0342,0.0402,0.6852,0.0238,0.0468,0.0385,0.0385,0.0444,0.0385
india_bytedance_ban_2020,ISRG,35,regulatory_sovereignty_shifts,0.039,0.2189,,0.6852,regulatory_compliance_cost,0.0098,0.0342,0.0402,0.6852,0.0238,0.0468,0.0385,0.0385,0.0444,0.0385
cfius_qualcomm_broadcom_block_2018,ISRG,35,regulatory_sovereignty_shifts,-0.0275,-0.0056,,0.6852,regulatory_compliance_cost,0.0098,0.0342,0.0402,0.6852,0.0238,0.0468,0.0385,0.0385,0.0444,0.0385
russia_corporate_exit_2022,ITUB,40,sanctions_financial_restrictions,0.0298,0.1923,,0.6846,financial_treasury,0.0235,0.041,0.0366,0.0397,0.027,0.0386,0.0364,0.0364,0.6846,0.0364
russia_sanctions_2022,IVZ,40,sanctions_financial_restrictions,-0.1303,-0.0083,,0.6846,financial_treasury,0.0235,0.041,0.0366,0.0397,0.027,0.0386,0.0364,0.0364,0.6846,0.0364
russia_corporate_exit_2022,IVZ,40,sanctions_financial_restrictions,0.0475,0.1224,,0.6846,financial_treasury,0.0235,0.041,0.0366,0.0397,0.027,0.0386,0.0364,0.0364,0.6846,0.0364
russia_corporate_exit_2022,IX,40,sanctions_financial_restrictions,0.1029,0.0944,,0.6846,financial_treasury,0.0235,0.041,0.0366,0.0397,0.027,0.0386,0.0364,0.0364,0.6846,0.0364
us_iran_sanctions_reimpose_2018,IX,40,sanctions_financial_restrictions,-0.0346,-0.1215,,0.6846,financial_treasury,0.0235,0.041,0.0366,0.0397,0.027,0.0386,0.0364,0.0364,0.6846,0.0364
eu_data_privacy_gdpr_2018,JAZZ,35,regulatory_sovereignty_shifts,0.0424,0.0942,,0.6852,regulatory_compliance_cost,0.0098,0.0342,0.0402,0.6852,0.0238,0.0468,0.0385,0.0385,0.0444,0.0385
russia_sanctions_2022,JEF,40,sanctions_financial_restrictions,-0.0838,-0.0966,,0.6846,financial_treasury,0.0235,0.041,0.0366,0.0397,0.027,0.0386,0.0364,0.0364,0.6846,0.0364
russia_corporate_exit_2022,JEF,40,sanctions_financial_restrictions,0.0768,0.147,,0.6846,financial_treasury,0.0235,0.041,0.0366,0.0397,0.027,0.0386,0.0364,0.0364,0.6846,0.0364
us_iran_sanctions_reimpose_2018,JEF,40,sanctions_financial_restrictions,-0.0266,-0.0547,,0.6846,financial_treasury,0.0235,0.041,0.0366,0.0397,0.027,0.0386,0.0364,0.0364,0.6846,0.0364
russia_sanctions_2022,JHG,40,sanctions_financial_restrictions,-0.1292,-0.023,,0.6846,financial_treasury,0.0235,0.041,0.0366,0.0397,0.027,0.0386,0.0364,0.0364,0.6846,0.0364
russia_corporate_exit_2022,JHG,40,sanctions_financial_restrictions,0.1131,0.1161,,0.6846,financial_treasury,0.0235,0.041,0.0366,0.0397,0.027,0.0386,0.0364,0.0364,0.6846,0.0364
us_iran_sanctions_reimpose_2018,JHG,40,sanctions_financial_restrictions,0.0598,0.0244,,0.6846,financial_treasury,0.0235,0.041,0.0366,0.0397,0.027,0.0386,0.0364,0.0364,0.6846,0.0364
xinjiang_cotton_ban_2021,JHX,15,trade_policy_actions,0.0433,0.158,,0.5369,procurement_supply_chain,0.5369,0.0498,0.0539,0.052,0.0369,0.057,0.0514,0.0514,0.0592,0.0514
indonesia_nickel_ban_2020,JHX,15,resource_energy_disruptions,0.0331,0.0453,,0.5667,procurement_supply_chain,0.5667,0.058,0.0433,0.0534,0.0479,0.0517,0.0439,0.0439,0.0474,0.0439
india_bytedance_ban_2020,JNJ,35,regulatory_sovereignty_shifts,0.0274,0.057,,0.6852,regulatory_compliance_cost,0.0098,0.0342,0.0402,0.6852,0.0238,0.0468,0.0385,0.0385,0.0444,0.0385
russia_sanctions_2022,JPM,40,sanctions_financial_restrictions,-0.0917,-0.0912,,0.6846,financial_treasury,0.0235,0.041,0.0366,0.0397,0.027,0.0386,0.0364,0.0364,0.6846,0.0364
russia_corporate_exit_2022,JPM,40,sanctions_financial_restrictions,0.0326,0.0332,,0.6846,financial_treasury,0.0235,0.041,0.0366,0.0397,0.027,0.0386,0.0364,0.0364,0.6846,0.0364
russia_sanctions_2022,JXN,40,sanctions_financial_restrictions,-0.0694,0.0579,,0.6846,financial_treasury,0.0235,0.041,0.0366,0.0397,0.027,0.0386,0.0364,0.0364,0.6846,0.0364
russia_corporate_exit_2022,JXN,40,sanctions_financial_restrictions,0.1131,0.2367,,0.6846,financial_treasury,0.0235,0.041,0.0366,0.0397,0.027,0.0386,0.0364,0.0364,0.6846,0.0364
russia_sanctions_2022,KB,40,sanctions_financial_restrictions,-0.084,-0.0372,,0.6846,financial_treasury,0.0235,0.041,0.0366,0.0397,0.027,0.0386,0.0364,0.0364,0.6846,0.0364
russia_corporate_exit_2022,KB,40,sanctions_financial_restrictions,0.065,0.153,,0.6846,financial_treasury,0.0235,0.041,0.0366,0.0397,0.027,0.0386,0.0364,0.0364,0.6846,0.0364
us_iran_sanctions_reimpose_2018,KB,40,sanctions_financial_restrictions,-0.0265,-0.0853,,0.6846,financial_treasury,0.0235,0.041,0.0366,0.0397,0.027,0.0386,0.0364,0.0364,0.6846,0.0364
russia_sanctions_2022,KEY,40,sanctions_financial_restrictions,-0.0751,-0.1727,,0.6846,financial_treasury,0.0235,0.041,0.0366,0.0397,0.027,0.0386,0.0364,0.0364,0.6846,0.0364
russia_corporate_exit_2022,KEY,40,sanctions_financial_restrictions,0.0643,-0.029,,0.6846,financial_treasury,0.0235,0.041,0.0366,0.0397,0.027,0.0386,0.0364,0.0364,0.6846,0.0364
us_iran_sanctions_reimpose_2018,KEY,40,sanctions_financial_restrictions,0.0344,0.044,,0.6846,financial_treasury,0.0235,0.041,0.0366,0.0397,0.027,0.0386,0.0364,0.0364,0.6846,0.0364
japan_korea_trade_dispute_2019,KGC,15,trade_policy_actions,0.0411,0.2288,,0.5369,procurement_supply_chain,0.5369,0.0498,0.0539,0.052,0.0369,0.057,0.0514,0.0514,0.0592,0.0514
australia_china_coal_ban_2020,KGC,15,trade_policy_actions,-0.0284,-0.2164,,0.5369,procurement_supply_chain,0.5369,0.0498,0.0539,0.052,0.0369,0.057,0.0514,0.0514,0.0592,0.0514
eu_china_ev_tariff_2024,KGC,15,trade_policy_actions,0.0281,0.1511,,0.5369,procurement_supply_chain,0.5369,0.0498,0.0539,0.052,0.0369,0.057,0.0514,0.0514,0.0592,0.0514
indonesia_nickel_ban_2020,KGC,15,resource_energy_disruptions,-0.0591,0.0654,,0.5667,procurement_supply_chain,0.5667,0.058,0.0433,0.0534,0.0479,0.0517,0.0439,0.0439,0.0474,0.0439
ukraine_grain_crisis_2022,KGC,15,resource_energy_disruptions,0.0537,-0.118,,0.5667,procurement_supply_chain,0.5667,0.058,0.0433,0.0534,0.0479,0.0517,0.0439,0.0439,0.0474,0.0439
russia_sanctions_2022,KKR,40,sanctions_financial_restrictions,-0.0839,-0.0543,,0.6846,financial_treasury,0.0235,0.041,0.0366,0.0397,0.027,0.0386,0.0364,0.0364,0.6846,0.0364
us_iran_sanctions_reimpose_2018,KKR,40,sanctions_financial_restrictions,-0.0399,0.0792,,0.6846,financial_treasury,0.0235,0.041,0.0366,0.0397,0.027,0.0386,0.0364,0.0364,0.6846,0.0364
xinjiang_cotton_ban_2021,KMI,10,trade_policy_actions,0.0284,0.1073,,0.5369,procurement_supply_chain,0.5369,0.0498,0.0539,0.052,0.0369,0.057,0.0514,0.0514,0.0592,0.0514
china_gallium_germanium_export_controls_2023,KNF,15,resource_energy_disruptions,-0.0413,0.1569,,0.5667,procurement_supply_chain,0.5667,0.058,0.0433,0.0534,0.0479,0.0517,0.0439,0.0439,0.0474,0.0439
russia_sanctions_2022,KNSL,40,sanctions_financial_restrictions,0.0279,0.1016,,0.6846,financial_treasury,0.0235,0.041,0.0366,0.0397,0.027,0.0386,0.0364,0.0364,0.6846,0.0364
russia_corporate_exit_2022,KNSL,40,sanctions_financial_restrictions,0.0513,0.1469,,0.6846,financial_treasury,0.0235,0.041,0.0366,0.0397,0.027,0.0386,0.0364,0.0364,0.6846,0.0364
eu_data_privacy_gdpr_2018,KRYS,35,regulatory_sovereignty_shifts,0.0267,0.5335,,0.6852,regulatory_compliance_cost,0.0098,0.0342,0.0402,0.6852,0.0238,0.0468,0.0385,0.0385,0.0444,0.0385
china_tech_crackdown_2021,KRYS,35,regulatory_sovereignty_shifts,-0.0447,-0.0221,,0.6852,regulatory_compliance_cost,0.0098,0.0342,0.0402,0.6852,0.0238,0.0468,0.0385,0.0385,0.0444,0.0385
cfius_qualcomm_broadcom_block_2018,KRYS,35,regulatory_sovereignty_shifts,0.1224,-0.0714,,0.6852,regulatory_compliance_cost,0.0098,0.0342,0.0402,0.6852,0.0238,0.0468,0.0385,0.0385,0.0444,0.0385
boeing_737max_global_grounding_2019,KRYS,35,regulatory_sovereignty_shifts,0.1153,0.6511,,0.6852,regulatory_compliance_cost,0.0098,0.0342,0.0402,0.6852,0.0238,0.0468,0.0385,0.0385,0.0444,0.0385
china_tech_crackdown_2021,KT,50,regulatory_sovereignty_shifts,-0.0262,-0.0644,,0.6852,regulatory_compliance_cost,0.0098,0.0342,0.0402,0.6852,0.0238,0.0468,0.0385,0.0385,0.0444,0.0385
china_tech_crackdown_2021,KYMR,35,regulatory_sovereignty_shifts,0.0251,0.0875,,0.6852,regulatory_compliance_cost,0.0098,0.0342,0.0402,0.6852,0.0238,0.0468,0.0385,0.0385,0.0444,0.0385
russia_corporate_exit_2022,L,40,sanctions_financial_restrictions,0.0435,0.1215,,0.6846,financial_treasury,0.0235,0.041,0.0366,0.0397,0.027,0.0386,0.0364,0.0364,0.6846,0.0364
eu_china_ev_tariff_2024,LAC,15,trade_policy_actions,-0.0502,-0.0535,,0.5369,procurement_supply_chain,0.5369,0.0498,0.0539,0.052,0.0369,0.057,0.0514,0.0514,0.0592,0.0514
eu_data_privacy_gdpr_2018,LBRDA,50,regulatory_sovereignty_shifts,-0.0269,0.1181,,0.6852,regulatory_compliance_cost,0.0098,0.0342,0.0402,0.6852,0.0238,0.0468,0.0385,0.0385,0.0444,0.0385
india_bytedance_ban_2020,LBRDA,50,regulatory_sovereignty_shifts,0.0261,0.132,,0.6852,regulatory_compliance_cost,0.0098,0.0342,0.0402,0.6852,0.0238,0.0468,0.0385,0.0385,0.0444,0.0385
cfius_qualcomm_broadcom_block_2018,LBRDA,50,regulatory_sovereignty_shifts,-0.0517,-0.1167,,0.6852,regulatory_compliance_cost,0.0098,0.0342,0.0402,0.6852,0.0238,0.0468,0.0385,0.0385,0.0444,0.0385
australia_china_coal_ban_2020,LBRT,10,trade_policy_actions,-0.0788,0.2182,,0.5369,procurement_supply_chain,0.5369,0.0498,0.0539,0.052,0.0369,0.057,0.0514,0.0514,0.0592,0.0514
xinjiang_cotton_ban_2021,LBRT,10,trade_policy_actions,0.0961,0.2718,,0.5369,procurement_supply_chain,0.5369,0.0498,0.0539,0.052,0.0369,0.057,0.0514,0.0514,0.0592,0.0514
eu_china_ev_tariff_2024,LBRT,10,trade_policy_actions,-0.1177,-0.0022,,0.5369,procurement_supply_chain,0.5369,0.0498,0.0539,0.052,0.0369,0.057,0.0514,0.0514,0.0592,0.0514
china_gallium_germanium_export_controls_2023,LBRT,10,resource_energy_disruptions,0.0977,0.178,,0.5667,procurement_supply_chain,0.5667,0.058,0.0433,0.0534,0.0479,0.0517,0.0439,0.0439,0.0474,0.0439
indonesia_nickel_ban_2020,LBRT,10,resource_energy_disruptions,-0.0423,-0.2806,,0.5667,procurement_supply_chain,0.5667,0.058,0.0433,0.0534,0.0479,0.0517,0.0439,0.0439,0.0474,0.0439
ukraine_grain_crisis_2022,LBRT,10,resource_energy_disruptions,0.0588,-0.1202,,0.5667,procurement_supply_chain,0.5667,0.058,0.0433,0.0534,0.0479,0.0517,0.0439,0.0439,0.0474,0.0439
china_tech_crackdown_2021,LH,35,regulatory_sovereignty_shifts,0.0488,0.0694,,0.6852,regulatory_compliance_cost,0.0098,0.0342,0.0402,0.6852,0.0238,0.0468,0.0385,0.0385,0.0444,0.0385
india_bytedance_ban_2020,LH,35,regulatory_sovereignty_shifts,0.0684,0.1487,,0.6852,regulatory_compliance_cost,0.0098,0.0342,0.0402,0.6852,0.0238,0.0468,0.0385,0.0385,0.0444,0.0385
cfius_qualcomm_broadcom_block_2018,LH,35,regulatory_sovereignty_shifts,-0.0286,-0.0543,,0.6852,regulatory_compliance_cost,0.0098,0.0342,0.0402,0.6852,0.0238,0.0468,0.0385,0.0385,0.0444,0.0385
australia_china_coal_ban_2020,LIN,15,trade_policy_actions,-0.0432,0.0494,,0.5369,procurement_supply_chain,0.5369,0.0498,0.0539,0.052,0.0369,0.057,0.0514,0.0514,0.0592,0.0514
xinjiang_cotton_ban_2021,LIN,15,trade_policy_actions,0.0384,0.0987,,0.5369,procurement_supply_chain,0.5369,0.0498,0.0539,0.052,0.0369,0.057,0.0514,0.0514,0.0592,0.0514
china_gallium_germanium_export_controls_2023,LIN,15,resource_energy_disruptions,-0.0299,0.0032,,0.5667,procurement_supply_chain,0.5667,0.058,0.0433,0.0534,0.0479,0.0517,0.0439,0.0439,0.0474,0.0439
ukraine_grain_crisis_2022,LIN,15,resource_energy_disruptions,0.0355,-0.0548,,0.5667,procurement_supply_chain,0.5667,0.058,0.0433,0.0534,0.0479,0.0517,0.0439,0.0439,0.0474,0.0439
eu_data_privacy_gdpr_2018,LLY,35,regulatory_sovereignty_shifts,0.0278,0.0638,,0.6852,regulatory_compliance_cost,0.0098,0.0342,0.0402,0.6852,0.0238,0.0468,0.0385,0.0385,0.0444,0.0385
boeing_737max_global_grounding_2019,LLY,35,regulatory_sovereignty_shifts,0.031,-0.0489,,0.6852,regulatory_compliance_cost,0.0098,0.0342,0.0402,0.6852,0.0238,0.0468,0.0385,0.0385,0.0444,0.0385
russia_sanctions_2022,LMND,40,sanctions_financial_restrictions,-0.1678,0.0013,,0.6846,financial_treasury,0.0235,0.041,0.0366,0.0397,0.027,0.0386,0.0364,0.0364,0.6846,0.0364
russia_corporate_exit_2022,LMND,40,sanctions_financial_restrictions,-0.0892,0.078,,0.6846,financial_treasury,0.0235,0.041,0.0366,0.0397,0.027,0.0386,0.0364,0.0364,0.6846,0.0364
russia_sanctions_2022,LNC,40,sanctions_financial_restrictions,-0.1076,-0.0645,,0.6846,financial_treasury,0.0235,0.041,0.0366,0.0397,0.027,0.0386,0.0364,0.0364,0.6846,0.0364
russia_corporate_exit_2022,LNC,40,sanctions_financial_restrictions,0.0456,0.1639,,0.6846,financial_treasury,0.0235,0.041,0.0366,0.0397,0.027,0.0386,0.0364,0.0364,0.6846,0.0364
eu_china_ev_tariff_2024,LNG,10,trade_policy_actions,0.0345,0.1152,,0.5369,procurement_supply_chain,0.5369,0.0498,0.0539,0.052,0.0369,0.057,0.0514,0.0514,0.0592,0.0514
china_gallium_germanium_export_controls_2023,LNG,10,resource_energy_disruptions,0.0303,0.0588,,0.5667,procurement_supply_chain,0.5667,0.058,0.0433,0.0534,0.0479,0.0517,0.0439,0.0439,0.0474,0.0439
indonesia_nickel_ban_2020,LNG,10,resource_energy_disruptions,0.0357,-0.0997,,0.5667,procurement_supply_chain,0.5667,0.058,0.0433,0.0534,0.0479,0.0517,0.0439,0.0439,0.0474,0.0439
ukraine_grain_crisis_2022,LNG,10,resource_energy_disruptions,-0.0414,-0.0166,,0.5667,procurement_supply_chain,0.5667,0.058,0.0433,0.0534,0.0479,0.0517,0.0439,0.0439,0.0474,0.0439
eu_data_privacy_gdpr_2018,LNTH,35,regulatory_sovereignty_shifts,0.0447,0.0447,,0.6852,regulatory_compliance_cost,0.0098,0.0342,0.0402,0.6852,0.0238,0.0468,0.0385,0.0385,0.0444,0.0385
china_tech_crackdown_2021,LNTH,35,regulatory_sovereignty_shifts,0.044,0.0195,,0.6852,regulatory_compliance_cost,0.0098,0.0342,0.0402,0.6852,0.0238,0.0468,0.0385,0.0385,0.0444,0.0385
cfius_qualcomm_broadcom_block_2018,LNTH,35,regulatory_sovereignty_shifts,-0.0744,0.0446,,0.6852,regulatory_compliance_cost,0.0098,0.0342,0.0402,0.6852,0.0238,0.0468,0.0385,0.0385,0.0444,0.0385
russia_sanctions_2022,LPLA,40,sanctions_financial_restrictions,-0.1402,0.0687,,0.6846,financial_treasury,0.0235,0.041,0.0366,0.0397,0.027,0.0386,0.0364,0.0364,0.6846,0.0364
russia_corporate_exit_2022,LPLA,40,sanctions_financial_restrictions,0.124,0.5023,,0.6846,financial_treasury,0.0235,0.041,0.0366,0.0397,0.027,0.0386,0.0364,0.0364,0.6846,0.0364
russia_sanctions_2022,LSEGY,40,sanctions_financial_restrictions,0.1009,0.2857,,0.6846,financial_treasury,0.0235,0.041,0.0366,0.0397,0.027,0.0386,0.0364,0.0364,0.6846,0.0364
russia_corporate_exit_2022,LSEGY,40,sanctions_financial_restrictions,0.0725,0.1497,,0.6846,financial_treasury,0.0235,0.041,0.0366,0.0397,0.027,0.0386,0.0364,0.0364,0.6846,0.0364
cfius_qualcomm_broadcom_block_2018,LUMN,50,regulatory_sovereignty_shifts,-0.0744,-0.005,,0.6852,regulatory_compliance_cost,0.0098,0.0342,0.0402,0.6852,0.0238,0.0468,0.0385,0.0385,0.0444,0.0385
indonesia_nickel_ban_2020,LYB,15,resource_energy_disruptions,-0.0414,-0.1257,,0.5667,procurement_supply_chain,0.5667,0.058,0.0433,0.0534,0.0479,0.0517,0.0439,0.0439,0.0474,0.0439
russia_sanctions_2022,LYG,40,sanctions_financial_restrictions,-0.1412,-0.0988,,0.6846,financial_treasury,0.0235,0.041,0.0366,0.0397,0.027,0.0386,0.0364,0.0364,0.6846,0.0364
russia_corporate_exit_2022,LYG,40,sanctions_financial_restrictions,0.1036,0.1101,,0.6846,financial_treasury,0.0235,0.041,0.0366,0.0397,0.027,0.0386,0.0364,0.0364,0.6846,0.0364
cfius_qualcomm_broadcom_block_2018,LYV,50,regulatory_sovereignty_shifts,-0.0314,-0.1249,,0.6852,regulatory_compliance_cost,0.0098,0.0342,0.0402,0.6852,0.0238,0.0468,0.0385,0.0385,0.0444,0.0385
russia_sanctions_2022,MA,40,sanctions_financial_restrictions,-0.1039,-0.0442,,0.6846,financial_treasury,0.0235,0.041,0.0366,0.0397,0.027,0.0386,0.0364,0.0364,0.6846,0.0364
russia_corporate_exit_2022,MA,40,sanctions_financial_restrictions,0.0658,0.1637,,0.6846,financial_treasury,0.0235,0.041,0.0366,0.0397,0.027,0.0386,0.0364,0.0364,0.6846,0.0364
india_bytedance_ban_2020,MASI,35,regulatory_sovereignty_shifts,0.0644,-0.0466,,0.6852,regulatory_compliance_cost,0.0098,0.0342,0.0402,0.6852,0.0238,0.0468,0.0385,0.0385,0.0444,0.0385
cfius_qualcomm_broadcom_block_2018,MASI,35,regulatory_sovereignty_shifts,-0.0389,-0.0015,,0.6852,regulatory_compliance_cost,0.0098,0.0342,0.0402,0.6852,0.0238,0.0468,0.0385,0.0385,0.0444,0.0385
russia_sanctions_2022,MC,40,sanctions_financial_restrictions,-0.0396,-0.0875,,0.6846,financial_treasury,0.0235,0.041,0.0366,0.0397,0.027,0.0386,0.0364,0.0364,0.6846,0.0364
russia_corporate_exit_2022,MC,40,sanctions_financial_restrictions,0.0363,0.0808,,0.6846,financial_treasury,0.0235,0.041,0.0366,0.0397,0.027,0.0386,0.0364,0.0364,0.6846,0.0364
us_iran_sanctions_reimpose_2018,MC,40,sanctions_financial_restrictions,0.0378,0.2041,,0.6846,financial_treasury,0.0235,0.041,0.0366,0.0397,0.027,0.0386,0.0364,0.0364,0.6846,0.0364
india_bytedance_ban_2020,MCK,35,regulatory_sovereignty_shifts,-0.0393,-0.003,,0.6852,regulatory_compliance_cost,0.0098,0.0342,0.0402,0.6852,0.0238,0.0468,0.0385,0.0385,0.0444,0.0385
cfius_qualcomm_broadcom_block_2018,MCK,35,regulatory_sovereignty_shifts,-0.0645,-0.0565,,0.6852,regulatory_compliance_cost,0.0098,0.0342,0.0402,0.6852,0.0238,0.0468,0.0385,0.0385,0.0444,0.0385
boeing_737max_global_grounding_2019,MCK,35,regulatory_sovereignty_shifts,0.0271,-0.0192,,0.6852,regulatory_compliance_cost,0.0098,0.0342,0.0402,0.6852,0.0238,0.0468,0.0385,0.0385,0.0444,0.0385
us_iran_sanctions_reimpose_2018,MCY,40,sanctions_financial_restrictions,0.0361,0.0607,,0.6846,financial_treasury,0.0235,0.041,0.0366,0.0397,0.027,0.0386,0.0364,0.0364,0.6846,0.0364
eu_data_privacy_gdpr_2018,MDGL,35,regulatory_sovereignty_shifts,1.3785,1.5467,,0.6852,regulatory_compliance_cost,0.0098,0.0342,0.0402,0.6852,0.0238,0.0468,0.0385,0.0385,0.0444,0.0385
india_bytedance_ban_2020,MDGL,35,regulatory_sovereignty_shifts,0.0558,0.0128,,0.6852,regulatory_compliance_cost,0.0098,0.0342,0.0402,0.6852,0.0238,0.0468,0.0385,0.0385,0.0444,0.0385
cfius_qualcomm_broadcom_block_2018,MDGL,35,regulatory_sovereignty_shifts,-0.1519,-0.2386,,0.6852,regulatory_compliance_cost,0.0098,0.0342,0.0402,0.6852,0.0238,0.0468,0.0385,0.0385,0.0444,0.0385
cfius_qualcomm_broadcom_block_2018,MDT,35,regulatory_sovereignty_shifts,-0.0381,-0.0417,,0.6852,regulatory_compliance_cost,0.0098,0.0342,0.0402,0.6852,0.0238,0.0468,0.0385,0.0385,0.0444,0.0385
china_tech_crackdown_2021,MEDP,35,regulatory_sovereignty_shifts,-0.036,0.0642,,0.6852,regulatory_compliance_cost,0.0098,0.0342,0.0402,0.6852,0.0238,0.0468,0.0385,0.0385,0.0444,0.0385
india_bytedance_ban_2020,MEDP,35,regulatory_sovereignty_shifts,0.0859,0.3751,,0.6852,regulatory_compliance_cost,0.0098,0.0342,0.0402,0.6852,0.0238,0.0468,0.0385,0.0385,0.0444,0.0385
boeing_737max_global_grounding_2019,MEDP,35,regulatory_sovereignty_shifts,0.0886,0.0911,,0.6852,regulatory_compliance_cost,0.0098,0.0342,0.0402,0.6852,0.0238,0.0468,0.0385,0.0385,0.0444,0.0385
russia_sanctions_2022,MET,40,sanctions_financial_restrictions,-0.0668,0.0299,,0.6846,financial_treasury,0.0235,0.041,0.0366,0.0397,0.027,0.0386,0.0364,0.0364,0.6846,0.0364
russia_corporate_exit_2022,MET,40,sanctions_financial_restrictions,0.0542,0.1691,,0.6846,financial_treasury,0.0235,0.041,0.0366,0.0397,0.027,0.0386,0.0364,0.0364,0.6846,0.0364
eu_data_privacy_gdpr_2018,META,50,regulatory_sovereignty_shifts,0.0452,0.1007,,0.6852,regulatory_compliance_cost,0.0098,0.0342,0.0402,0.6852,0.0238,0.0468,0.0385,0.0385,0.0444,0.0385
china_tech_crackdown_2021,META,50,regulatory_sovereignty_shifts,-0.0482,0.0335,,0.6852,regulatory_compliance_cost,0.0098,0.0342,0.0402,0.6852,0.0238,0.0468,0.0385,0.0385,0.0444,0.0385
india_bytedance_ban_2020,META,50,regulatory_sovereignty_shifts,0.0916,0.1609,,0.6852,regulatory_compliance_cost,0.0098,0.0342,0.0402,0.6852,0.0238,0.0468,0.0385,0.0385,0.0444,0.0385
cfius_qualcomm_broadcom_block_2018,META,50,regulatory_sovereignty_shifts,-0.066,-0.1357,,0.6852,regulatory_compliance_cost,0.0098,0.0342,0.0402,0.6852,0.0238,0.0468,0.0385,0.0385,0.0444,0.0385
boeing_737max_global_grounding_2019,META,50,regulatory_sovereignty_shifts,-0.0457,0.1147,,0.6852,regulatory_compliance_cost,0.0098,0.0342,0.0402,0.6852,0.0238,0.0468,0.0385,0.0385,0.0444,0.0385
russia_sanctions_2022,MFC,40,sanctions_financial_restrictions,-0.0314,0.05,,0.6846,financial_treasury,0.0235,0.041,0.0366,0.0397,0.027,0.0386,0.0364,0.0364,0.6846,0.0364
us_iran_sanctions_reimpose_2018,MFC,40,sanctions_financial_restrictions,0.0341,-0.0012,,0.6846,financial_treasury,0.0235,0.041,0.0366,0.0397,0.027,0.0386,0.0364,0.0364,0.6846,0.0364
russia_sanctions_2022,MFG,40,sanctions_financial_restrictions,-0.058,-0.1014,,0.6846,financial_treasury,0.0235,0.041,0.0366,0.0397,0.027,0.0386,0.0364,0.0364,0.6846,0.0364
russia_corporate_exit_2022,MFG,40,sanctions_financial_restrictions,0.0794,0.0,,0.6846,financial_treasury,0.0235,0.041,0.0366,0.0397,0.027,0.0386,0.0364,0.0364,0.6846,0.0364
japan_korea_trade_dispute_2019,MGY,10,trade_policy_actions,-0.0389,-0.1052,,0.5369,procurement_supply_chain,0.5369,0.0498,0.0539,0.052,0.0369,0.057,0.0514,0.0514,0.0592,0.0514
australia_china_coal_ban_2020,MGY,10,trade_policy_actions,-0.0371,0.2949,,0.5369,procurement_supply_chain,0.5369,0.0498,0.0539,0.052,0.0369,0.057,0.0514,0.0514,0.0592,0.0514
xinjiang_cotton_ban_2021,MGY,10,trade_policy_actions,0.061,0.1091,,0.5369,procurement_supply_chain,0.5369,0.0498,0.0539,0.052,0.0369,0.057,0.0514,0.0514,0.0592,0.0514
china_gallium_germanium_export_controls_2023,MGY,10,resource_energy_disruptions,0.0322,0.0953,,0.5667,procurement_supply_chain,0.5667,0.058,0.0433,0.0534,0.0479,0.0517,0.0439,0.0439,0.0474,0.0439
ukraine_grain_crisis_2022,MGY,10,resource_energy_disruptions,0.0724,-0.0749,,0.5667,procurement_supply_chain,0.5667,0.058,0.0433,0.0534,0.0479,0.0517,0.0439,0.0439,0.0474,0.0439
china_tech_crackdown_2021,MIRM,35,regulatory_sovereignty_shifts,-0.051,0.1518,,0.6852,regulatory_compliance_cost,0.0098,0.0342,0.0402,0.6852,0.0238,0.0468,0.0385,0.0385,0.0444,0.0385
russia_corporate_exit_2022,MKL,40,sanctions_financial_restrictions,0.1268,0.2291,,0.6846,financial_treasury,0.0235,0.041,0.0366,0.0397,0.027,0.0386,0.0364,0.0364,0.6846,0.0364
russia_sanctions_2022,MKTX,40,sanctions_financial_restrictions,-0.029,-0.259,,0.6846,financial_treasury,0.0235,0.041,0.0366,0.0397,0.027,0.0386,0.0364,0.0364,0.6846,0.0364
australia_china_coal_ban_2020,MLM,15,trade_policy_actions,-0.0499,-0.0121,,0.5369,procurement_supply_chain,0.5369,0.0498,0.0539,0.052,0.0369,0.057,0.0514,0.0514,0.0592,0.0514
xinjiang_cotton_ban_2021,MLM,15,trade_policy_actions,0.0421,0.1561,,0.5369,procurement_supply_chain,0.5369,0.0498,0.0539,0.052,0.0369,0.057,0.0514,0.0514,0.0592,0.0514
eu_china_ev_tariff_2024,MLM,15,trade_policy_actions,-0.0293,0.0159,,0.5369,procurement_supply_chain,0.5369,0.0498,0.0539,0.052,0.0369,0.057,0.0514,0.0514,0.0592,0.0514
ukraine_grain_crisis_2022,MLM,15,resource_energy_disruptions,0.0309,-0.0699,,0.5667,procurement_supply_chain,0.5667,0.058,0.0433,0.0534,0.0479,0.0517,0.0439,0.0439,0.0474,0.0439
eu_data_privacy_gdpr_2018,MOH,35,regulatory_sovereignty_shifts,-0.0259,0.1967,,0.6852,regulatory_compliance_cost,0.0098,0.0342,0.0402,0.6852,0.0238,0.0468,0.0385,0.0385,0.0444,0.0385
china_tech_crackdown_2021,MOH,35,regulatory_sovereignty_shifts,0.05,0.0275,,0.6852,regulatory_compliance_cost,0.0098,0.0342,0.0402,0.6852,0.0238,0.0468,0.0385,0.0385,0.0444,0.0385
india_bytedance_ban_2020,MOH,35,regulatory_sovereignty_shifts,0.0631,0.0816,,0.6852,regulatory_compliance_cost,0.0098,0.0342,0.0402,0.6852,0.0238,0.0468,0.0385,0.0385,0.0444,0.0385
russia_sanctions_2022,MORN,40,sanctions_financial_restrictions,-0.0512,0.0065,,0.6846,financial_treasury,0.0235,0.041,0.0366,0.0397,0.027,0.0386,0.0364,0.0364,0.6846,0.0364
russia_corporate_exit_2022,MORN,40,sanctions_financial_restrictions,0.0251,0.1057,,0.6846,financial_treasury,0.0235,0.041,0.0366,0.0397,0.027,0.0386,0.0364,0.0364,0.6846,0.0364
us_iran_sanctions_reimpose_2018,MORN,40,sanctions_financial_restrictions,0.0318,0.2255,,0.6846,financial_treasury,0.0235,0.041,0.0366,0.0397,0.027,0.0386,0.0364,0.0364,0.6846,0.0364
japan_korea_trade_dispute_2019,MOS,15,trade_policy_actions,-0.0711,-0.2027,,0.5369,procurement_supply_chain,0.5369,0.0498,0.0539,0.052,0.0369,0.057,0.0514,0.0514,0.0592,0.0514
xinjiang_cotton_ban_2021,MOS,15,trade_policy_actions,0.0463,0.1738,,0.5369,procurement_supply_chain,0.5369,0.0498,0.0539,0.052,0.0369,0.057,0.0514,0.0514,0.0592,0.0514
ukraine_grain_crisis_2022,MOS,15,resource_energy_disruptions,-0.033,-0.235,,0.5667,procurement_supply_chain,0.5667,0.058,0.0433,0.0534,0.0479,0.0517,0.0439,0.0439,0.0474,0.0439
xinjiang_cotton_ban_2021,MP,15,trade_policy_actions,0.0751,-0.1235,,0.5369,procurement_supply_chain,0.5369,0.0498,0.0539,0.052,0.0369,0.057,0.0514,0.0514,0.0592,0.0514
eu_china_ev_tariff_2024,MP,15,trade_policy_actions,-0.0663,-0.0505,,0.5369,procurement_supply_chain,0.5369,0.0498,0.0539,0.052,0.0369,0.057,0.0514,0.0514,0.0592,0.0514
china_gallium_germanium_export_controls_2023,MP,15,resource_energy_disruptions,0.0928,-0.0583,,0.5667,procurement_supply_chain,0.5667,0.058,0.0433,0.0534,0.0479,0.0517,0.0439,0.0439,0.0474,0.0439
ukraine_grain_crisis_2022,MP,15,resource_energy_disruptions,0.1119,-0.034,,0.5667,procurement_supply_chain,0.5667,0.058,0.0433,0.0534,0.0479,0.0517,0.0439,0.0439,0.0474,0.0439
australia_china_coal_ban_2020,MPC,10,trade_policy_actions,-0.0735,0.3714,,0.5369,procurement_supply_chain,0.5369,0.0498,0.0539,0.052,0.0369,0.057,0.0514,0.0514,0.0592,0.0514
eu_china_ev_tariff_2024,MPC,10,trade_policy_actions,0.029,0.0231,,0.5369,procurement_supply_chain,0.5369,0.0498,0.0539,0.052,0.0369,0.057,0.0514,0.0514,0.0592,0.0514
australia_china_coal_ban_2020,MPLX,10,trade_policy_actions,-0.0284,0.3218,,0.5369,procurement_supply_chain,0.5369,0.0498,0.0539,0.052,0.0369,0.057,0.0514,0.0514,0.0592,0.0514
xinjiang_cotton_ban_2021,MPLX,10,trade_policy_actions,0.0252,0.1595,,0.5369,procurement_supply_chain,0.5369,0.0498,0.0539,0.052,0.0369,0.057,0.0514,0.0514,0.0592,0.0514
indonesia_nickel_ban_2020,MPLX,10,resource_energy_disruptions,0.0625,-0.0288,,0.5667,procurement_supply_chain,0.5667,0.058,0.0433,0.0534,0.0479,0.0517,0.0439,0.0439,0.0474,0.0439
eu_data_privacy_gdpr_2018,MRK,35,regulatory_sovereignty_shifts,0.0496,0.0625,,0.6852,regulatory_compliance_cost,0.0098,0.0342,0.0402,0.6852,0.0238,0.0468,0.0385,0.0385,0.0444,0.0385
india_bytedance_ban_2020,MRK,35,regulatory_sovereignty_shifts,0.0342,0.0629,,0.6852,regulatory_compliance_cost,0.0098,0.0342,0.0402,0.6852,0.0238,0.0468,0.0385,0.0385,0.0444,0.0385
russia_corporate_exit_2022,MRSH,40,sanctions_financial_restrictions,0.0498,0.1827,,0.6846,financial_treasury,0.0235,0.041,0.0366,0.0397,0.027,0.0386,0.0364,0.0364,0.6846,0.0364
russia_sanctions_2022,MS,40,sanctions_financial_restrictions,-0.0866,-0.1109,,0.6846,financial_treasury,0.0235,0.041,0.0366,0.0397,0.027,0.0386,0.0364,0.0364,0.6846,0.0364
russia_corporate_exit_2022,MS,40,sanctions_financial_restrictions,0.0363,0.0876,,0.6846,financial_treasury,0.0235,0.041,0.0366,0.0397,0.027,0.0386,0.0364,0.0364,0.6846,0.0364
us_iran_sanctions_reimpose_2018,MS,40,sanctions_financial_restrictions,0.0275,-0.0654,,0.6846,financial_treasury,0.0235,0.041,0.0366,0.0397,0.027,0.0386,0.0364,0.0364,0.6846,0.0364
russia_sanctions_2022,MSCI,40,sanctions_financial_restrictions,-0.0301,-0.0131,,0.6846,financial_treasury,0.0235,0.041,0.0366,0.0397,0.027,0.0386,0.0364,0.0364,0.6846,0.0364
cfius_qualcomm_broadcom_block_2018,MSGS,50,regulatory_sovereignty_shifts,-0.0457,-0.0331,,0.6852,regulatory_compliance_cost,0.0098,0.0342,0.0402,0.6852,0.0238,0.0468,0.0385,0.0385,0.0444,0.0385
japan_korea_trade_dispute_2019,MT,15,trade_policy_actions,-0.0368,-0.2466,,0.5369,procurement_supply_chain,0.5369,0.0498,0.0539,0.052,0.0369,0.057,0.0514,0.0514,0.0592,0.0514
xinjiang_cotton_ban_2021,MT,15,trade_policy_actions,0.1134,0.2344,,0.5369,procurement_supply_chain,0.5369,0.0498,0.0539,0.052,0.0369,0.057,0.0514,0.0514,0.0592,0.0514
indonesia_nickel_ban_2020,MT,15,resource_energy_disruptions,-0.0399,-0.0114,,0.5667,procurement_supply_chain,0.5667,0.058,0.0433,0.0534,0.0479,0.0517,0.0439,0.0439,0.0474,0.0439
ukraine_grain_crisis_2022,MT,15,resource_energy_disruptions,0.0708,-0.1716,,0.5667,procurement_supply_chain,0.5667,0.058,0.0433,0.0534,0.0479,0.0517,0.0439,0.0439,0.0474,0.0439
russia_sanctions_2022,MTB,40,sanctions_financial_restrictions,-0.0372,-0.1091,,0.6846,financial_treasury,0.0235,0.041,0.0366,0.0397,0.027,0.0386,0.0364,0.0364,0.6846,0.0364
russia_corporate_exit_2022,MTB,40,sanctions_financial_restrictions,0.0409,0.0488,,0.6846,financial_treasury,0.0235,0.041,0.0366,0.0397,0.027,0.0386,0.0364,0.0364,0.6846,0.0364
eu_data_privacy_gdpr_2018,MTD,35,regulatory_sovereignty_shifts,0.0312,0.0695,,0.6852,regulatory_compliance_cost,0.0098,0.0342,0.0402,0.6852,0.0238,0.0468,0.0385,0.0385,0.0444,0.0385
india_bytedance_ban_2020,MTD,35,regulatory_sovereignty_shifts,0.0431,0.2063,,0.6852,regulatory_compliance_cost,0.0098,0.0342,0.0402,0.6852,0.0238,0.0468,0.0385,0.0385,0.0444,0.0385
boeing_737max_global_grounding_2019,MTD,35,regulatory_sovereignty_shifts,0.0332,0.0595,,0.6852,regulatory_compliance_cost,0.0098,0.0342,0.0402,0.6852,0.0238,0.0468,0.0385,0.0385,0.0444,0.0385
japan_korea_trade_dispute_2019,MTDR,10,trade_policy_actions,0.0541,-0.1955,,0.5369,procurement_supply_chain,0.5369,0.0498,0.0539,0.052,0.0369,0.057,0.0514,0.0514,0.0592,0.0514
australia_china_coal_ban_2020,MTDR,10,trade_policy_actions,-0.0883,0.1877,,0.5369,procurement_supply_chain,0.5369,0.0498,0.0539,0.052,0.0369,0.057,0.0514,0.0514,0.0592,0.0514
eu_china_ev_tariff_2024,MTDR,10,trade_policy_actions,-0.0265,0.0377,,0.5369,procurement_supply_chain,0.5369,0.0498,0.0539,0.052,0.0369,0.057,0.0514,0.0514,0.0592,0.0514
china_gallium_germanium_export_controls_2023,MTDR,10,resource_energy_disruptions,0.0292,0.1082,,0.5667,procurement_supply_chain,0.5667,0.058,0.0433,0.0534,0.0479,0.0517,0.0439,0.0439,0.0474,0.0439
ukraine_grain_crisis_2022,MTDR,10,resource_energy_disruptions,0.0628,-0.0085,,0.5667,procurement_supply_chain,0.5667,0.058,0.0433,0.0534,0.0479,0.0517,0.0439,0.0439,0.0474,0.0439
russia_sanctions_2022,MTG,40,sanctions_financial_restrictions,-0.0476,-0.1511,,0.6846,financial_treasury,0.0235,0.041,0.0366,0.0397,0.027,0.0386,0.0364,0.0364,0.6846,0.0364
russia_sanctions_2022,MUFG,40,sanctions_financial_restrictions,-0.054,-0.0413,,0.6846,financial_treasury,0.0235,0.041,0.0366,0.0397,0.027,0.0386,0.0364,0.0364,0.6846,0.0364
russia_corporate_exit_2022,MUFG,40,sanctions_financial_restrictions,0.0868,0.0503,,0.6846,financial_treasury,0.0235,0.041,0.0366,0.0397,0.027,0.0386,0.0364,0.0364,0.6846,0.0364
japan_korea_trade_dispute_2019,MUR,10,trade_policy_actions,-0.0278,-0.2129,,0.5369,procurement_supply_chain,0.5369,0.0498,0.0539,0.052,0.0369,0.057,0.0514,0.0514,0.0592,0.0514
australia_china_coal_ban_2020,MUR,10,trade_policy_actions,-0.0394,0.2598,,0.5369,procurement_supply_chain,0.5369,0.0498,0.0539,0.052,0.0369,0.057,0.0514,0.0514,0.0592,0.0514
china_gallium_germanium_export_controls_2023,MUR,10,resource_energy_disruptions,0.0629,0.1576,,0.5667,procurement_supply_chain,0.5667,0.058,0.0433,0.0534,0.0479,0.0517,0.0439,0.0439,0.0474,0.0439
ukraine_grain_crisis_2022,MUR,10,resource_energy_disruptions,0.0498,-0.1014,,0.5667,procurement_supply_chain,0.5667,0.058,0.0433,0.0534,0.0479,0.0517,0.0439,0.0439,0.0474,0.0439
eu_data_privacy_gdpr_2018,NBIX,35,regulatory_sovereignty_shifts,0.0671,0.0903,,0.6852,regulatory_compliance_cost,0.0098,0.0342,0.0402,0.6852,0.0238,0.0468,0.0385,0.0385,0.0444,0.0385
china_tech_crackdown_2021,NBIX,35,regulatory_sovereignty_shifts,-0.0265,-0.0486,,0.6852,regulatory_compliance_cost,0.0098,0.0342,0.0402,0.6852,0.0238,0.0468,0.0385,0.0385,0.0444,0.0385
cfius_qualcomm_broadcom_block_2018,NBIX,35,regulatory_sovereignty_shifts,-0.0603,-0.1342,,0.6852,regulatory_compliance_cost,0.0098,0.0342,0.0402,0.6852,0.0238,0.0468,0.0385,0.0385,0.0444,0.0385
russia_corporate_exit_2022,NDAQ,40,sanctions_financial_restrictions,0.0311,0.0507,,0.6846,financial_treasury,0.0235,0.041,0.0366,0.0397,0.027,0.0386,0.0364,0.0364,0.6846,0.0364
eu_china_ev_tariff_2024,NE,10,trade_policy_actions,-0.0273,0.0371,,0.5369,procurement_supply_chain,0.5369,0.0498,0.0539,0.052,0.0369,0.057,0.0514,0.0514,0.0592,0.0514
china_gallium_germanium_export_controls_2023,NE,10,resource_energy_disruptions,0.1269,0.2213,,0.5667,procurement_supply_chain,0.5667,0.058,0.0433,0.0534,0.0479,0.0517,0.0439,0.0439,0.0474,0.0439
ukraine_grain_crisis_2022,NE,10,resource_energy_disruptions,-0.0611,-0.2377,,0.5667,procurement_supply_chain,0.5667,0.058,0.0433,0.0534,0.0479,0.0517,0.0439,0.0439,0.0474,0.0439
eu_china_ev_tariff_2024,NEM,15,trade_policy_actions,0.0444,0.14,,0.5369,procurement_supply_chain,0.5369,0.0498,0.0539,0.052,0.0369,0.057,0.0514,0.0514,0.0592,0.0514
indonesia_nickel_ban_2020,NEM,15,resource_energy_disruptions,-0.0412,0.0143,,0.5667,procurement_supply_chain,0.5667,0.058,0.0433,0.0534,0.0479,0.0517,0.0439,0.0439,0.0474,0.0439
ukraine_grain_crisis_2022,NEM,15,resource_energy_disruptions,0.0303,-0.0451,,0.5667,procurement_supply_chain,0.5667,0.058,0.0433,0.0534,0.0479,0.0517,0.0439,0.0439,0.0474,0.0439
japan_korea_trade_dispute_2019,NEU,15,trade_policy_actions,0.0342,0.1795,,0.5369,procurement_supply_chain,0.5369,0.0498,0.0539,0.052,0.0369,0.057,0.0514,0.0514,0.0592,0.0514
eu_china_ev_tariff_2024,NEU,15,trade_policy_actions,-0.0305,0.0543,,0.5369,procurement_supply_chain,0.5369,0.0498,0.0539,0.052,0.0369,0.057,0.0514,0.0514,0.0592,0.0514
china_gallium_germanium_export_controls_2023,NEU,15,resource_energy_disruptions,0.0269,0.1362,,0.5667,procurement_supply_chain,0.5667,0.058,0.0433,0.0534,0.0479,0.0517,0.0439,0.0439,0.0474,0.0439
indonesia_nickel_ban_2020,NEU,15,resource_energy_disruptions,-0.053,-0.1327,,0.5667,procurement_supply_chain,0.5667,0.058,0.0433,0.0534,0.0479,0.0517,0.0439,0.0439,0.0474,0.0439
xinjiang_cotton_ban_2021,NFG,10,trade_policy_actions,0.0334,0.0593,,0.5369,procurement_supply_chain,0.5369,0.0498,0.0539,0.052,0.0369,0.057,0.0514,0.0514,0.0592,0.0514
indonesia_nickel_ban_2020,NFG,10,resource_energy_disruptions,-0.0342,-0.0705,,0.5667,procurement_supply_chain,0.5667,0.058,0.0433,0.0534,0.0479,0.0517,0.0439,0.0439,0.0474,0.0439
ukraine_grain_crisis_2022,NFG,10,resource_energy_disruptions,0.0407,-0.0143,,0.5667,procurement_supply_chain,0.5667,0.058,0.0433,0.0534,0.0479,0.0517,0.0439,0.0439,0.0474,0.0439
eu_data_privacy_gdpr_2018,NFLX,50,regulatory_sovereignty_shifts,0.0299,0.1832,,0.6852,regulatory_compliance_cost,0.0098,0.0342,0.0402,0.6852,0.0238,0.0468,0.0385,0.0385,0.0444,0.0385
india_bytedance_ban_2020,NFLX,50,regulatory_sovereignty_shifts,0.1027,0.044,,0.6852,regulatory_compliance_cost,0.0098,0.0342,0.0402,0.6852,0.0238,0.0468,0.0385,0.0385,0.0444,0.0385
boeing_737max_global_grounding_2019,NFLX,50,regulatory_sovereignty_shifts,0.0388,0.0197,,0.6852,regulatory_compliance_cost,0.0098,0.0342,0.0402,0.6852,0.0238,0.0468,0.0385,0.0385,0.0444,0.0385
russia_sanctions_2022,NMR,40,sanctions_financial_restrictions,-0.0519,-0.119,,0.6846,financial_treasury,0.0235,0.041,0.0366,0.0397,0.027,0.0386,0.0364,0.0364,0.6846,0.0364
russia_corporate_exit_2022,NMR,40,sanctions_financial_restrictions,0.046,-0.0387,,0.6846,financial_treasury,0.0235,0.041,0.0366,0.0397,0.027,0.0386,0.0364,0.0364,0.6846,0.0364
russia_corporate_exit_2022,NNI,40,sanctions_financial_restrictions,0.0401,0.0573,,0.6846,financial_treasury,0.0235,0.041,0.0366,0.0397,0.027,0.0386,0.0364,0.0364,0.6846,0.0364
us_iran_sanctions_reimpose_2018,NNI,40,sanctions_financial_restrictions,0.1183,0.1326,,0.6846,financial_treasury,0.0235,0.041,0.0366,0.0397,0.027,0.0386,0.0364,0.0364,0.6846,0.0364
australia_china_coal_ban_2020,NOV,10,trade_policy_actions,-0.0376,0.469,,0.5369,procurement_supply_chain,0.5369,0.0498,0.0539,0.052,0.0369,0.057,0.0514,0.0514,0.0592,0.0514
china_gallium_germanium_export_controls_2023,NOV,10,resource_energy_disruptions,0.1046,0.2535,,0.5667,procurement_supply_chain,0.5667,0.058,0.0433,0.0534,0.0479,0.0517,0.0439,0.0439,0.0474,0.0439
indonesia_nickel_ban_2020,NOV,10,resource_energy_disruptions,-0.0367,-0.0862,,0.5667,procurement_supply_chain,0.5667,0.058,0.0433,0.0534,0.0479,0.0517,0.0439,0.0439,0.0474,0.0439
ukraine_grain_crisis_2022,NOV,10,resource_energy_disruptions,0.0251,-0.0687,,0.5667,procurement_supply_chain,0.5667,0.058,0.0433,0.0534,0.0479,0.0517,0.0439,0.0439,0.0474,0.0439
eu_china_ev_tariff_2024,NPXYY,15,trade_policy_actions,-0.0407,-0.0407,,0.5369,procurement_supply_chain,0.5369,0.0498,0.0539,0.052,0.0369,0.057,0.0514,0.0514,0.0592,0.0514
eu_data_privacy_gdpr_2018,NTES,50,regulatory_sovereignty_shifts,0.0398,0.1617,,0.6852,regulatory_compliance_cost,0.0098,0.0342,0.0402,0.6852,0.0238,0.0468,0.0385,0.0385,0.0444,0.0385
india_bytedance_ban_2020,NTES,50,regulatory_sovereignty_shifts,0.0269,0.0506,,0.6852,regulatory_compliance_cost,0.0098,0.0342,0.0402,0.6852,0.0238,0.0468,0.0385,0.0385,0.0444,0.0385
japan_korea_trade_dispute_2019,NTR,15,trade_policy_actions,-0.056,-0.059,,0.5369,procurement_supply_chain,0.5369,0.0498,0.0539,0.052,0.0369,0.057,0.0514,0.0514,0.0592,0.0514
australia_china_coal_ban_2020,NTR,15,trade_policy_actions,-0.0251,0.1333,,0.5369,procurement_supply_chain,0.5369,0.0498,0.0539,0.052,0.0369,0.057,0.0514,0.0514,0.0592,0.0514
cfius_qualcomm_broadcom_block_2018,NTRA,35,regulatory_sovereignty_shifts,0.1461,0.1851,,0.6852,regulatory_compliance_cost,0.0098,0.0342,0.0402,0.6852,0.0238,0.0468,0.0385,0.0385,0.0444,0.0385
russia_sanctions_2022,NTRS,40,sanctions_financial_restrictions,-0.0875,-0.017,,0.6846,financial_treasury,0.0235,0.041,0.0366,0.0397,0.027,0.0386,0.0364,0.0364,0.6846,0.0364
russia_corporate_exit_2022,NTRS,40,sanctions_financial_restrictions,0.0672,0.0857,,0.6846,financial_treasury,0.0235,0.041,0.0366,0.0397,0.027,0.0386,0.0364,0.0364,0.6846,0.0364
russia_sanctions_2022,NU,40,sanctions_financial_restrictions,-0.0797,-0.0643,,0.6846,financial_treasury,0.0235,0.041,0.0366,0.0397,0.027,0.0386,0.0364,0.0364,0.6846,0.0364
russia_corporate_exit_2022,NU,40,sanctions_financial_restrictions,-0.2111,-0.0554,,0.6846,financial_treasury,0.0235,0.041,0.0366,0.0397,0.027,0.0386,0.0364,0.0364,0.6846,0.0364
xinjiang_cotton_ban_2021,NUE,15,trade_policy_actions,0.1614,0.3845,,0.5369,procurement_supply_chain,0.5369,0.0498,0.0539,0.052,0.0369,0.057,0.0514,0.0514,0.0592,0.0514
indonesia_nickel_ban_2020,NUE,15,resource_energy_disruptions,-0.0494,-0.1622,,0.5667,procurement_supply_chain,0.5667,0.058,0.0433,0.0534,0.0479,0.0517,0.0439,0.0439,0.0474,0.0439
ukraine_grain_crisis_2022,NUE,15,resource_energy_disruptions,0.0548,-0.1086,,0.5667,procurement_supply_chain,0.5667,0.058,0.0433,0.0534,0.0479,0.0517,0.0439,0.0439,0.0474,0.0439
boeing_737max_global_grounding_2019,NVO,35,regulatory_sovereignty_shifts,0.0459,-0.0228,,0.6852,regulatory_compliance_cost,0.0098,0.0342,0.0402,0.6852,0.0238,0.0468,0.0385,0.0385,0.0444,0.0385
russia_sanctions_2022,NWG,40,sanctions_financial_restrictions,-0.152,-0.0824,,0.6846,financial_treasury,0.0235,0.041,0.0366,0.0397,0.027,0.0386,0.0364,0.0364,0.6846,0.0364
russia_corporate_exit_2022,NWG,40,sanctions_financial_restrictions,0.0739,0.1618,,0.6846,financial_treasury,0.0235,0.041,0.0366,0.0397,0.027,0.0386,0.0364,0.0364,0.6846,0.0364
us_iran_sanctions_reimpose_2018,NWG,40,sanctions_financial_restrictions,0.071,-0.075,,0.6846,financial_treasury,0.0235,0.041,0.0366,0.0397,0.027,0.0386,0.0364,0.0364,0.6846,0.0364
india_bytedance_ban_2020,NWSA,50,regulatory_sovereignty_shifts,0.03,0.2781,,0.6852,regulatory_compliance_cost,0.0098,0.0342,0.0402,0.6852,0.0238,0.0468,0.0385,0.0385,0.0444,0.0385
japan_korea_trade_dispute_2019,NXE,10,trade_policy_actions,0.0932,-0.2609,,0.5369,procurement_supply_chain,0.5369,0.0498,0.0539,0.052,0.0369,0.057,0.0514,0.0514,0.0592,0.0514
xinjiang_cotton_ban_2021,NXE,10,trade_policy_actions,0.0614,0.345,,0.5369,procurement_supply_chain,0.5369,0.0498,0.0539,0.052,0.0369,0.057,0.0514,0.0514,0.0592,0.0514
eu_china_ev_tariff_2024,NXE,10,trade_policy_actions,0.041,-0.0454,,0.5369,procurement_supply_chain,0.5369,0.0498,0.0539,0.052,0.0369,0.057,0.0514,0.0514,0.0592,0.0514
indonesia_nickel_ban_2020,NXE,10,resource_energy_disruptions,-0.0703,-0.1016,,0.5667,procurement_supply_chain,0.5667,0.058,0.0433,0.0534,0.0479,0.0517,0.0439,0.0439,0.0474,0.0439
ukraine_grain_crisis_2022,NXE,10,resource_energy_disruptions,0.0701,-0.1425,,0.5667,procurement_supply_chain,0.5667,0.058,0.0433,0.0534,0.0479,0.0517,0.0439,0.0439,0.0474,0.0439
cfius_qualcomm_broadcom_block_2018,NXST,50,regulatory_sovereignty_shifts,-0.0287,-0.0992,,0.6852,regulatory_compliance_cost,0.0098,0.0342,0.0402,0.6852,0.0238,0.0468,0.0385,0.0385,0.0444,0.0385
cfius_qualcomm_broadcom_block_2018,NYT,50,regulatory_sovereignty_shifts,-0.0615,-0.1156,,0.6852,regulatory_compliance_cost,0.0098,0.0342,0.0402,0.6852,0.0238,0.0468,0.0385,0.0385,0.0444,0.0385
boeing_737max_global_grounding_2019,NYT,50,regulatory_sovereignty_shifts,-0.0331,-0.0554,,0.6852,regulatory_compliance_cost,0.0098,0.0342,0.0402,0.6852,0.0238,0.0468,0.0385,0.0385,0.0444,0.0385
japan_korea_trade_dispute_2019,OGC,15,trade_policy_actions,-0.044,-0.1026,,0.5369,procurement_supply_chain,0.5369,0.0498,0.0539,0.052,0.0369,0.057,0.0514,0.0514,0.0592,0.0514
australia_china_coal_ban_2020,OGC,15,trade_policy_actions,-0.0621,-0.2112,,0.5369,procurement_supply_chain,0.5369,0.0498,0.0539,0.052,0.0369,0.057,0.0514,0.0514,0.0592,0.0514
eu_china_ev_tariff_2024,OGC,15,trade_policy_actions,0.047,0.1154,,0.5369,procurement_supply_chain,0.5369,0.0498,0.0539,0.052,0.0369,0.057,0.0514,0.0514,0.0592,0.0514
indonesia_nickel_ban_2020,OGC,15,resource_energy_disruptions,-0.0404,-0.0606,,0.5667,procurement_supply_chain,0.5667,0.058,0.0433,0.0534,0.0479,0.0517,0.0439,0.0439,0.0474,0.0439
ukraine_grain_crisis_2022,OGC,15,resource_energy_disruptions,0.0591,-0.0394,,0.5667,procurement_supply_chain,0.5667,0.058,0.0433,0.0534,0.0479,0.0517,0.0439,0.0439,0.0474,0.0439
australia_china_coal_ban_2020,OKE,10,trade_policy_actions,-0.0302,0.2443,,0.5369,procurement_supply_chain,0.5369,0.0498,0.0539,0.052,0.0369,0.057,0.0514,0.0514,0.0592,0.0514
xinjiang_cotton_ban_2021,OKE,10,trade_policy_actions,0.0394,0.1163,,0.5369,procurement_supply_chain,0.5369,0.0498,0.0539,0.052,0.0369,0.057,0.0514,0.0514,0.0592,0.0514
ukraine_grain_crisis_2022,OKE,10,resource_energy_disruptions,-0.025,-0.139,,0.5667,procurement_supply_chain,0.5667,0.058,0.0433,0.0534,0.0479,0.0517,0.0439,0.0439,0.0474,0.0439
india_bytedance_ban_2020,OMC,50,regulatory_sovereignty_shifts,0.0262,0.0267,,0.6852,regulatory_compliance_cost,0.0098,0.0342,0.0402,0.6852,0.0238,0.0468,0.0385,0.0385,0.0444,0.0385
russia_sanctions_2022,OMF,40,sanctions_financial_restrictions,-0.0984,-0.0955,,0.6846,financial_treasury,0.0235,0.041,0.0366,0.0397,0.027,0.0386,0.0364,0.0364,0.6846,0.0364
us_iran_sanctions_reimpose_2018,OMF,40,sanctions_financial_restrictions,0.0363,0.0491,,0.6846,financial_treasury,0.0235,0.041,0.0366,0.0397,0.027,0.0386,0.0364,0.0364,0.6846,0.0364
russia_sanctions_2022,ONB,40,sanctions_financial_restrictions,-0.0466,-0.1597,,0.6846,financial_treasury,0.0235,0.041,0.0366,0.0397,0.027,0.0386,0.0364,0.0364,0.6846,0.0364
eu_data_privacy_gdpr_2018,ONC,35,regulatory_sovereignty_shifts,0.0522,-0.1374,,0.6852,regulatory_compliance_cost,0.0098,0.0342,0.0402,0.6852,0.0238,0.0468,0.0385,0.0385,0.0444,0.0385
china_tech_crackdown_2021,ONC,35,regulatory_sovereignty_shifts,0.0331,0.0936,,0.6852,regulatory_compliance_cost,0.0098,0.0342,0.0402,0.6852,0.0238,0.0468,0.0385,0.0385,0.0444,0.0385
india_bytedance_ban_2020,ONC,35,regulatory_sovereignty_shifts,0.0391,0.107,,0.6852,regulatory_compliance_cost,0.0098,0.0342,0.0402,0.6852,0.0238,0.0468,0.0385,0.0385,0.0444,0.0385
cfius_qualcomm_broadcom_block_2018,ONC,35,regulatory_sovereignty_shifts,0.0603,0.1004,,0.6852,regulatory_compliance_cost,0.0098,0.0342,0.0402,0.6852,0.0238,0.0468,0.0385,0.0385,0.0444,0.0385
australia_china_coal_ban_2020,OR,15,trade_policy_actions,-0.0452,-0.1445,,0.5369,procurement_supply_chain,0.5369,0.0498,0.0539,0.052,0.0369,0.057,0.0514,0.0514,0.0592,0.0514
china_gallium_germanium_export_controls_2023,OR,15,resource_energy_disruptions,-0.0896,-0.1481,,0.5667,procurement_supply_chain,0.5667,0.058,0.0433,0.0534,0.0479,0.0517,0.0439,0.0439,0.0474,0.0439
indonesia_nickel_ban_2020,OR,15,resource_energy_disruptions,-0.0371,0.0618,,0.5667,procurement_supply_chain,0.5667,0.058,0.0433,0.0534,0.0479,0.0517,0.0439,0.0439,0.0474,0.0439
ukraine_grain_crisis_2022,OR,15,resource_energy_disruptions,0.0839,-0.0081,,0.5667,procurement_supply_chain,0.5667,0.058,0.0433,0.0534,0.0479,0.0517,0.0439,0.0439,0.0474,0.0439
japan_korea_trade_dispute_2019,ORLA,15,trade_policy_actions,0.1389,0.5369,,0.5369,procurement_supply_chain,0.5369,0.0498,0.0539,0.052,0.0369,0.057,0.0514,0.0514,0.0592,0.0514
australia_china_coal_ban_2020,ORLA,15,trade_policy_actions,-0.0935,0.0152,,0.5369,procurement_supply_chain,0.5369,0.0498,0.0539,0.052,0.0369,0.057,0.0514,0.0514,0.0592,0.0514
xinjiang_cotton_ban_2021,ORLA,15,trade_policy_actions,-0.0339,-0.026,,0.5369,procurement_supply_chain,0.5369,0.0498,0.0539,0.052,0.0369,0.057,0.0514,0.0514,0.0592,0.0514
eu_china_ev_tariff_2024,ORLA,15,trade_policy_actions,-0.0272,-0.0767,,0.5369,procurement_supply_chain,0.5369,0.0498,0.0539,0.052,0.0369,0.057,0.0514,0.0514,0.0592,0.0514
china_gallium_germanium_export_controls_2023,ORLA,15,resource_energy_disruptions,0.031,0.0716,,0.5667,procurement_supply_chain,0.5667,0.058,0.0433,0.0534,0.0479,0.0517,0.0439,0.0439,0.0474,0.0439
indonesia_nickel_ban_2020,ORLA,15,resource_energy_disruptions,-0.1043,0.1146,,0.5667,procurement_supply_chain,0.5667,0.058,0.0433,0.0534,0.0479,0.0517,0.0439,0.0439,0.0474,0.0439
ukraine_grain_crisis_2022,ORLA,15,resource_energy_disruptions,0.0379,-0.2753,,0.5667,procurement_supply_chain,0.5667,0.058,0.0433,0.0534,0.0479,0.0517,0.0439,0.0439,0.0474,0.0439
china_tech_crackdown_2021,OSCR,35,regulatory_sovereignty_shifts,-0.1527,-0.1532,,0.6852,regulatory_compliance_cost,0.0098,0.0342,0.0402,0.6852,0.0238,0.0468,0.0385,0.0385,0.0444,0.0385
eu_china_ev_tariff_2024,OVV,10,trade_policy_actions,-0.0302,-0.0418,,0.5369,procurement_supply_chain,0.5369,0.0498,0.0539,0.052,0.0369,0.057,0.0514,0.0514,0.0592,0.0514
china_gallium_germanium_export_controls_2023,OVV,10,resource_energy_disruptions,0.0618,0.2647,,0.5667,procurement_supply_chain,0.5667,0.058,0.0433,0.0534,0.0479,0.0517,0.0439,0.0439,0.0474,0.0439
indonesia_nickel_ban_2020,OVV,10,resource_energy_disruptions,-0.0512,-0.3224,,0.5667,procurement_supply_chain,0.5667,0.058,0.0433,0.0534,0.0479,0.0517,0.0439,0.0439,0.0474,0.0439
ukraine_grain_crisis_2022,OVV,10,resource_energy_disruptions,0.1261,0.0369,,0.5667,procurement_supply_chain,0.5667,0.058,0.0433,0.0534,0.0479,0.0517,0.0439,0.0439,0.0474,0.0439
russia_sanctions_2022,OWL,40,sanctions_financial_restrictions,-0.0668,0.0298,,0.6846,financial_treasury,0.0235,0.041,0.0366,0.0397,0.027,0.0386,0.0364,0.0364,0.6846,0.0364
russia_corporate_exit_2022,OWL,40,sanctions_financial_restrictions,0.0421,0.2581,,0.6846,financial_treasury,0.0235,0.041,0.0366,0.0397,0.027,0.0386,0.0364,0.0364,0.6846,0.0364
japan_korea_trade_dispute_2019,OXY,10,trade_policy_actions,0.0519,-0.0936,,0.5369,procurement_supply_chain,0.5369,0.0498,0.0539,0.052,0.0369,0.057,0.0514,0.0514,0.0592,0.0514
australia_china_coal_ban_2020,OXY,10,trade_policy_actions,-0.0916,0.4579,,0.5369,procurement_supply_chain,0.5369,0.0498,0.0539,0.052,0.0369,0.057,0.0514,0.0514,0.0592,0.0514
eu_china_ev_tariff_2024,OXY,10,trade_policy_actions,0.0355,0.004,,0.5369,procurement_supply_chain,0.5369,0.0498,0.0539,0.052,0.0369,0.057,0.0514,0.0514,0.0592,0.0514
indonesia_nickel_ban_2020,OXY,10,resource_energy_disruptions,0.1009,0.0095,,0.5667,procurement_supply_chain,0.5667,0.058,0.0433,0.0534,0.0479,0.0517,0.0439,0.0439,0.0474,0.0439
ukraine_grain_crisis_2022,OXY,10,resource_energy_disruptions,-0.034,-0.1256,,0.5667,procurement_supply_chain,0.5667,0.058,0.0433,0.0534,0.0479,0.0517,0.0439,0.0439,0.0474,0.0439
russia_sanctions_2022,OZK,40,sanctions_financial_restrictions,-0.0904,-0.1475,,0.6846,financial_treasury,0.0235,0.041,0.0366,0.0397,0.027,0.0386,0.0364,0.0364,0.6846,0.0364
russia_corporate_exit_2022,OZK,40,sanctions_financial_restrictions,0.0543,0.0116,,0.6846,financial_treasury,0.0235,0.041,0.0366,0.0397,0.027,0.0386,0.0364,0.0364,0.6846,0.0364
ukraine_grain_crisis_2022,PAA,10,resource_energy_disruptions,0.0317,-0.0719,,0.5667,procurement_supply_chain,0.5667,0.058,0.0433,0.0534,0.0479,0.0517,0.0439,0.0439,0.0474,0.0439
australia_china_coal_ban_2020,PAAS,15,trade_policy_actions,-0.0662,-0.1492,,0.5369,procurement_supply_chain,0.5369,0.0498,0.0539,0.052,0.0369,0.057,0.0514,0.0514,0.0592,0.0514
indonesia_nickel_ban_2020,PAAS,15,resource_energy_disruptions,-0.0659,-0.0536,,0.5667,procurement_supply_chain,0.5667,0.058,0.0433,0.0534,0.0479,0.0517,0.0439,0.0439,0.0474,0.0439
ukraine_grain_crisis_2022,PAAS,15,resource_energy_disruptions,0.0266,-0.052,,0.5667,procurement_supply_chain,0.5667,0.058,0.0433,0.0534,0.0479,0.0517,0.0439,0.0439,0.0474,0.0439
russia_sanctions_2022,PB,40,sanctions_financial_restrictions,-0.046,-0.1008,,0.6846,financial_treasury,0.0235,0.041,0.0366,0.0397,0.027,0.0386,0.0364,0.0364,0.6846,0.0364
china_gallium_germanium_export_controls_2023,PBA,10,resource_energy_disruptions,-0.0343,-0.0365,,0.5667,procurement_supply_chain,0.5667,0.058,0.0433,0.0534,0.0479,0.0517,0.0439,0.0439,0.0474,0.0439
indonesia_nickel_ban_2020,PBA,10,resource_energy_disruptions,0.0335,0.0787,,0.5667,procurement_supply_chain,0.5667,0.058,0.0433,0.0534,0.0479,0.0517,0.0439,0.0439,0.0474,0.0439
australia_china_coal_ban_2020,PBF,10,trade_policy_actions,-0.1294,0.322,,0.5369,procurement_supply_chain,0.5369,0.0498,0.0539,0.052,0.0369,0.057,0.0514,0.0514,0.0592,0.0514
xinjiang_cotton_ban_2021,PBF,10,trade_policy_actions,0.0528,0.1987,,0.5369,procurement_supply_chain,0.5369,0.0498,0.0539,0.052,0.0369,0.057,0.0514,0.0514,0.0592,0.0514
indonesia_nickel_ban_2020,PBF,10,resource_energy_disruptions,0.0287,-0.0733,,0.5667,procurement_supply_chain,0.5667,0.058,0.0433,0.0534,0.0479,0.0517,0.0439,0.0439,0.0474,0.0439
japan_korea_trade_dispute_2019,PBR,10,trade_policy_actions,0.0978,-0.137,,0.5369,procurement_supply_chain,0.5369,0.0498,0.0539,0.052,0.0369,0.057,0.0514,0.0514,0.0592,0.0514
australia_china_coal_ban_2020,PBR,10,trade_policy_actions,-0.0466,0.2808,,0.5369,procurement_supply_chain,0.5369,0.0498,0.0539,0.052,0.0369,0.057,0.0514,0.0514,0.0592,0.0514
xinjiang_cotton_ban_2021,PBR,10,trade_policy_actions,0.0587,0.1318,,0.5369,procurement_supply_chain,0.5369,0.0498,0.0539,0.052,0.0369,0.057,0.0514,0.0514,0.0592,0.0514
china_gallium_germanium_export_controls_2023,PBR,10,resource_energy_disruptions,-0.0293,-0.0387,,0.5667,procurement_supply_chain,0.5667,0.058,0.0433,0.0534,0.0479,0.0517,0.0439,0.0439,0.0474,0.0439
ukraine_grain_crisis_2022,PBR,10,resource_energy_disruptions,0.0949,-0.1243,,0.5667,procurement_supply_chain,0.5667,0.058,0.0433,0.0534,0.0479,0.0517,0.0439,0.0439,0.0474,0.0439
india_bytedance_ban_2020,PCVX,35,regulatory_sovereignty_shifts,-0.0779,0.2013,,0.6852,regulatory_compliance_cost,0.0098,0.0342,0.0402,0.6852,0.0238,0.0468,0.0385,0.0385,0.0444,0.0385
russia_corporate_exit_2022,PDI,40,sanctions_financial_restrictions,-0.0647,-0.028,,0.6846,financial_treasury,0.0235,0.041,0.0366,0.0397,0.027,0.0386,0.0364,0.0364,0.6846,0.0364
eu_data_privacy_gdpr_2018,PEN,35,regulatory_sovereignty_shifts,0.0513,-0.1079,,0.6852,regulatory_compliance_cost,0.0098,0.0342,0.0402,0.6852,0.0238,0.0468,0.0385,0.0385,0.0444,0.0385
india_bytedance_ban_2020,PEN,35,regulatory_sovereignty_shifts,0.109,0.3511,,0.6852,regulatory_compliance_cost,0.0098,0.0342,0.0402,0.6852,0.0238,0.0468,0.0385,0.0385,0.0444,0.0385
boeing_737max_global_grounding_2019,PEN,35,regulatory_sovereignty_shifts,0.0608,-0.0804,,0.6852,regulatory_compliance_cost,0.0098,0.0342,0.0402,0.6852,0.0238,0.0468,0.0385,0.0385,0.0444,0.0385
china_tech_crackdown_2021,PFE,35,regulatory_sovereignty_shifts,0.0643,0.1318,,0.6852,regulatory_compliance_cost,0.0098,0.0342,0.0402,0.6852,0.0238,0.0468,0.0385,0.0385,0.0444,0.0385
india_bytedance_ban_2020,PFE,35,regulatory_sovereignty_shifts,0.0426,0.1691,,0.6852,regulatory_compliance_cost,0.0098,0.0342,0.0402,0.6852,0.0238,0.0468,0.0385,0.0385,0.0444,0.0385
russia_sanctions_2022,PFG,40,sanctions_financial_restrictions,-0.0646,0.0372,,0.6846,financial_treasury,0.0235,0.041,0.0366,0.0397,0.027,0.0386,0.0364,0.0364,0.6846,0.0364
russia_corporate_exit_2022,PFG,40,sanctions_financial_restrictions,0.0503,0.1861,,0.6846,financial_treasury,0.0235,0.041,0.0366,0.0397,0.027,0.0386,0.0364,0.0364,0.6846,0.0364
us_iran_sanctions_reimpose_2018,PFG,40,sanctions_financial_restrictions,0.0301,-0.017,,0.6846,financial_treasury,0.0235,0.041,0.0366,0.0397,0.027,0.0386,0.0364,0.0364,0.6846,0.0364
russia_corporate_exit_2022,PGR,40,sanctions_financial_restrictions,0.0342,0.0904,,0.6846,financial_treasury,0.0235,0.041,0.0366,0.0397,0.027,0.0386,0.0364,0.0364,0.6846,0.0364
china_tech_crackdown_2021,PHG,35,regulatory_sovereignty_shifts,-0.0394,0.0127,,0.6852,regulatory_compliance_cost,0.0098,0.0342,0.0402,0.6852,0.0238,0.0468,0.0385,0.0385,0.0444,0.0385
china_tech_crackdown_2021,PINS,50,regulatory_sovereignty_shifts,-0.2573,-0.2753,,0.6852,regulatory_compliance_cost,0.0098,0.0342,0.0402,0.6852,0.0238,0.0468,0.0385,0.0385,0.0444,0.0385
india_bytedance_ban_2020,PINS,50,regulatory_sovereignty_shifts,0.1729,0.5608,,0.6852,regulatory_compliance_cost,0.0098,0.0342,0.0402,0.6852,0.0238,0.0468,0.0385,0.0385,0.0444,0.0385
russia_sanctions_2022,PIPR,40,sanctions_financial_restrictions,-0.0505,-0.2042,,0.6846,financial_treasury,0.0235,0.041,0.0366,0.0397,0.027,0.0386,0.0364,0.0364,0.6846,0.0364
us_iran_sanctions_reimpose_2018,PIPR,40,sanctions_financial_restrictions,0.0442,0.1094,,0.6846,financial_treasury,0.0235,0.041,0.0366,0.0397,0.027,0.0386,0.0364,0.0364,0.6846,0.0364
russia_sanctions_2022,PJT,40,sanctions_financial_restrictions,-0.1041,-0.0348,,0.6846,financial_treasury,0.0235,0.041,0.0366,0.0397,0.027,0.0386,0.0364,0.0364,0.6846,0.0364
russia_corporate_exit_2022,PJT,40,sanctions_financial_restrictions,0.1079,0.2017,,0.6846,financial_treasury,0.0235,0.041,0.0366,0.0397,0.027,0.0386,0.0364,0.0364,0.6846,0.0364
us_iran_sanctions_reimpose_2018,PJT,40,sanctions_financial_restrictions,0.0289,0.0815,,0.6846,financial_treasury,0.0235,0.041,0.0366,0.0397,0.027,0.0386,0.0364,0.0364,0.6846,0.0364
japan_korea_trade_dispute_2019,PKX,15,trade_policy_actions,-0.0348,-0.1944,,0.5369,procurement_supply_chain,0.5369,0.0498,0.0539,0.052,0.0369,0.057,0.0514,0.0514,0.0592,0.0514
xinjiang_cotton_ban_2021,PKX,15,trade_policy_actions,0.0698,0.3098,,0.5369,procurement_supply_chain,0.5369,0.0498,0.0539,0.052,0.0369,0.057,0.0514,0.0514,0.0592,0.0514
ukraine_grain_crisis_2022,PKX,15,resource_energy_disruptions,0.055,-0.1766,,0.5667,procurement_supply_chain,0.5667,0.058,0.0433,0.0534,0.0479,0.0517,0.0439,0.0439,0.0474,0.0439
russia_sanctions_2022,PNC,40,sanctions_financial_restrictions,-0.0878,-0.0887,,0.6846,financial_treasury,0.0235,0.041,0.0366,0.0397,0.027,0.0386,0.0364,0.0364,0.6846,0.0364
russia_sanctions_2022,PNFP,40,sanctions_financial_restrictions,-0.0456,-0.1364,,0.6846,financial_treasury,0.0235,0.041,0.0366,0.0397,0.027,0.0386,0.0364,0.0364,0.6846,0.0364
russia_corporate_exit_2022,PNFP,40,sanctions_financial_restrictions,0.0337,-0.0626,,0.6846,financial_treasury,0.0235,0.041,0.0366,0.0397,0.027,0.0386,0.0364,0.0364,0.6846,0.0364
india_bytedance_ban_2020,PODD,35,regulatory_sovereignty_shifts,0.1025,0.0635,,0.6852,regulatory_compliance_cost,0.0098,0.0342,0.0402,0.6852,0.0238,0.0468,0.0385,0.0385,0.0444,0.0385
boeing_737max_global_grounding_2019,PODD,35,regulatory_sovereignty_shifts,0.0391,-0.1309,,0.6852,regulatory_compliance_cost,0.0098,0.0342,0.0402,0.6852,0.0238,0.0468,0.0385,0.0385,0.0444,0.0385
indonesia_nickel_ban_2020,PPG,15,resource_energy_disruptions,-0.0362,-0.0999,,0.5667,procurement_supply_chain,0.5667,0.058,0.0433,0.0534,0.0479,0.0517,0.0439,0.0439,0.0474,0.0439
japan_korea_trade_dispute_2019,PR,10,trade_policy_actions,0.0395,-0.4169,,0.5369,procurement_supply_chain,0.5369,0.0498,0.0539,0.052,0.0369,0.057,0.0514,0.0514,0.0592,0.0514
australia_china_coal_ban_2020,PR,10,trade_policy_actions,-0.0291,0.7584,,0.5369,procurement_supply_chain,0.5369,0.0498,0.0539,0.052,0.0369,0.057,0.0514,0.0514,0.0592,0.0514
china_gallium_germanium_export_controls_2023,PR,10,resource_energy_disruptions,0.0506,0.1277,,0.5667,procurement_supply_chain,0.5667,0.058,0.0433,0.0534,0.0479,0.0517,0.0439,0.0439,0.0474,0.0439
ukraine_grain_crisis_2022,PR,10,resource_energy_disruptions,-0.0928,-0.1791,,0.5667,procurement_supply_chain,0.5667,0.058,0.0433,0.0534,0.0479,0.0517,0.0439,0.0439,0.0474,0.0439
china_tech_crackdown_2021,PRAX,35,regulatory_sovereignty_shifts,-0.0494,0.3764,,0.6852,regulatory_compliance_cost,0.0098,0.0342,0.0402,0.6852,0.0238,0.0468,0.0385,0.0385,0.0444,0.0385
russia_sanctions_2022,PRI,40,sanctions_financial_restrictions,-0.0407,0.0272,,0.6846,financial_treasury,0.0235,0.041,0.0366,0.0397,0.027,0.0386,0.0364,0.0364,0.6846,0.0364
eu_china_ev_tariff_2024,PRM,15,trade_policy_actions,0.0563,0.2011,,0.5369,procurement_supply_chain,0.5369,0.0498,0.0539,0.052,0.0369,0.057,0.0514,0.0514,0.0592,0.0514
china_gallium_germanium_export_controls_2023,PRM,15,resource_energy_disruptions,-0.0818,-0.0334,,0.5667,procurement_supply_chain,0.5667,0.058,0.0433,0.0534,0.0479,0.0517,0.0439,0.0439,0.0474,0.0439
ukraine_grain_crisis_2022,PRM,15,resource_energy_disruptions,0.0269,0.122,,0.5667,procurement_supply_chain,0.5667,0.058,0.0433,0.0534,0.0479,0.0517,0.0439,0.0439,0.0474,0.0439
russia_sanctions_2022,PRU,40,sanctions_financial_restrictions,-0.0565,0.0347,,0.6846,financial_treasury,0.0235,0.041,0.0366,0.0397,0.027,0.0386,0.0364,0.0364,0.6846,0.0364
russia_corporate_exit_2022,PRU,40,sanctions_financial_restrictions,0.0587,0.1674,,0.6846,financial_treasury,0.0235,0.041,0.0366,0.0397,0.027,0.0386,0.0364,0.0364,0.6846,0.0364
cfius_qualcomm_broadcom_block_2018,PSKY,50,regulatory_sovereignty_shifts,-0.0283,-0.0448,,0.6852,regulatory_compliance_cost,0.0098,0.0342,0.0402,0.6852,0.0238,0.0468,0.0385,0.0385,0.0444,0.0385
boeing_737max_global_grounding_2019,PSKY,50,regulatory_sovereignty_shifts,-0.0522,0.0402,,0.6852,regulatory_compliance_cost,0.0098,0.0342,0.0402,0.6852,0.0238,0.0468,0.0385,0.0385,0.0444,0.0385
china_tech_crackdown_2021,PSO,50,regulatory_sovereignty_shifts,-0.032,-0.1124,,0.6852,regulatory_compliance_cost,0.0098,0.0342,0.0402,0.6852,0.0238,0.0468,0.0385,0.0385,0.0444,0.0385
japan_korea_trade_dispute_2019,PSX,10,trade_policy_actions,0.0341,0.0187,,0.5369,procurement_supply_chain,0.5369,0.0498,0.0539,0.052,0.0369,0.057,0.0514,0.0514,0.0592,0.0514
australia_china_coal_ban_2020,PSX,10,trade_policy_actions,-0.0844,0.2507,,0.5369,procurement_supply_chain,0.5369,0.0498,0.0539,0.052,0.0369,0.057,0.0514,0.0514,0.0592,0.0514
china_gallium_germanium_export_controls_2023,PSX,10,resource_energy_disruptions,0.0613,0.1858,,0.5667,procurement_supply_chain,0.5667,0.058,0.0433,0.0534,0.0479,0.0517,0.0439,0.0439,0.0474,0.0439
indonesia_nickel_ban_2020,PSX,10,resource_energy_disruptions,-0.052,-0.1888,,0.5667,procurement_supply_chain,0.5667,0.058,0.0433,0.0534,0.0479,0.0517,0.0439,0.0439,0.0474,0.0439
eu_data_privacy_gdpr_2018,PTCT,35,regulatory_sovereignty_shifts,0.1932,0.1935,,0.6852,regulatory_compliance_cost,0.0098,0.0342,0.0402,0.6852,0.0238,0.0468,0.0385,0.0385,0.0444,0.0385
china_tech_crackdown_2021,PTCT,35,regulatory_sovereignty_shifts,-0.0616,0.0531,,0.6852,regulatory_compliance_cost,0.0098,0.0342,0.0402,0.6852,0.0238,0.0468,0.0385,0.0385,0.0444,0.0385
india_bytedance_ban_2020,PTCT,35,regulatory_sovereignty_shifts,0.0863,-0.0521,,0.6852,regulatory_compliance_cost,0.0098,0.0342,0.0402,0.6852,0.0238,0.0468,0.0385,0.0385,0.0444,0.0385
cfius_qualcomm_broadcom_block_2018,PTCT,35,regulatory_sovereignty_shifts,0.0433,-0.0852,,0.6852,regulatory_compliance_cost,0.0098,0.0342,0.0402,0.6852,0.0238,0.0468,0.0385,0.0385,0.0444,0.0385
boeing_737max_global_grounding_2019,PTCT,35,regulatory_sovereignty_shifts,0.0776,0.1067,,0.6852,regulatory_compliance_cost,0.0098,0.0342,0.0402,0.6852,0.0238,0.0468,0.0385,0.0385,0.0444,0.0385
eu_data_privacy_gdpr_2018,PTGX,35,regulatory_sovereignty_shifts,0.0511,0.1381,,0.6852,regulatory_compliance_cost,0.0098,0.0342,0.0402,0.6852,0.0238,0.0468,0.0385,0.0385,0.0444,0.0385
china_tech_crackdown_2021,PTGX,35,regulatory_sovereignty_shifts,0.0438,0.0342,,0.6852,regulatory_compliance_cost,0.0098,0.0342,0.0402,0.6852,0.0238,0.0468,0.0385,0.0385,0.0444,0.0385
india_bytedance_ban_2020,PTGX,35,regulatory_sovereignty_shifts,0.0552,-0.0247,,0.6852,regulatory_compliance_cost,0.0098,0.0342,0.0402,0.6852,0.0238,0.0468,0.0385,0.0385,0.0444,0.0385
boeing_737max_global_grounding_2019,PTGX,35,regulatory_sovereignty_shifts,0.3955,0.0594,,0.6852,regulatory_compliance_cost,0.0098,0.0342,0.0402,0.6852,0.0238,0.0468,0.0385,0.0385,0.0444,0.0385
russia_sanctions_2022,PUK,40,sanctions_financial_restrictions,-0.1127,-0.0899,,0.6846,financial_treasury,0.0235,0.041,0.0366,0.0397,0.027,0.0386,0.0364,0.0364,0.6846,0.0364
russia_sanctions_2022,PYPL,40,sanctions_financial_restrictions,-0.0994,0.0024,,0.6846,financial_treasury,0.0235,0.041,0.0366,0.0397,0.027,0.0386,0.0364,0.0364,0.6846,0.0364
russia_corporate_exit_2022,PYPL,40,sanctions_financial_restrictions,0.0586,0.0,,0.6846,financial_treasury,0.0235,0.041,0.0366,0.0397,0.027,0.0386,0.0364,0.0364,0.6846,0.0364
us_iran_sanctions_reimpose_2018,PYPL,40,sanctions_financial_restrictions,0.0273,0.1351,,0.6846,financial_treasury,0.0235,0.041,0.0366,0.0397,0.027,0.0386,0.0364,0.0364,0.6846,0.0364
china_tech_crackdown_2021,RBLX,50,regulatory_sovereignty_shifts,-0.043,0.0384,,0.6852,regulatory_compliance_cost,0.0098,0.0342,0.0402,0.6852,0.0238,0.0468,0.0385,0.0385,0.0444,0.0385
china_tech_crackdown_2021,RDY,35,regulatory_sovereignty_shifts,-0.1378,-0.0842,,0.6852,regulatory_compliance_cost,0.0098,0.0342,0.0402,0.6852,0.0238,0.0468,0.0385,0.0385,0.0444,0.0385
india_bytedance_ban_2020,RDY,35,regulatory_sovereignty_shifts,-0.0298,0.1626,,0.6852,regulatory_compliance_cost,0.0098,0.0342,0.0402,0.6852,0.0238,0.0468,0.0385,0.0385,0.0444,0.0385
boeing_737max_global_grounding_2019,RDY,35,regulatory_sovereignty_shifts,0.0492,0.0738,,0.6852,regulatory_compliance_cost,0.0098,0.0342,0.0402,0.6852,0.0238,0.0468,0.0385,0.0385,0.0444,0.0385
eu_data_privacy_gdpr_2018,REGN,35,regulatory_sovereignty_shifts,0.0625,0.2469,,0.6852,regulatory_compliance_cost,0.0098,0.0342,0.0402,0.6852,0.0238,0.0468,0.0385,0.0385,0.0444,0.0385
india_bytedance_ban_2020,REGN,35,regulatory_sovereignty_shifts,0.0491,-0.0197,,0.6852,regulatory_compliance_cost,0.0098,0.0342,0.0402,0.6852,0.0238,0.0468,0.0385,0.0385,0.0444,0.0385
russia_sanctions_2022,RF,40,sanctions_financial_restrictions,-0.0692,-0.1392,,0.6846,financial_treasury,0.0235,0.041,0.0366,0.0397,0.027,0.0386,0.0364,0.0364,0.6846,0.0364
russia_corporate_exit_2022,RF,40,sanctions_financial_restrictions,0.0731,0.0345,,0.6846,financial_treasury,0.0235,0.041,0.0366,0.0397,0.027,0.0386,0.0364,0.0364,0.6846,0.0364
russia_sanctions_2022,RGA,40,sanctions_financial_restrictions,-0.0892,-0.0334,,0.6846,financial_treasury,0.0235,0.041,0.0366,0.0397,0.027,0.0386,0.0364,0.0364,0.6846,0.0364
china_tech_crackdown_2021,RGEN,35,regulatory_sovereignty_shifts,0.1808,0.4105,,0.6852,regulatory_compliance_cost,0.0098,0.0342,0.0402,0.6852,0.0238,0.0468,0.0385,0.0385,0.0444,0.0385
india_bytedance_ban_2020,RGEN,35,regulatory_sovereignty_shifts,0.0424,0.1924,,0.6852,regulatory_compliance_cost,0.0098,0.0342,0.0402,0.6852,0.0238,0.0468,0.0385,0.0385,0.0444,0.0385
cfius_qualcomm_broadcom_block_2018,RGEN,35,regulatory_sovereignty_shifts,-0.0335,0.0141,,0.6852,regulatory_compliance_cost,0.0098,0.0342,0.0402,0.6852,0.0238,0.0468,0.0385,0.0385,0.0444,0.0385
japan_korea_trade_dispute_2019,RGLD,15,trade_policy_actions,0.0514,0.1917,,0.5369,procurement_supply_chain,0.5369,0.0498,0.0539,0.052,0.0369,0.057,0.0514,0.0514,0.0592,0.0514
australia_china_coal_ban_2020,RGLD,15,trade_policy_actions,-0.03,-0.1111,,0.5369,procurement_supply_chain,0.5369,0.0498,0.0539,0.052,0.0369,0.057,0.0514,0.0514,0.0592,0.0514
xinjiang_cotton_ban_2021,RGLD,15,trade_policy_actions,0.041,0.1565,,0.5369,procurement_supply_chain,0.5369,0.0498,0.0539,0.052,0.0369,0.057,0.0514,0.0514,0.0592,0.0514
indonesia_nickel_ban_2020,RGLD,15,resource_energy_disruptions,-0.0802,-0.1562,,0.5667,procurement_supply_chain,0.5667,0.058,0.0433,0.0534,0.0479,0.0517,0.0439,0.0439,0.0474,0.0439
japan_korea_trade_dispute_2019,RIG,10,trade_policy_actions,0.066,-0.3069,,0.5369,procurement_supply_chain,0.5369,0.0498,0.0539,0.052,0.0369,0.057,0.0514,0.0514,0.0592,0.0514
australia_china_coal_ban_2020,RIG,10,trade_policy_actions,-0.0595,1.1429,,0.5369,procurement_supply_chain,0.5369,0.0498,0.0539,0.052,0.0369,0.057,0.0514,0.0514,0.0592,0.0514
xinjiang_cotton_ban_2021,RIG,10,trade_policy_actions,0.0823,0.0945,,0.5369,procurement_supply_chain,0.5369,0.0498,0.0539,0.052,0.0369,0.057,0.0514,0.0514,0.0592,0.0514
eu_china_ev_tariff_2024,RIG,10,trade_policy_actions,-0.0898,0.0211,,0.5369,procurement_supply_chain,0.5369,0.0498,0.0539,0.052,0.0369,0.057,0.0514,0.0514,0.0592,0.0514
china_gallium_germanium_export_controls_2023,RIG,10,resource_energy_disruptions,0.1793,0.1693,,0.5667,procurement_supply_chain,0.5667,0.058,0.0433,0.0534,0.0479,0.0517,0.0439,0.0439,0.0474,0.0439
indonesia_nickel_ban_2020,RIG,10,resource_energy_disruptions,-0.0683,-0.343,,0.5667,procurement_supply_chain,0.5667,0.058,0.0433,0.0534,0.0479,0.0517,0.0439,0.0439,0.0474,0.0439
japan_korea_trade_dispute_2019,RIO,15,trade_policy_actions,-0.0411,-0.1958,,0.5369,procurement_supply_chain,0.5369,0.0498,0.0539,0.052,0.0369,0.057,0.0514,0.0514,0.0592,0.0514
australia_china_coal_ban_2020,RIO,15,trade_policy_actions,-0.0399,0.0598,,0.5369,procurement_supply_chain,0.5369,0.0498,0.0539,0.052,0.0369,0.057,0.0514,0.0514,0.0592,0.0514
xinjiang_cotton_ban_2021,RIO,15,trade_policy_actions,0.0388,0.2222,,0.5369,procurement_supply_chain,0.5369,0.0498,0.0539,0.052,0.0369,0.057,0.0514,0.0514,0.0592,0.0514
ukraine_grain_crisis_2022,RIO,15,resource_energy_disruptions,0.0625,-0.0547,,0.5667,procurement_supply_chain,0.5667,0.058,0.0433,0.0534,0.0479,0.0517,0.0439,0.0439,0.0474,0.0439
russia_sanctions_2022,RIOT,40,sanctions_financial_restrictions,-0.0801,0.0284,,0.6846,financial_treasury,0.0235,0.041,0.0366,0.0397,0.027,0.0386,0.0364,0.0364,0.6846,0.0364
us_iran_sanctions_reimpose_2018,RIOT,40,sanctions_financial_restrictions,0.0581,-0.0068,,0.6846,financial_treasury,0.0235,0.041,0.0366,0.0397,0.027,0.0386,0.0364,0.0364,0.6846,0.0364
russia_sanctions_2022,RJF,40,sanctions_financial_restrictions,-0.1104,-0.0297,,0.6846,financial_treasury,0.0235,0.041,0.0366,0.0397,0.027,0.0386,0.0364,0.0364,0.6846,0.0364
russia_corporate_exit_2022,RJF,40,sanctions_financial_restrictions,0.07,0.2279,,0.6846,financial_treasury,0.0235,0.041,0.0366,0.0397,0.027,0.0386,0.0364,0.0364,0.6846,0.0364
us_iran_sanctions_reimpose_2018,RJF,40,sanctions_financial_restrictions,0.0296,0.0601,,0.6846,financial_treasury,0.0235,0.041,0.0366,0.0397,0.027,0.0386,0.0364,0.0364,0.6846,0.0364
russia_sanctions_2022,RKT,40,sanctions_financial_restrictions,0.1627,-0.1462,,0.6846,financial_treasury,0.0235,0.041,0.0366,0.0397,0.027,0.0386,0.0364,0.0364,0.6846,0.0364
russia_corporate_exit_2022,RKT,40,sanctions_financial_restrictions,-0.1224,-0.2046,,0.6846,financial_treasury,0.0235,0.041,0.0366,0.0397,0.027,0.0386,0.0364,0.0364,0.6846,0.0364
russia_corporate_exit_2022,RLI,40,sanctions_financial_restrictions,0.0468,0.101,,0.6846,financial_treasury,0.0235,0.041,0.0366,0.0397,0.027,0.0386,0.0364,0.0364,0.6846,0.0364
china_tech_crackdown_2021,RMD,35,regulatory_sovereignty_shifts,0.0339,0.141,,0.6852,regulatory_compliance_cost,0.0098,0.0342,0.0402,0.6852,0.0238,0.0468,0.0385,0.0385,0.0444,0.0385
boeing_737max_global_grounding_2019,RMD,35,regulatory_sovereignty_shifts,-0.0372,-0.0037,,0.6852,regulatory_compliance_cost,0.0098,0.0342,0.0402,0.6852,0.0238,0.0468,0.0385,0.0385,0.0444,0.0385
russia_sanctions_2022,RNR,40,sanctions_financial_restrictions,-0.0592,0.0293,,0.6846,financial_treasury,0.0235,0.041,0.0366,0.0397,0.027,0.0386,0.0364,0.0364,0.6846,0.0364
russia_corporate_exit_2022,RNR,40,sanctions_financial_restrictions,0.0595,0.1231,,0.6846,financial_treasury,0.0235,0.041,0.0366,0.0397,0.027,0.0386,0.0364,0.0364,0.6846,0.0364
china_tech_crackdown_2021,ROKU,50,regulatory_sovereignty_shifts,-0.1104,-0.2723,,0.6852,regulatory_compliance_cost,0.0098,0.0342,0.0402,0.6852,0.0238,0.0468,0.0385,0.0385,0.0444,0.0385
india_bytedance_ban_2020,ROKU,50,regulatory_sovereignty_shifts,0.1336,0.2726,,0.6852,regulatory_compliance_cost,0.0098,0.0342,0.0402,0.6852,0.0238,0.0468,0.0385,0.0385,0.0444,0.0385
cfius_qualcomm_broadcom_block_2018,ROKU,50,regulatory_sovereignty_shifts,-0.1062,-0.1444,,0.6852,regulatory_compliance_cost,0.0098,0.0342,0.0402,0.6852,0.0238,0.0468,0.0385,0.0385,0.0444,0.0385
boeing_737max_global_grounding_2019,ROKU,50,regulatory_sovereignty_shifts,0.0696,0.0049,,0.6852,regulatory_compliance_cost,0.0098,0.0342,0.0402,0.6852,0.0238,0.0468,0.0385,0.0385,0.0444,0.0385
indonesia_nickel_ban_2020,RPM,15,resource_energy_disruptions,-0.0405,-0.0124,,0.5667,procurement_supply_chain,0.5667,0.058,0.0433,0.0534,0.0479,0.0517,0.0439,0.0439,0.0474,0.0439
china_tech_crackdown_2021,RPRX,35,regulatory_sovereignty_shifts,-0.0774,-0.0292,,0.6852,regulatory_compliance_cost,0.0098,0.0342,0.0402,0.6852,0.0238,0.0468,0.0385,0.0385,0.0444,0.0385
india_bytedance_ban_2020,RPRX,35,regulatory_sovereignty_shifts,-0.0345,-0.0607,,0.6852,regulatory_compliance_cost,0.0098,0.0342,0.0402,0.6852,0.0238,0.0468,0.0385,0.0385,0.0444,0.0385
japan_korea_trade_dispute_2019,RRC,10,trade_policy_actions,0.0295,-0.3279,,0.5369,procurement_supply_chain,0.5369,0.0498,0.0539,0.052,0.0369,0.057,0.0514,0.0514,0.0592,0.0514
xinjiang_cotton_ban_2021,RRC,10,trade_policy_actions,0.0738,0.1611,,0.5369,procurement_supply_chain,0.5369,0.0498,0.0539,0.052,0.0369,0.057,0.0514,0.0514,0.0592,0.0514
eu_china_ev_tariff_2024,RRC,10,trade_policy_actions,-0.0784,-0.1401,,0.5369,procurement_supply_chain,0.5369,0.0498,0.0539,0.052,0.0369,0.057,0.0514,0.0514,0.0592,0.0514
indonesia_nickel_ban_2020,RRC,10,resource_energy_disruptions,-0.0577,-0.3629,,0.5667,procurement_supply_chain,0.5667,0.058,0.0433,0.0534,0.0479,0.0517,0.0439,0.0439,0.0474,0.0439
ukraine_grain_crisis_2022,RRC,10,resource_energy_disruptions,0.059,-0.0333,,0.5667,procurement_supply_chain,0.5667,0.058,0.0433,0.0534,0.0479,0.0517,0.0439,0.0439,0.0474,0.0439
japan_korea_trade_dispute_2019,RS,15,trade_policy_actions,-0.027,0.0398,,0.5369,procurement_supply_chain,0.5369,0.0498,0.0539,0.052,0.0369,0.057,0.0514,0.0514,0.0592,0.0514
xinjiang_cotton_ban_2021,RS,15,trade_policy_actions,0.0695,0.2289,,0.5369,procurement_supply_chain,0.5369,0.0498,0.0539,0.052,0.0369,0.057,0.0514,0.0514,0.0592,0.0514
china_gallium_germanium_export_controls_2023,RS,15,resource_energy_disruptions,0.0372,0.0282,,0.5667,procurement_supply_chain,0.5667,0.058,0.0433,0.0534,0.0479,0.0517,0.0439,0.0439,0.0474,0.0439
ukraine_grain_crisis_2022,RS,15,resource_energy_disruptions,-0.0294,-0.0745,,0.5667,procurement_supply_chain,0.5667,0.058,0.0433,0.0534,0.0479,0.0517,0.0439,0.0439,0.0474,0.0439
australia_china_coal_ban_2020,RTNTF,15,trade_policy_actions,0.0723,0.0882,,0.5369,procurement_supply_chain,0.5369,0.0498,0.0539,0.052,0.0369,0.057,0.0514,0.0514,0.0592,0.0514
xinjiang_cotton_ban_2021,RTNTF,15,trade_policy_actions,0.0494,0.1975,,0.5369,procurement_supply_chain,0.5369,0.0498,0.0539,0.052,0.0369,0.057,0.0514,0.0514,0.0592,0.0514
china_gallium_germanium_export_controls_2023,RTNTF,15,resource_energy_disruptions,-0.0464,-0.0998,,0.5667,procurement_supply_chain,0.5667,0.058,0.0433,0.0534,0.0479,0.0517,0.0439,0.0439,0.0474,0.0439
ukraine_grain_crisis_2022,RTNTF,15,resource_energy_disruptions,0.0849,0.0265,,0.5667,procurement_supply_chain,0.5667,0.058,0.0433,0.0534,0.0479,0.0517,0.0439,0.0439,0.0474,0.0439
india_bytedance_ban_2020,RVMD,35,regulatory_sovereignty_shifts,-0.1463,-0.0825,,0.6852,regulatory_compliance_cost,0.0098,0.0342,0.0402,0.6852,0.0238,0.0468,0.0385,0.0385,0.0444,0.0385
china_tech_crackdown_2021,RVTY,35,regulatory_sovereignty_shifts,0.1187,0.155,,0.6852,regulatory_compliance_cost,0.0098,0.0342,0.0402,0.6852,0.0238,0.0468,0.0385,0.0385,0.0444,0.0385
india_bytedance_ban_2020,RVTY,35,regulatory_sovereignty_shifts,0.0409,0.2304,,0.6852,regulatory_compliance_cost,0.0098,0.0342,0.0402,0.6852,0.0238,0.0468,0.0385,0.0385,0.0444,0.0385
russia_corporate_exit_2022,RY,40,sanctions_financial_restrictions,0.0448,0.059,,0.6846,financial_treasury,0.0235,0.041,0.0366,0.0397,0.027,0.0386,0.0364,0.0364,0.6846,0.0364
us_iran_sanctions_reimpose_2018,RY,40,sanctions_financial_restrictions,0.0293,-0.0114,,0.6846,financial_treasury,0.0235,0.041,0.0366,0.0397,0.027,0.0386,0.0364,0.0364,0.6846,0.0364
russia_corporate_exit_2022,RYAN,40,sanctions_financial_restrictions,0.0526,0.1183,,0.6846,financial_treasury,0.0235,0.041,0.0366,0.0397,0.027,0.0386,0.0364,0.0364,0.6846,0.0364
eu_data_privacy_gdpr_2018,RYTM,35,regulatory_sovereignty_shifts,0.0659,0.1262,,0.6852,regulatory_compliance_cost,0.0098,0.0342,0.0402,0.6852,0.0238,0.0468,0.0385,0.0385,0.0444,0.0385
china_tech_crackdown_2021,RYTM,35,regulatory_sovereignty_shifts,-0.1299,-0.3437,,0.6852,regulatory_compliance_cost,0.0098,0.0342,0.0402,0.6852,0.0238,0.0468,0.0385,0.0385,0.0444,0.0385
cfius_qualcomm_broadcom_block_2018,RYTM,35,regulatory_sovereignty_shifts,-0.1997,-0.1668,,0.6852,regulatory_compliance_cost,0.0098,0.0342,0.0402,0.6852,0.0238,0.0468,0.0385,0.0385,0.0444,0.0385
russia_sanctions_2022,SAN,40,sanctions_financial_restrictions,-0.1638,-0.048,,0.6846,financial_treasury,0.0235,0.041,0.0366,0.0397,0.027,0.0386,0.0364,0.0364,0.6846,0.0364
russia_corporate_exit_2022,SAN,40,sanctions_financial_restrictions,0.0867,0.1533,,0.6846,financial_treasury,0.0235,0.041,0.0366,0.0397,0.027,0.0386,0.0364,0.0364,0.6846,0.0364
india_bytedance_ban_2020,SATS,50,regulatory_sovereignty_shifts,-0.0905,0.1299,,0.6852,regulatory_compliance_cost,0.0098,0.0342,0.0402,0.6852,0.0238,0.0468,0.0385,0.0385,0.0444,0.0385
cfius_qualcomm_broadcom_block_2018,SATS,50,regulatory_sovereignty_shifts,-0.0322,-0.0729,,0.6852,regulatory_compliance_cost,0.0098,0.0342,0.0402,0.6852,0.0238,0.0468,0.0385,0.0385,0.0444,0.0385
japan_korea_trade_dispute_2019,SBSW,15,trade_policy_actions,0.0281,0.1123,,0.5369,procurement_supply_chain,0.5369,0.0498,0.0539,0.052,0.0369,0.057,0.0514,0.0514,0.0592,0.0514
australia_china_coal_ban_2020,SBSW,15,trade_policy_actions,-0.0515,0.0547,,0.5369,procurement_supply_chain,0.5369,0.0498,0.0539,0.052,0.0369,0.057,0.0514,0.0514,0.0592,0.0514
xinjiang_cotton_ban_2021,SBSW,15,trade_policy_actions,0.033,0.1029,,0.5369,procurement_supply_chain,0.5369,0.0498,0.0539,0.052,0.0369,0.057,0.0514,0.0514,0.0592,0.0514
eu_china_ev_tariff_2024,SBSW,15,trade_policy_actions,0.0288,-0.0488,,0.5369,procurement_supply_chain,0.5369,0.0498,0.0539,0.052,0.0369,0.057,0.0514,0.0514,0.0592,0.0514
ukraine_grain_crisis_2022,SBSW,15,resource_energy_disruptions,0.026,-0.1341,,0.5667,procurement_supply_chain,0.5667,0.058,0.0433,0.0534,0.0479,0.0517,0.0439,0.0439,0.0474,0.0439
japan_korea_trade_dispute_2019,SCCO,15,trade_policy_actions,-0.0421,-0.2132,,0.5369,procurement_supply_chain,0.5369,0.0498,0.0539,0.052,0.0369,0.057,0.0514,0.0514,0.0592,0.0514
ukraine_grain_crisis_2022,SCCO,15,resource_energy_disruptions,0.1211,-0.046,,0.5667,procurement_supply_chain,0.5667,0.058,0.0433,0.0534,0.0479,0.0517,0.0439,0.0439,0.0474,0.0439
russia_sanctions_2022,SCHW,40,sanctions_financial_restrictions,-0.076,-0.0473,,0.6846,financial_treasury,0.0235,0.041,0.0366,0.0397,0.027,0.0386,0.0364,0.0364,0.6846,0.0364
russia_corporate_exit_2022,SCHW,40,sanctions_financial_restrictions,0.0988,0.01,,0.6846,financial_treasury,0.0235,0.041,0.0366,0.0397,0.027,0.0386,0.0364,0.0364,0.6846,0.0364
us_iran_sanctions_reimpose_2018,SCHW,40,sanctions_financial_restrictions,0.0283,-0.0291,,0.6846,financial_treasury,0.0235,0.041,0.0366,0.0397,0.027,0.0386,0.0364,0.0364,0.6846,0.0364
japan_korea_trade_dispute_2019,SEI,10,trade_policy_actions,0.0377,0.0029,,0.5369,procurement_supply_chain,0.5369,0.0498,0.0539,0.052,0.0369,0.057,0.0514,0.0514,0.0592,0.0514
australia_china_coal_ban_2020,SEI,10,trade_policy_actions,-0.0475,0.0997,,0.5369,procurement_supply_chain,0.5369,0.0498,0.0539,0.052,0.0369,0.057,0.0514,0.0514,0.0592,0.0514
xinjiang_cotton_ban_2021,SEI,10,trade_policy_actions,-0.0429,-0.209,,0.5369,procurement_supply_chain,0.5369,0.0498,0.0539,0.052,0.0369,0.057,0.0514,0.0514,0.0592,0.0514
eu_china_ev_tariff_2024,SEI,10,trade_policy_actions,-0.0377,0.5453,,0.5369,procurement_supply_chain,0.5369,0.0498,0.0539,0.052,0.0369,0.057,0.0514,0.0514,0.0592,0.0514
china_gallium_germanium_export_controls_2023,SEI,10,resource_energy_disruptions,0.0581,0.2903,,0.5667,procurement_supply_chain,0.5667,0.058,0.0433,0.0534,0.0479,0.0517,0.0439,0.0439,0.0474,0.0439
russia_corporate_exit_2022,SEIC,40,sanctions_financial_restrictions,0.0451,0.0697,,0.6846,financial_treasury,0.0235,0.041,0.0366,0.0397,0.027,0.0386,0.0364,0.0364,0.6846,0.0364
russia_sanctions_2022,SF,40,sanctions_financial_restrictions,-0.0988,-0.1396,,0.6846,financial_treasury,0.0235,0.041,0.0366,0.0397,0.027,0.0386,0.0364,0.0364,0.6846,0.0364
russia_corporate_exit_2022,SF,40,sanctions_financial_restrictions,0.063,0.1197,,0.6846,financial_treasury,0.0235,0.041,0.0366,0.0397,0.027,0.0386,0.0364,0.0364,0.6846,0.0364
australia_china_coal_ban_2020,SHEL,10,trade_policy_actions,-0.0479,0.3531,,0.5369,procurement_supply_chain,0.5369,0.0498,0.0539,0.052,0.0369,0.057,0.0514,0.0514,0.0592,0.0514
xinjiang_cotton_ban_2021,SHEL,10,trade_policy_actions,-0.0283,-0.0055,,0.5369,procurement_supply_chain,0.5369,0.0498,0.0539,0.052,0.0369,0.057,0.0514,0.0514,0.0592,0.0514
ukraine_grain_crisis_2022,SHEL,10,resource_energy_disruptions,0.0425,-0.0862,,0.5667,procurement_supply_chain,0.5667,0.058,0.0433,0.0534,0.0479,0.0517,0.0439,0.0439,0.0474,0.0439
russia_sanctions_2022,SHG,40,sanctions_financial_restrictions,-0.0731,-0.0014,,0.6846,financial_treasury,0.0235,0.041,0.0366,0.0397,0.027,0.0386,0.0364,0.0364,0.6846,0.0364
russia_corporate_exit_2022,SHG,40,sanctions_financial_restrictions,0.0421,0.1502,,0.6846,financial_treasury,0.0235,0.041,0.0366,0.0397,0.027,0.0386,0.0364,0.0364,0.6846,0.0364
australia_china_coal_ban_2020,SHW,15,trade_policy_actions,-0.0293,0.0471,,0.5369,procurement_supply_chain,0.5369,0.0498,0.0539,0.052,0.0369,0.057,0.0514,0.0514,0.0592,0.0514
indonesia_nickel_ban_2020,SHW,15,resource_energy_disruptions,-0.0307,0.0033,,0.5667,procurement_supply_chain,0.5667,0.058,0.0433,0.0534,0.0479,0.0517,0.0439,0.0439,0.0474,0.0439
ukraine_grain_crisis_2022,SHW,15,resource_energy_disruptions,-0.0424,-0.1674,,0.5667,procurement_supply_chain,0.5667,0.058,0.0433,0.0534,0.0479,0.0517,0.0439,0.0439,0.0474,0.0439
russia_corporate_exit_2022,SIGI,40,sanctions_financial_restrictions,0.0353,0.0395,,0.6846,financial_treasury,0.0235,0.041,0.0366,0.0397,0.027,0.0386,0.0364,0.0364,0.6846,0.0364
australia_china_coal_ban_2020,SIM,15,trade_policy_actions,0.027,0.2362,,0.5369,procurement_supply_chain,0.5369,0.0498,0.0539,0.052,0.0369,0.057,0.0514,0.0514,0.0592,0.0514
indonesia_nickel_ban_2020,SIM,15,resource_energy_disruptions,0.0443,0.0778,,0.5667,procurement_supply_chain,0.5667,0.058,0.0433,0.0534,0.0479,0.0517,0.0439,0.0439,0.0474,0.0439
ukraine_grain_crisis_2022,SIM,15,resource_energy_disruptions,-0.0729,0.0115,,0.5667,procurement_supply_chain,0.5667,0.058,0.0433,0.0534,0.0479,0.0517,0.0439,0.0439,0.0474,0.0439
cfius_qualcomm_broadcom_block_2018,SIRI,50,regulatory_sovereignty_shifts,-0.0394,-0.05,,0.6852,regulatory_compliance_cost,0.0098,0.0342,0.0402,0.6852,0.0238,0.0468,0.0385,0.0385,0.0444,0.0385
india_bytedance_ban_2020,SKM,50,regulatory_sovereignty_shifts,0.0524,0.1645,,0.6852,regulatory_compliance_cost,0.0098,0.0342,0.0402,0.6852,0.0238,0.0468,0.0385,0.0385,0.0444,0.0385
japan_korea_trade_dispute_2019,SLB,10,trade_policy_actions,0.0334,-0.1714,,0.5369,procurement_supply_chain,0.5369,0.0498,0.0539,0.052,0.0369,0.057,0.0514,0.0514,0.0592,0.0514
australia_china_coal_ban_2020,SLB,10,trade_policy_actions,-0.0689,0.3406,,0.5369,procurement_supply_chain,0.5369,0.0498,0.0539,0.052,0.0369,0.057,0.0514,0.0514,0.0592,0.0514
china_gallium_germanium_export_controls_2023,SLB,10,resource_energy_disruptions,0.133,0.1791,,0.5667,procurement_supply_chain,0.5667,0.058,0.0433,0.0534,0.0479,0.0517,0.0439,0.0439,0.0474,0.0439
ukraine_grain_crisis_2022,SLB,10,resource_energy_disruptions,0.0396,-0.1383,,0.5667,procurement_supply_chain,0.5667,0.058,0.0433,0.0534,0.0479,0.0517,0.0439,0.0439,0.0474,0.0439
russia_corporate_exit_2022,SLF,40,sanctions_financial_restrictions,0.0417,0.0643,,0.6846,financial_treasury,0.0235,0.041,0.0366,0.0397,0.027,0.0386,0.0364,0.0364,0.6846,0.0364
us_iran_sanctions_reimpose_2018,SLF,40,sanctions_financial_restrictions,0.0522,0.0154,,0.6846,financial_treasury,0.0235,0.041,0.0366,0.0397,0.027,0.0386,0.0364,0.0364,0.6846,0.0364
russia_sanctions_2022,SLFPY,40,sanctions_financial_restrictions,-0.1501,-0.0192,,0.6846,financial_treasury,0.0235,0.041,0.0366,0.0397,0.027,0.0386,0.0364,0.0364,0.6846,0.0364
russia_corporate_exit_2022,SLFPY,40,sanctions_financial_restrictions,0.0968,0.1211,,0.6846,financial_treasury,0.0235,0.041,0.0366,0.0397,0.027,0.0386,0.0364,0.0364,0.6846,0.0364
japan_korea_trade_dispute_2019,SM,10,trade_policy_actions,-0.0374,-0.1272,,0.5369,procurement_supply_chain,0.5369,0.0498,0.0539,0.052,0.0369,0.057,0.0514,0.0514,0.0592,0.0514
australia_china_coal_ban_2020,SM,10,trade_policy_actions,-0.1287,1.4199,,0.5369,procurement_supply_chain,0.5369,0.0498,0.0539,0.052,0.0369,0.057,0.0514,0.0514,0.0592,0.0514
china_gallium_germanium_export_controls_2023,SM,10,resource_energy_disruptions,0.0394,0.2236,,0.5667,procurement_supply_chain,0.5667,0.058,0.0433,0.0534,0.0479,0.0517,0.0439,0.0439,0.0474,0.0439
indonesia_nickel_ban_2020,SM,10,resource_energy_disruptions,0.0365,-0.2144,,0.5667,procurement_supply_chain,0.5667,0.058,0.0433,0.0534,0.0479,0.0517,0.0439,0.0439,0.0474,0.0439
ukraine_grain_crisis_2022,SM,10,resource_energy_disruptions,0.1115,-0.0113,,0.5667,procurement_supply_chain,0.5667,0.058,0.0433,0.0534,0.0479,0.0517,0.0439,0.0439,0.0474,0.0439
russia_sanctions_2022,SMFG,40,sanctions_financial_restrictions,-0.0549,-0.1497,,0.6846,financial_treasury,0.0235,0.041,0.0366,0.0397,0.027,0.0386,0.0364,0.0364,0.6846,0.0364
russia_corporate_exit_2022,SMFG,40,sanctions_financial_restrictions,0.0711,-0.0237,,0.6846,financial_treasury,0.0235,0.041,0.0366,0.0397,0.027,0.0386,0.0364,0.0364,0.6846,0.0364
eu_data_privacy_gdpr_2018,SMMT,35,regulatory_sovereignty_shifts,0.0326,-0.7942,,0.6852,regulatory_compliance_cost,0.0098,0.0342,0.0402,0.6852,0.0238,0.0468,0.0385,0.0385,0.0444,0.0385
china_tech_crackdown_2021,SMMT,35,regulatory_sovereignty_shifts,-0.0312,-0.155,,0.6852,regulatory_compliance_cost,0.0098,0.0342,0.0402,0.6852,0.0238,0.0468,0.0385,0.0385,0.0444,0.0385
india_bytedance_ban_2020,SMMT,35,regulatory_sovereignty_shifts,0.0954,0.1645,,0.6852,regulatory_compliance_cost,0.0098,0.0342,0.0402,0.6852,0.0238,0.0468,0.0385,0.0385,0.0444,0.0385
cfius_qualcomm_broadcom_block_2018,SMMT,35,regulatory_sovereignty_shifts,-0.0466,-0.0153,,0.6852,regulatory_compliance_cost,0.0098,0.0342,0.0402,0.6852,0.0238,0.0468,0.0385,0.0385,0.0444,0.0385
boeing_737max_global_grounding_2019,SMMT,35,regulatory_sovereignty_shifts,-0.0457,-0.0305,,0.6852,regulatory_compliance_cost,0.0098,0.0342,0.0402,0.6852,0.0238,0.0468,0.0385,0.0385,0.0444,0.0385
eu_data_privacy_gdpr_2018,SNAP,50,regulatory_sovereignty_shifts,0.1503,0.2428,,0.6852,regulatory_compliance_cost,0.0098,0.0342,0.0402,0.6852,0.0238,0.0468,0.0385,0.0385,0.0444,0.0385
china_tech_crackdown_2021,SNAP,50,regulatory_sovereignty_shifts,-0.0573,-0.019,,0.6852,regulatory_compliance_cost,0.0098,0.0342,0.0402,0.6852,0.0238,0.0468,0.0385,0.0385,0.0444,0.0385
india_bytedance_ban_2020,SNAP,50,regulatory_sovereignty_shifts,0.0745,-0.0645,,0.6852,regulatory_compliance_cost,0.0098,0.0342,0.0402,0.6852,0.0238,0.0468,0.0385,0.0385,0.0444,0.0385
cfius_qualcomm_broadcom_block_2018,SNAP,50,regulatory_sovereignty_shifts,-0.0933,-0.1369,,0.6852,regulatory_compliance_cost,0.0098,0.0342,0.0402,0.6852,0.0238,0.0468,0.0385,0.0385,0.0444,0.0385
boeing_737max_global_grounding_2019,SNAP,50,regulatory_sovereignty_shifts,0.0886,0.0736,,0.6852,regulatory_compliance_cost,0.0098,0.0342,0.0402,0.6852,0.0238,0.0468,0.0385,0.0385,0.0444,0.0385
russia_corporate_exit_2022,SNEX,40,sanctions_financial_restrictions,0.0574,0.0841,,0.6846,financial_treasury,0.0235,0.041,0.0366,0.0397,0.027,0.0386,0.0364,0.0364,0.6846,0.0364
china_tech_crackdown_2021,SNN,35,regulatory_sovereignty_shifts,-0.0758,-0.1131,,0.6852,regulatory_compliance_cost,0.0098,0.0342,0.0402,0.6852,0.0238,0.0468,0.0385,0.0385,0.0444,0.0385
india_bytedance_ban_2020,SNN,35,regulatory_sovereignty_shifts,0.0409,0.0794,,0.6852,regulatory_compliance_cost,0.0098,0.0342,0.0402,0.6852,0.0238,0.0468,0.0385,0.0385,0.0444,0.0385
boeing_737max_global_grounding_2019,SNY,35,regulatory_sovereignty_shifts,0.0299,-0.0653,,0.6852,regulatory_compliance_cost,0.0098,0.0342,0.0402,0.6852,0.0238,0.0468,0.0385,0.0385,0.0444,0.0385
russia_sanctions_2022,SOFI,40,sanctions_financial_restrictions,-0.0628,-0.2624,,0.6846,financial_treasury,0.0235,0.041,0.0366,0.0397,0.027,0.0386,0.0364,0.0364,0.6846,0.0364
russia_corporate_exit_2022,SOFI,40,sanctions_financial_restrictions,-0.1564,-0.285,,0.6846,financial_treasury,0.0235,0.041,0.0366,0.0397,0.027,0.0386,0.0364,0.0364,0.6846,0.0364
russia_sanctions_2022,SPGI,40,sanctions_financial_restrictions,0.07,0.0845,,0.6846,financial_treasury,0.0235,0.041,0.0366,0.0397,0.027,0.0386,0.0364,0.0364,0.6846,0.0364
eu_data_privacy_gdpr_2018,SPOT,50,regulatory_sovereignty_shifts,0.0398,0.1522,,0.6852,regulatory_compliance_cost,0.0098,0.0342,0.0402,0.6852,0.0238,0.0468,0.0385,0.0385,0.0444,0.0385
china_tech_crackdown_2021,SPOT,50,regulatory_sovereignty_shifts,-0.0626,0.0455,,0.6852,regulatory_compliance_cost,0.0098,0.0342,0.0402,0.6852,0.0238,0.0468,0.0385,0.0385,0.0444,0.0385
eu_china_ev_tariff_2024,SQM,15,trade_policy_actions,-0.0901,-0.1365,,0.5369,procurement_supply_chain,0.5369,0.0498,0.0539,0.052,0.0369,0.057,0.0514,0.0514,0.0592,0.0514
china_gallium_germanium_export_controls_2023,SQM,15,resource_energy_disruptions,0.0375,-0.1399,,0.5667,procurement_supply_chain,0.5667,0.058,0.0433,0.0534,0.0479,0.0517,0.0439,0.0439,0.0474,0.0439
ukraine_grain_crisis_2022,SQM,15,resource_energy_disruptions,0.2171,0.0397,,0.5667,procurement_supply_chain,0.5667,0.058,0.0433,0.0534,0.0479,0.0517,0.0439,0.0439,0.0474,0.0439
eu_data_privacy_gdpr_2018,SRRK,35,regulatory_sovereignty_shifts,0.1667,0.026,,0.6852,regulatory_compliance_cost,0.0098,0.0342,0.0402,0.6852,0.0238,0.0468,0.0385,0.0385,0.0444,0.0385
china_tech_crackdown_2021,SRRK,35,regulatory_sovereignty_shifts,0.0518,0.0858,,0.6852,regulatory_compliance_cost,0.0098,0.0342,0.0402,0.6852,0.0238,0.0468,0.0385,0.0385,0.0444,0.0385
india_bytedance_ban_2020,SRRK,35,regulatory_sovereignty_shifts,-0.0606,-0.2949,,0.6852,regulatory_compliance_cost,0.0098,0.0342,0.0402,0.6852,0.0238,0.0468,0.0385,0.0385,0.0444,0.0385
boeing_737max_global_grounding_2019,SRRK,35,regulatory_sovereignty_shifts,0.0863,0.0555,,0.6852,regulatory_compliance_cost,0.0098,0.0342,0.0402,0.6852,0.0238,0.0468,0.0385,0.0385,0.0444,0.0385
russia_sanctions_2022,SSB,40,sanctions_financial_restrictions,-0.0611,-0.1424,,0.6846,financial_treasury,0.0235,0.041,0.0366,0.0397,0.027,0.0386,0.0364,0.0364,0.6846,0.0364
russia_corporate_exit_2022,SSB,40,sanctions_financial_restrictions,0.0415,0.015,,0.6846,financial_treasury,0.0235,0.041,0.0366,0.0397,0.027,0.0386,0.0364,0.0364,0.6846,0.0364
xinjiang_cotton_ban_2021,SSD,15,trade_policy_actions,0.0313,0.1605,,0.5369,procurement_supply_chain,0.5369,0.0498,0.0539,0.052,0.0369,0.057,0.0514,0.0514,0.0592,0.0514
eu_china_ev_tariff_2024,SSD,15,trade_policy_actions,0.0342,0.1665,,0.5369,procurement_supply_chain,0.5369,0.0498,0.0539,0.052,0.0369,0.057,0.0514,0.0514,0.0592,0.0514
japan_korea_trade_dispute_2019,SSL,15,trade_policy_actions,-0.05,-0.2811,,0.5369,procurement_supply_chain,0.5369,0.0498,0.0539,0.052,0.0369,0.057,0.0514,0.0514,0.0592,0.0514
australia_china_coal_ban_2020,SSL,15,trade_policy_actions,-0.1544,0.0642,,0.5369,procurement_supply_chain,0.5369,0.0498,0.0539,0.052,0.0369,0.057,0.0514,0.0514,0.0592,0.0514
xinjiang_cotton_ban_2021,SSL,15,trade_policy_actions,0.0335,0.2197,,0.5369,procurement_supply_chain,0.5369,0.0498,0.0539,0.052,0.0369,0.057,0.0514,0.0514,0.0592,0.0514
eu_china_ev_tariff_2024,SSL,15,trade_policy_actions,0.1813,0.1951,,0.5369,procurement_supply_chain,0.5369,0.0498,0.0539,0.052,0.0369,0.057,0.0514,0.0514,0.0592,0.0514
japan_korea_trade_dispute_2019,SSRM,15,trade_policy_actions,0.031,0.1497,,0.5369,procurement_supply_chain,0.5369,0.0498,0.0539,0.052,0.0369,0.057,0.0514,0.0514,0.0592,0.0514
eu_china_ev_tariff_2024,SSRM,15,trade_policy_actions,-0.0668,0.1113,,0.5369,procurement_supply_chain,0.5369,0.0498,0.0539,0.052,0.0369,0.057,0.0514,0.0514,0.0592,0.0514
china_gallium_germanium_export_controls_2023,SSRM,15,resource_energy_disruptions,-0.0276,0.0055,,0.5667,procurement_supply_chain,0.5667,0.058,0.0433,0.0534,0.0479,0.0517,0.0439,0.0439,0.0474,0.0439
indonesia_nickel_ban_2020,SSRM,15,resource_energy_disruptions,-0.08,-0.0587,,0.5667,procurement_supply_chain,0.5667,0.058,0.0433,0.0534,0.0479,0.0517,0.0439,0.0439,0.0474,0.0439
ukraine_grain_crisis_2022,SSRM,15,resource_energy_disruptions,0.0501,-0.1126,,0.5667,procurement_supply_chain,0.5667,0.058,0.0433,0.0534,0.0479,0.0517,0.0439,0.0439,0.0474,0.0439
china_tech_crackdown_2021,STE,35,regulatory_sovereignty_shifts,0.0276,0.011,,0.6852,regulatory_compliance_cost,0.0098,0.0342,0.0402,0.6852,0.0238,0.0468,0.0385,0.0385,0.0444,0.0385
russia_sanctions_2022,STEP,40,sanctions_financial_restrictions,-0.0726,-0.1374,,0.6846,financial_treasury,0.0235,0.041,0.0366,0.0397,0.027,0.0386,0.0364,0.0364,0.6846,0.0364
russia_corporate_exit_2022,STEP,40,sanctions_financial_restrictions,0.0397,-0.0602,,0.6846,financial_treasury,0.0235,0.041,0.0366,0.0397,0.027,0.0386,0.0364,0.0364,0.6846,0.0364
xinjiang_cotton_ban_2021,STLD,15,trade_policy_actions,0.1076,0.3452,,0.5369,procurement_supply_chain,0.5369,0.0498,0.0539,0.052,0.0369,0.057,0.0514,0.0514,0.0592,0.0514
eu_china_ev_tariff_2024,STLD,15,trade_policy_actions,0.0406,0.0848,,0.5369,procurement_supply_chain,0.5369,0.0498,0.0539,0.052,0.0369,0.057,0.0514,0.0514,0.0592,0.0514
china_gallium_germanium_export_controls_2023,STLD,15,resource_energy_disruptions,-0.0359,-0.0593,,0.5667,procurement_supply_chain,0.5667,0.058,0.0433,0.0534,0.0479,0.0517,0.0439,0.0439,0.0474,0.0439
ukraine_grain_crisis_2022,STLD,15,resource_energy_disruptions,0.0402,-0.1057,,0.5667,procurement_supply_chain,0.5667,0.058,0.0433,0.0534,0.0479,0.0517,0.0439,0.0439,0.0474,0.0439
russia_sanctions_2022,STT,40,sanctions_financial_restrictions,-0.0927,-0.0456,,0.6846,financial_treasury,0.0235,0.041,0.0366,0.0397,0.027,0.0386,0.0364,0.0364,0.6846,0.0364
russia_corporate_exit_2022,STT,40,sanctions_financial_restrictions,0.0581,-0.0375,,0.6846,financial_treasury,0.0235,0.041,0.0366,0.0397,0.027,0.0386,0.0364,0.0364,0.6846,0.0364
japan_korea_trade_dispute_2019,SU,10,trade_policy_actions,0.0316,-0.1019,,0.5369,procurement_supply_chain,0.5369,0.0498,0.0539,0.052,0.0369,0.057,0.0514,0.0514,0.0592,0.0514
australia_china_coal_ban_2020,SU,10,trade_policy_actions,-0.073,0.3155,,0.5369,procurement_supply_chain,0.5369,0.0498,0.0539,0.052,0.0369,0.057,0.0514,0.0514,0.0592,0.0514
indonesia_nickel_ban_2020,SU,10,resource_energy_disruptions,0.0384,-0.0921,,0.5667,procurement_supply_chain,0.5667,0.058,0.0433,0.0534,0.0479,0.0517,0.0439,0.0439,0.0474,0.0439
ukraine_grain_crisis_2022,SU,10,resource_energy_disruptions,0.0509,-0.05,,0.5667,procurement_supply_chain,0.5667,0.058,0.0433,0.0534,0.0479,0.0517,0.0439,0.0439,0.0474,0.0439
eu_china_ev_tariff_2024,SUN,10,trade_policy_actions,0.054,0.0432,,0.5369,procurement_supply_chain,0.5369,0.0498,0.0539,0.052,0.0369,0.057,0.0514,0.0514,0.0592,0.0514
japan_korea_trade_dispute_2019,SUZ,15,trade_policy_actions,0.0716,0.0019,,0.5369,procurement_supply_chain,0.5369,0.0498,0.0539,0.052,0.0369,0.057,0.0514,0.0514,0.0592,0.0514
xinjiang_cotton_ban_2021,SUZ,15,trade_policy_actions,-0.065,-0.0199,,0.5369,procurement_supply_chain,0.5369,0.0498,0.0539,0.052,0.0369,0.057,0.0514,0.0514,0.0592,0.0514
eu_china_ev_tariff_2024,SUZ,15,trade_policy_actions,-0.0274,0.0066,,0.5369,procurement_supply_chain,0.5369,0.0498,0.0539,0.052,0.0369,0.057,0.0514,0.0514,0.0592,0.0514
china_gallium_germanium_export_controls_2023,SUZ,15,resource_energy_disruptions,-0.03,0.0707,,0.5667,procurement_supply_chain,0.5667,0.058,0.0433,0.0534,0.0479,0.0517,0.0439,0.0439,0.0474,0.0439
indonesia_nickel_ban_2020,SUZ,15,resource_energy_disruptions,0.065,-0.0589,,0.5667,procurement_supply_chain,0.5667,0.058,0.0433,0.0534,0.0479,0.0517,0.0439,0.0439,0.0474,0.0439
ukraine_grain_crisis_2022,SUZ,15,resource_energy_disruptions,0.068,-0.0729,,0.5667,procurement_supply_chain,0.5667,0.058,0.0433,0.0534,0.0479,0.0517,0.0439,0.0439,0.0474,0.0439
russia_sanctions_2022,SYF,40,sanctions_financial_restrictions,-0.1368,-0.1517,,0.6846,financial_treasury,0.0235,0.041,0.0366,0.0397,0.027,0.0386,0.0364,0.0364,0.6846,0.0364
russia_corporate_exit_2022,SYF,40,sanctions_financial_restrictions,0.0308,0.1546,,0.6846,financial_treasury,0.0235,0.041,0.0366,0.0397,0.027,0.0386,0.0364,0.0364,0.6846,0.0364
us_iran_sanctions_reimpose_2018,SYF,40,sanctions_financial_restrictions,0.0342,0.0432,,0.6846,financial_treasury,0.0235,0.041,0.0366,0.0397,0.027,0.0386,0.0364,0.0364,0.6846,0.0364
china_tech_crackdown_2021,SYK,35,regulatory_sovereignty_shifts,0.0282,0.0609,,0.6852,regulatory_compliance_cost,0.0098,0.0342,0.0402,0.6852,0.0238,0.0468,0.0385,0.0385,0.0444,0.0385
boeing_737max_global_grounding_2019,SYK,35,regulatory_sovereignty_shifts,0.0276,-0.0218,,0.6852,regulatory_compliance_cost,0.0098,0.0342,0.0402,0.6852,0.0238,0.0468,0.0385,0.0385,0.0444,0.0385
eu_data_privacy_gdpr_2018,SYRE,35,regulatory_sovereignty_shifts,-0.0508,-0.0377,,0.6852,regulatory_compliance_cost,0.0098,0.0342,0.0402,0.6852,0.0238,0.0468,0.0385,0.0385,0.0444,0.0385
china_tech_crackdown_2021,SYRE,35,regulatory_sovereignty_shifts,-0.0625,0.1631,,0.6852,regulatory_compliance_cost,0.0098,0.0342,0.0402,0.6852,0.0238,0.0468,0.0385,0.0385,0.0444,0.0385
cfius_qualcomm_broadcom_block_2018,SYRE,35,regulatory_sovereignty_shifts,0.2674,-0.0372,,0.6852,regulatory_compliance_cost,0.0098,0.0342,0.0402,0.6852,0.0238,0.0468,0.0385,0.0385,0.0444,0.0385
boeing_737max_global_grounding_2019,SYRE,35,regulatory_sovereignty_shifts,-0.0335,-0.1243,,0.6852,regulatory_compliance_cost,0.0098,0.0342,0.0402,0.6852,0.0238,0.0468,0.0385,0.0385,0.0444,0.0385
eu_data_privacy_gdpr_2018,TAK,35,regulatory_sovereignty_shifts,-0.0531,0.0256,,0.6852,regulatory_compliance_cost,0.0098,0.0342,0.0402,0.6852,0.0238,0.0468,0.0385,0.0385,0.0444,0.0385
india_bytedance_ban_2020,TAK,35,regulatory_sovereignty_shifts,-0.0342,0.021,,0.6852,regulatory_compliance_cost,0.0098,0.0342,0.0402,0.6852,0.0238,0.0468,0.0385,0.0385,0.0444,0.0385
cfius_qualcomm_broadcom_block_2018,TAK,35,regulatory_sovereignty_shifts,-0.0307,-0.1728,,0.6852,regulatory_compliance_cost,0.0098,0.0342,0.0402,0.6852,0.0238,0.0468,0.0385,0.0385,0.0444,0.0385
boeing_737max_global_grounding_2019,TAK,35,regulatory_sovereignty_shifts,0.0254,-0.1301,,0.6852,regulatory_compliance_cost,0.0098,0.0342,0.0402,0.6852,0.0238,0.0468,0.0385,0.0385,0.0444,0.0385
russia_sanctions_2022,TD,40,sanctions_financial_restrictions,-0.0604,-0.0579,,0.6846,financial_treasury,0.0235,0.041,0.0366,0.0397,0.027,0.0386,0.0364,0.0364,0.6846,0.0364
russia_corporate_exit_2022,TD,40,sanctions_financial_restrictions,0.0478,0.0288,,0.6846,financial_treasury,0.0235,0.041,0.0366,0.0397,0.027,0.0386,0.0364,0.0364,0.6846,0.0364
us_iran_sanctions_reimpose_2018,TD,40,sanctions_financial_restrictions,0.0324,0.0157,,0.6846,financial_treasury,0.0235,0.041,0.0366,0.0397,0.027,0.0386,0.0364,0.0364,0.6846,0.0364
eu_data_privacy_gdpr_2018,TDS,50,regulatory_sovereignty_shifts,0.0285,0.141,,0.6852,regulatory_compliance_cost,0.0098,0.0342,0.0402,0.6852,0.0238,0.0468,0.0385,0.0385,0.0444,0.0385
china_tech_crackdown_2021,TDS,50,regulatory_sovereignty_shifts,-0.1189,-0.1171,,0.6852,regulatory_compliance_cost,0.0098,0.0342,0.0402,0.6852,0.0238,0.0468,0.0385,0.0385,0.0444,0.0385
eu_data_privacy_gdpr_2018,TECH,35,regulatory_sovereignty_shifts,0.0327,0.0267,,0.6852,regulatory_compliance_cost,0.0098,0.0342,0.0402,0.6852,0.0238,0.0468,0.0385,0.0385,0.0444,0.0385
india_bytedance_ban_2020,TECH,35,regulatory_sovereignty_shifts,0.051,0.0316,,0.6852,regulatory_compliance_cost,0.0098,0.0342,0.0402,0.6852,0.0238,0.0468,0.0385,0.0385,0.0444,0.0385
japan_korea_trade_dispute_2019,TECK,15,trade_policy_actions,-0.0291,-0.2588,,0.5369,procurement_supply_chain,0.5369,0.0498,0.0539,0.052,0.0369,0.057,0.0514,0.0514,0.0592,0.0514
xinjiang_cotton_ban_2021,TECK,15,trade_policy_actions,0.0379,0.3339,,0.5369,procurement_supply_chain,0.5369,0.0498,0.0539,0.052,0.0369,0.057,0.0514,0.0514,0.0592,0.0514
indonesia_nickel_ban_2020,TECK,15,resource_energy_disruptions,-0.1025,-0.2251,,0.5667,procurement_supply_chain,0.5667,0.058,0.0433,0.0534,0.0479,0.0517,0.0439,0.0439,0.0474,0.0439
ukraine_grain_crisis_2022,TECK,15,resource_energy_disruptions,0.0939,-0.1679,,0.5667,procurement_supply_chain,0.5667,0.058,0.0433,0.0534,0.0479,0.0517,0.0439,0.0439,0.0474,0.0439
eu_data_privacy_gdpr_2018,TELNY,50,regulatory_sovereignty_shifts,0.0305,0.0606,,0.6852,regulatory_compliance_cost,0.0098,0.0342,0.0402,0.6852,0.0238,0.0468,0.0385,0.0385,0.0444,0.0385
boeing_737max_global_grounding_2019,TELNY,50,regulatory_sovereignty_shifts,0.0488,-0.0353,,0.6852,regulatory_compliance_cost,0.0098,0.0342,0.0402,0.6852,0.0238,0.0468,0.0385,0.0385,0.0444,0.0385
cfius_qualcomm_broadcom_block_2018,TEO,50,regulatory_sovereignty_shifts,-0.0304,-0.1044,,0.6852,regulatory_compliance_cost,0.0098,0.0342,0.0402,0.6852,0.0238,0.0468,0.0385,0.0385,0.0444,0.0385
china_tech_crackdown_2021,TERN,35,regulatory_sovereignty_shifts,-0.0748,0.4877,,0.6852,regulatory_compliance_cost,0.0098,0.0342,0.0402,0.6852,0.0238,0.0468,0.0385,0.0385,0.0444,0.0385
china_tech_crackdown_2021,TEVA,35,regulatory_sovereignty_shifts,0.118,0.0726,,0.6852,regulatory_compliance_cost,0.0098,0.0342,0.0402,0.6852,0.0238,0.0468,0.0385,0.0385,0.0444,0.0385
india_bytedance_ban_2020,TEVA,35,regulatory_sovereignty_shifts,-0.0796,-0.0378,,0.6852,regulatory_compliance_cost,0.0098,0.0342,0.0402,0.6852,0.0238,0.0468,0.0385,0.0385,0.0444,0.0385
cfius_qualcomm_broadcom_block_2018,TEVA,35,regulatory_sovereignty_shifts,-0.0815,-0.0995,,0.6852,regulatory_compliance_cost,0.0098,0.0342,0.0402,0.6852,0.0238,0.0468,0.0385,0.0385,0.0444,0.0385
boeing_737max_global_grounding_2019,TEVA,35,regulatory_sovereignty_shifts,0.0388,-0.0672,,0.6852,regulatory_compliance_cost,0.0098,0.0342,0.0402,0.6852,0.0238,0.0468,0.0385,0.0385,0.0444,0.0385
russia_sanctions_2022,TFC,40,sanctions_financial_restrictions,-0.0637,-0.1445,,0.6846,financial_treasury,0.0235,0.041,0.0366,0.0397,0.027,0.0386,0.0364,0.0364,0.6846,0.0364
us_iran_sanctions_reimpose_2018,TFC,40,sanctions_financial_restrictions,0.0305,-0.0347,,0.6846,financial_treasury,0.0235,0.041,0.0366,0.0397,0.027,0.0386,0.0364,0.0364,0.6846,0.0364
china_gallium_germanium_export_controls_2023,TFPM,15,resource_energy_disruptions,-0.0492,-0.0306,,0.5667,procurement_supply_chain,0.5667,0.058,0.0433,0.0534,0.0479,0.0517,0.0439,0.0439,0.0474,0.0439
eu_data_privacy_gdpr_2018,TGTX,35,regulatory_sovereignty_shifts,0.0916,-0.0073,,0.6852,regulatory_compliance_cost,0.0098,0.0342,0.0402,0.6852,0.0238,0.0468,0.0385,0.0385,0.0444,0.0385
china_tech_crackdown_2021,TGTX,35,regulatory_sovereignty_shifts,-0.2752,-0.2046,,0.6852,regulatory_compliance_cost,0.0098,0.0342,0.0402,0.6852,0.0238,0.0468,0.0385,0.0385,0.0444,0.0385
india_bytedance_ban_2020,TGTX,35,regulatory_sovereignty_shifts,0.2174,-0.0051,,0.6852,regulatory_compliance_cost,0.0098,0.0342,0.0402,0.6852,0.0238,0.0468,0.0385,0.0385,0.0444,0.0385
cfius_qualcomm_broadcom_block_2018,TGTX,35,regulatory_sovereignty_shifts,-0.0304,-0.1277,,0.6852,regulatory_compliance_cost,0.0098,0.0342,0.0402,0.6852,0.0238,0.0468,0.0385,0.0385,0.0444,0.0385
boeing_737max_global_grounding_2019,TGTX,35,regulatory_sovereignty_shifts,0.0956,0.1897,,0.6852,regulatory_compliance_cost,0.0098,0.0342,0.0402,0.6852,0.0238,0.0468,0.0385,0.0385,0.0444,0.0385
eu_data_privacy_gdpr_2018,THC,35,regulatory_sovereignty_shifts,0.029,0.031,,0.6852,regulatory_compliance_cost,0.0098,0.0342,0.0402,0.6852,0.0238,0.0468,0.0385,0.0385,0.0444,0.0385
russia_corporate_exit_2022,THG,40,sanctions_financial_restrictions,0.0488,0.1359,,0.6846,financial_treasury,0.0235,0.041,0.0366,0.0397,0.027,0.0386,0.0364,0.0364,0.6846,0.0364
china_tech_crackdown_2021,TIGO,50,regulatory_sovereignty_shifts,-0.0375,-0.0815,,0.6852,regulatory_compliance_cost,0.0098,0.0342,0.0402,0.6852,0.0238,0.0468,0.0385,0.0385,0.0444,0.0385
boeing_737max_global_grounding_2019,TIGO,50,regulatory_sovereignty_shifts,0.0304,-0.0385,,0.6852,regulatory_compliance_cost,0.0098,0.0342,0.0402,0.6852,0.0238,0.0468,0.0385,0.0385,0.0444,0.0385
india_bytedance_ban_2020,TIMB,50,regulatory_sovereignty_shifts,0.0884,0.1326,,0.6852,regulatory_compliance_cost,0.0098,0.0342,0.0402,0.6852,0.0238,0.0468,0.0385,0.0385,0.0444,0.0385
boeing_737max_global_grounding_2019,TIMB,50,regulatory_sovereignty_shifts,0.0328,-0.0835,,0.6852,regulatory_compliance_cost,0.0098,0.0342,0.0402,0.6852,0.0238,0.0468,0.0385,0.0385,0.0444,0.0385
eu_data_privacy_gdpr_2018,TKC,50,regulatory_sovereignty_shifts,-0.0397,-0.025,,0.6852,regulatory_compliance_cost,0.0098,0.0342,0.0402,0.6852,0.0238,0.0468,0.0385,0.0385,0.0444,0.0385
china_tech_crackdown_2021,TKC,50,regulatory_sovereignty_shifts,0.0295,0.091,,0.6852,regulatory_compliance_cost,0.0098,0.0342,0.0402,0.6852,0.0238,0.0468,0.0385,0.0385,0.0444,0.0385
boeing_737max_global_grounding_2019,TKC,50,regulatory_sovereignty_shifts,-0.0823,-0.1848,,0.6852,regulatory_compliance_cost,0.0098,0.0342,0.0402,0.6852,0.0238,0.0468,0.0385,0.0385,0.0444,0.0385
eu_data_privacy_gdpr_2018,TKO,50,regulatory_sovereignty_shifts,0.0544,0.2933,,0.6852,regulatory_compliance_cost,0.0098,0.0342,0.0402,0.6852,0.0238,0.0468,0.0385,0.0385,0.0444,0.0385
india_bytedance_ban_2020,TKO,50,regulatory_sovereignty_shifts,0.0323,0.0418,,0.6852,regulatory_compliance_cost,0.0098,0.0342,0.0402,0.6852,0.0238,0.0468,0.0385,0.0385,0.0444,0.0385
cfius_qualcomm_broadcom_block_2018,TKO,50,regulatory_sovereignty_shifts,-0.0326,0.0191,,0.6852,regulatory_compliance_cost,0.0098,0.0342,0.0402,0.6852,0.0238,0.0468,0.0385,0.0385,0.0444,0.0385
boeing_737max_global_grounding_2019,TKO,50,regulatory_sovereignty_shifts,0.0293,-0.0236,,0.6852,regulatory_compliance_cost,0.0098,0.0342,0.0402,0.6852,0.0238,0.0468,0.0385,0.0385,0.0444,0.0385
eu_data_privacy_gdpr_2018,TLK,50,regulatory_sovereignty_shifts,0.0418,0.1158,,0.6852,regulatory_compliance_cost,0.0098,0.0342,0.0402,0.6852,0.0238,0.0468,0.0385,0.0385,0.0444,0.0385
china_tech_crackdown_2021,TLK,50,regulatory_sovereignty_shifts,0.0333,0.0849,,0.6852,regulatory_compliance_cost,0.0098,0.0342,0.0402,0.6852,0.0238,0.0468,0.0385,0.0385,0.0444,0.0385
cfius_qualcomm_broadcom_block_2018,TLK,50,regulatory_sovereignty_shifts,-0.0829,-0.0845,,0.6852,regulatory_compliance_cost,0.0098,0.0342,0.0402,0.6852,0.0238,0.0468,0.0385,0.0385,0.0444,0.0385
india_bytedance_ban_2020,TME,50,regulatory_sovereignty_shifts,0.2392,0.1698,,0.6852,regulatory_compliance_cost,0.0098,0.0342,0.0402,0.6852,0.0238,0.0468,0.0385,0.0385,0.0444,0.0385
boeing_737max_global_grounding_2019,TME,50,regulatory_sovereignty_shifts,-0.0688,-0.0386,,0.6852,regulatory_compliance_cost,0.0098,0.0342,0.0402,0.6852,0.0238,0.0468,0.0385,0.0385,0.0444,0.0385
india_bytedance_ban_2020,TMO,35,regulatory_sovereignty_shifts,0.084,0.1609,,0.6852,regulatory_compliance_cost,0.0098,0.0342,0.0402,0.6852,0.0238,0.0468,0.0385,0.0385,0.0444,0.0385
cfius_qualcomm_broadcom_block_2018,TMO,35,regulatory_sovereignty_shifts,-0.0258,-0.0191,,0.6852,regulatory_compliance_cost,0.0098,0.0342,0.0402,0.6852,0.0238,0.0468,0.0385,0.0385,0.0444,0.0385
boeing_737max_global_grounding_2019,TMO,35,regulatory_sovereignty_shifts,0.0269,0.042,,0.6852,regulatory_compliance_cost,0.0098,0.0342,0.0402,0.6852,0.0238,0.0468,0.0385,0.0385,0.0444,0.0385
russia_sanctions_2022,TPG,40,sanctions_financial_restrictions,-0.0544,-0.0735,,0.6846,financial_treasury,0.0235,0.041,0.0366,0.0397,0.027,0.0386,0.0364,0.0364,0.6846,0.0364
xinjiang_cotton_ban_2021,TPL,10,trade_policy_actions,0.0693,0.0817,,0.5369,procurement_supply_chain,0.5369,0.0498,0.0539,0.052,0.0369,0.057,0.0514,0.0514,0.0592,0.0514
china_gallium_germanium_export_controls_2023,TPL,10,resource_energy_disruptions,0.046,0.3702,,0.5667,procurement_supply_chain,0.5667,0.058,0.0433,0.0534,0.0479,0.0517,0.0439,0.0439,0.0474,0.0439
indonesia_nickel_ban_2020,TPL,10,resource_energy_disruptions,0.0409,-0.0143,,0.5667,procurement_supply_chain,0.5667,0.058,0.0433,0.0534,0.0479,0.0517,0.0439,0.0439,0.0474,0.0439
ukraine_grain_crisis_2022,TPL,10,resource_energy_disruptions,0.0272,0.1149,,0.5667,procurement_supply_chain,0.5667,0.058,0.0433,0.0534,0.0479,0.0517,0.0439,0.0439,0.0474,0.0439
japan_korea_trade_dispute_2019,TRGP,10,trade_policy_actions,0.055,-0.12,,0.5369,procurement_supply_chain,0.5369,0.0498,0.0539,0.052,0.0369,0.057,0.0514,0.0514,0.0592,0.0514
australia_china_coal_ban_2020,TRGP,10,trade_policy_actions,-0.0464,0.4832,,0.5369,procurement_supply_chain,0.5369,0.0498,0.0539,0.052,0.0369,0.057,0.0514,0.0514,0.0592,0.0514
eu_china_ev_tariff_2024,TRGP,10,trade_policy_actions,0.0398,0.0831,,0.5369,procurement_supply_chain,0.5369,0.0498,0.0539,0.052,0.0369,0.057,0.0514,0.0514,0.0592,0.0514
ukraine_grain_crisis_2022,TRGP,10,resource_energy_disruptions,-0.0399,-0.1594,,0.5667,procurement_supply_chain,0.5667,0.058,0.0433,0.0534,0.0479,0.0517,0.0439,0.0439,0.0474,0.0439
russia_sanctions_2022,TROW,40,sanctions_financial_restrictions,-0.0448,0.0151,,0.6846,financial_treasury,0.0235,0.041,0.0366,0.0397,0.027,0.0386,0.0364,0.0364,0.6846,0.0364
russia_corporate_exit_2022,TROW,40,sanctions_financial_restrictions,0.0426,0.0726,,0.6846,financial_treasury,0.0235,0.041,0.0366,0.0397,0.027,0.0386,0.0364,0.0364,0.6846,0.0364
us_iran_sanctions_reimpose_2018,TROW,40,sanctions_financial_restrictions,0.026,0.0961,,0.6846,financial_treasury,0.0235,0.041,0.0366,0.0397,0.027,0.0386,0.0364,0.0364,0.6846,0.0364
australia_china_coal_ban_2020,TRP,10,trade_policy_actions,-0.0277,0.0081,,0.5369,procurement_supply_chain,0.5369,0.0498,0.0539,0.052,0.0369,0.057,0.0514,0.0514,0.0592,0.0514
china_gallium_germanium_export_controls_2023,TRP,10,resource_energy_disruptions,-0.0376,-0.1214,,0.5667,procurement_supply_chain,0.5667,0.058,0.0433,0.0534,0.0479,0.0517,0.0439,0.0439,0.0474,0.0439
russia_sanctions_2022,TRU,40,sanctions_financial_restrictions,0.0534,0.0531,,0.6846,financial_treasury,0.0235,0.041,0.0366,0.0397,0.027,0.0386,0.0364,0.0364,0.6846,0.0364
russia_corporate_exit_2022,TRU,40,sanctions_financial_restrictions,0.0757,0.042,,0.6846,financial_treasury,0.0235,0.041,0.0366,0.0397,0.027,0.0386,0.0364,0.0364,0.6846,0.0364
russia_corporate_exit_2022,TRV,40,sanctions_financial_restrictions,0.0753,0.0605,,0.6846,financial_treasury,0.0235,0.041,0.0366,0.0397,0.027,0.0386,0.0364,0.0364,0.6846,0.0364
japan_korea_trade_dispute_2019,TS,10,trade_policy_actions,0.047,-0.1839,,0.5369,procurement_supply_chain,0.5369,0.0498,0.0539,0.052,0.0369,0.057,0.0514,0.0514,0.0592,0.0514
xinjiang_cotton_ban_2021,TS,10,trade_policy_actions,0.0272,0.0593,,0.5369,procurement_supply_chain,0.5369,0.0498,0.0539,0.052,0.0369,0.057,0.0514,0.0514,0.0592,0.0514
eu_china_ev_tariff_2024,TS,10,trade_policy_actions,-0.0307,-0.0009,,0.5369,procurement_supply_chain,0.5369,0.0498,0.0539,0.052,0.0369,0.057,0.0514,0.0514,0.0592,0.0514
china_gallium_germanium_export_controls_2023,TS,10,resource_energy_disruptions,0.0388,0.1128,,0.5667,procurement_supply_chain,0.5667,0.058,0.0433,0.0534,0.0479,0.0517,0.0439,0.0439,0.0474,0.0439
indonesia_nickel_ban_2020,TS,10,resource_energy_disruptions,0.0375,-0.0822,,0.5667,procurement_supply_chain,0.5667,0.058,0.0433,0.0534,0.0479,0.0517,0.0439,0.0439,0.0474,0.0439
ukraine_grain_crisis_2022,TS,10,resource_energy_disruptions,0.0387,-0.1798,,0.5667,procurement_supply_chain,0.5667,0.058,0.0433,0.0534,0.0479,0.0517,0.0439,0.0439,0.0474,0.0439
china_tech_crackdown_2021,TTD,50,regulatory_sovereignty_shifts,0.0251,-0.0723,,0.6852,regulatory_compliance_cost,0.0098,0.0342,0.0402,0.6852,0.0238,0.0468,0.0385,0.0385,0.0444,0.0385
india_bytedance_ban_2020,TTD,50,regulatory_sovereignty_shifts,0.1097,0.0973,,0.6852,regulatory_compliance_cost,0.0098,0.0342,0.0402,0.6852,0.0238,0.0468,0.0385,0.0385,0.0444,0.0385
cfius_qualcomm_broadcom_block_2018,TTD,50,regulatory_sovereignty_shifts,-0.066,-0.1181,,0.6852,regulatory_compliance_cost,0.0098,0.0342,0.0402,0.6852,0.0238,0.0468,0.0385,0.0385,0.0444,0.0385
australia_china_coal_ban_2020,TTE,10,trade_policy_actions,-0.0658,0.2416,,0.5369,procurement_supply_chain,0.5369,0.0498,0.0539,0.052,0.0369,0.057,0.0514,0.0514,0.0592,0.0514
ukraine_grain_crisis_2022,TTE,10,resource_energy_disruptions,0.0431,-0.013,,0.5667,procurement_supply_chain,0.5667,0.058,0.0433,0.0534,0.0479,0.0517,0.0439,0.0439,0.0474,0.0439
india_bytedance_ban_2020,TTWO,50,regulatory_sovereignty_shifts,0.0688,0.2128,,0.6852,regulatory_compliance_cost,0.0098,0.0342,0.0402,0.6852,0.0238,0.0468,0.0385,0.0385,0.0444,0.0385
cfius_qualcomm_broadcom_block_2018,TTWO,50,regulatory_sovereignty_shifts,-0.0971,-0.1673,,0.6852,regulatory_compliance_cost,0.0098,0.0342,0.0402,0.6852,0.0238,0.0468,0.0385,0.0385,0.0444,0.0385
cfius_qualcomm_broadcom_block_2018,TU,50,regulatory_sovereignty_shifts,-0.0259,-0.0339,,0.6852,regulatory_compliance_cost,0.0098,0.0342,0.0402,0.6852,0.0238,0.0468,0.0385,0.0385,0.0444,0.0385
russia_sanctions_2022,TW,40,sanctions_financial_restrictions,0.0569,0.0894,,0.6846,financial_treasury,0.0235,0.041,0.0366,0.0397,0.027,0.0386,0.0364,0.0364,0.6846,0.0364
russia_corporate_exit_2022,TW,40,sanctions_financial_restrictions,0.0319,0.0049,,0.6846,financial_treasury,0.0235,0.041,0.0366,0.0397,0.027,0.0386,0.0364,0.0364,0.6846,0.0364
australia_china_coal_ban_2020,TX,15,trade_policy_actions,0.0358,0.277,,0.5369,procurement_supply_chain,0.5369,0.0498,0.0539,0.052,0.0369,0.057,0.0514,0.0514,0.0592,0.0514
xinjiang_cotton_ban_2021,TX,15,trade_policy_actions,0.0819,0.1238,,0.5369,procurement_supply_chain,0.5369,0.0498,0.0539,0.052,0.0369,0.057,0.0514,0.0514,0.0592,0.0514
eu_china_ev_tariff_2024,TX,15,trade_policy_actions,-0.0372,-0.0531,,0.5369,procurement_supply_chain,0.5369,0.0498,0.0539,0.052,0.0369,0.057,0.0514,0.0514,0.0592,0.0514
china_gallium_germanium_export_controls_2023,TX,15,resource_energy_disruptions,0.0299,-0.0167,,0.5667,procurement_supply_chain,0.5667,0.058,0.0433,0.0534,0.0479,0.0517,0.0439,0.0439,0.0474,0.0439
ukraine_grain_crisis_2022,TX,15,resource_energy_disruptions,0.0675,-0.092,,0.5667,procurement_supply_chain,0.5667,0.058,0.0433,0.0534,0.0479,0.0517,0.0439,0.0439,0.0474,0.0439
russia_sanctions_2022,UBS,40,sanctions_financial_restrictions,-0.157,-0.017,,0.6846,financial_treasury,0.0235,0.041,0.0366,0.0397,0.027,0.0386,0.0364,0.0364,0.6846,0.0364
russia_corporate_exit_2022,UBS,40,sanctions_financial_restrictions,0.0581,0.1385,,0.6846,financial_treasury,0.0235,0.041,0.0366,0.0397,0.027,0.0386,0.0364,0.0364,0.6846,0.0364
russia_sanctions_2022,UBSI,40,sanctions_financial_restrictions,-0.0467,-0.072,,0.6846,financial_treasury,0.0235,0.041,0.0366,0.0397,0.027,0.0386,0.0364,0.0364,0.6846,0.0364
russia_corporate_exit_2022,UBSI,40,sanctions_financial_restrictions,0.0704,0.0593,,0.6846,financial_treasury,0.0235,0.041,0.0366,0.0397,0.027,0.0386,0.0364,0.0364,0.6846,0.0364
japan_korea_trade_dispute_2019,UEC,10,trade_policy_actions,-0.2015,-0.3507,,0.5369,procurement_supply_chain,0.5369,0.0498,0.0539,0.052,0.0369,0.057,0.0514,0.0514,0.0592,0.0514
australia_china_coal_ban_2020,UEC,10,trade_policy_actions,-0.0588,-0.0294,,0.5369,procurement_supply_chain,0.5369,0.0498,0.0539,0.052,0.0369,0.057,0.0514,0.0514,0.0592,0.0514
xinjiang_cotton_ban_2021,UEC,10,trade_policy_actions,0.0792,0.2226,,0.5369,procurement_supply_chain,0.5369,0.0498,0.0539,0.052,0.0369,0.057,0.0514,0.0514,0.0592,0.0514
eu_china_ev_tariff_2024,UEC,10,trade_policy_actions,0.1061,-0.0035,,0.5369,procurement_supply_chain,0.5369,0.0498,0.0539,0.052,0.0369,0.057,0.0514,0.0514,0.0592,0.0514
china_gallium_germanium_export_controls_2023,UEC,10,resource_energy_disruptions,-0.0676,0.0794,,0.5667,procurement_supply_chain,0.5667,0.058,0.0433,0.0534,0.0479,0.0517,0.0439,0.0439,0.0474,0.0439
ukraine_grain_crisis_2022,UEC,10,resource_energy_disruptions,0.0494,-0.0756,,0.5667,procurement_supply_chain,0.5667,0.058,0.0433,0.0534,0.0479,0.0517,0.0439,0.0439,0.0474,0.0439
australia_china_coal_ban_2020,UFPI,15,trade_policy_actions,-0.0525,-0.0826,,0.5369,procurement_supply_chain,0.5369,0.0498,0.0539,0.052,0.0369,0.057,0.0514,0.0514,0.0592,0.0514
xinjiang_cotton_ban_2021,UFPI,15,trade_policy_actions,0.1178,0.3063,,0.5369,procurement_supply_chain,0.5369,0.0498,0.0539,0.052,0.0369,0.057,0.0514,0.0514,0.0592,0.0514
ukraine_grain_crisis_2022,UFPI,15,resource_energy_disruptions,-0.0345,-0.1374,,0.5667,procurement_supply_chain,0.5667,0.058,0.0433,0.0534,0.0479,0.0517,0.0439,0.0439,0.0474,0.0439
japan_korea_trade_dispute_2019,UGP,10,trade_policy_actions,0.0855,-0.1829,,0.5369,procurement_supply_chain,0.5369,0.0498,0.0539,0.052,0.0369,0.057,0.0514,0.0514,0.0592,0.0514
xinjiang_cotton_ban_2021,UGP,10,trade_policy_actions,0.0946,0.1003,,0.5369,procurement_supply_chain,0.5369,0.0498,0.0539,0.052,0.0369,0.057,0.0514,0.0514,0.0592,0.0514
eu_china_ev_tariff_2024,UGP,10,trade_policy_actions,-0.0269,-0.0073,,0.5369,procurement_supply_chain,0.5369,0.0498,0.0539,0.052,0.0369,0.057,0.0514,0.0514,0.0592,0.0514
ukraine_grain_crisis_2022,UGP,10,resource_energy_disruptions,0.0586,-0.0883,,0.5667,procurement_supply_chain,0.5667,0.058,0.0433,0.0534,0.0479,0.0517,0.0439,0.0439,0.0474,0.0439
china_tech_crackdown_2021,UHS,35,regulatory_sovereignty_shifts,0.0456,0.0191,,0.6852,regulatory_compliance_cost,0.0098,0.0342,0.0402,0.6852,0.0238,0.0468,0.0385,0.0385,0.0444,0.0385
cfius_qualcomm_broadcom_block_2018,UHS,35,regulatory_sovereignty_shifts,-0.0254,-0.0457,,0.6852,regulatory_compliance_cost,0.0098,0.0342,0.0402,0.6852,0.0238,0.0468,0.0385,0.0385,0.0444,0.0385
russia_sanctions_2022,UMBF,40,sanctions_financial_restrictions,-0.0429,-0.0893,,0.6846,financial_treasury,0.0235,0.041,0.0366,0.0397,0.027,0.0386,0.0364,0.0364,0.6846,0.0364
russia_corporate_exit_2022,UMBF,40,sanctions_financial_restrictions,0.0398,0.0074,,0.6846,financial_treasury,0.0235,0.041,0.0366,0.0397,0.027,0.0386,0.0364,0.0364,0.6846,0.0364
russia_sanctions_2022,UNM,40,sanctions_financial_restrictions,-0.0351,0.1301,,0.6846,financial_treasury,0.0235,0.041,0.0366,0.0397,0.027,0.0386,0.0364,0.0364,0.6846,0.0364
russia_corporate_exit_2022,UNM,40,sanctions_financial_restrictions,0.0448,0.2704,,0.6846,financial_treasury,0.0235,0.041,0.0366,0.0397,0.027,0.0386,0.0364,0.0364,0.6846,0.0364
russia_sanctions_2022,USB,40,sanctions_financial_restrictions,-0.0364,-0.0813,,0.6846,financial_treasury,0.0235,0.041,0.0366,0.0397,0.027,0.0386,0.0364,0.0364,0.6846,0.0364
eu_data_privacy_gdpr_2018,UTHR,35,regulatory_sovereignty_shifts,0.0604,0.1723,,0.6852,regulatory_compliance_cost,0.0098,0.0342,0.0402,0.6852,0.0238,0.0468,0.0385,0.0385,0.0444,0.0385
china_tech_crackdown_2021,UTHR,35,regulatory_sovereignty_shifts,-0.0255,0.1268,,0.6852,regulatory_compliance_cost,0.0098,0.0342,0.0402,0.6852,0.0238,0.0468,0.0385,0.0385,0.0444,0.0385
cfius_qualcomm_broadcom_block_2018,UTHR,35,regulatory_sovereignty_shifts,-0.052,-0.0519,,0.6852,regulatory_compliance_cost,0.0098,0.0342,0.0402,0.6852,0.0238,0.0468,0.0385,0.0385,0.0444,0.0385
boeing_737max_global_grounding_2019,UTHR,35,regulatory_sovereignty_shifts,0.0492,-0.117,,0.6852,regulatory_compliance_cost,0.0098,0.0342,0.0402,0.6852,0.0238,0.0468,0.0385,0.0385,0.0444,0.0385
japan_korea_trade_dispute_2019,UUUU,10,trade_policy_actions,-0.348,-0.4662,,0.5369,procurement_supply_chain,0.5369,0.0498,0.0539,0.052,0.0369,0.057,0.0514,0.0514,0.0592,0.0514
australia_china_coal_ban_2020,UUUU,10,trade_policy_actions,-0.0417,0.1369,,0.5369,procurement_supply_chain,0.5369,0.0498,0.0539,0.052,0.0369,0.057,0.0514,0.0514,0.0592,0.0514
eu_china_ev_tariff_2024,UUUU,10,trade_policy_actions,0.0269,-0.0455,,0.5369,procurement_supply_chain,0.5369,0.0498,0.0539,0.052,0.0369,0.057,0.0514,0.0514,0.0592,0.0514
indonesia_nickel_ban_2020,UUUU,10,resource_energy_disruptions,-0.0838,-0.2199,,0.5667,procurement_supply_chain,0.5667,0.058,0.0433,0.0534,0.0479,0.0517,0.0439,0.0439,0.0474,0.0439
ukraine_grain_crisis_2022,UUUU,10,resource_energy_disruptions,0.0676,-0.1182,,0.5667,procurement_supply_chain,0.5667,0.058,0.0433,0.0534,0.0479,0.0517,0.0439,0.0439,0.0474,0.0439
russia_sanctions_2022,V,40,sanctions_financial_restrictions,-0.0866,-0.0104,,0.6846,financial_treasury,0.0235,0.041,0.0366,0.0397,0.027,0.0386,0.0364,0.0364,0.6846,0.0364
russia_corporate_exit_2022,V,40,sanctions_financial_restrictions,0.0753,0.136,,0.6846,financial_treasury,0.0235,0.041,0.0366,0.0397,0.027,0.0386,0.0364,0.0364,0.6846,0.0364
eu_china_ev_tariff_2024,VAL,10,trade_policy_actions,-0.0651,0.0302,,0.5369,procurement_supply_chain,0.5369,0.0498,0.0539,0.052,0.0369,0.057,0.0514,0.0514,0.0592,0.0514
china_gallium_germanium_export_controls_2023,VAL,10,resource_energy_disruptions,0.1117,0.1608,,0.5667,procurement_supply_chain,0.5667,0.058,0.0433,0.0534,0.0479,0.0517,0.0439,0.0439,0.0474,0.0439
japan_korea_trade_dispute_2019,VALE,15,trade_policy_actions,0.0322,-0.1862,,0.5369,procurement_supply_chain,0.5369,0.0498,0.0539,0.052,0.0369,0.057,0.0514,0.0514,0.0592,0.0514
xinjiang_cotton_ban_2021,VALE,15,trade_policy_actions,0.0413,0.3092,,0.5369,procurement_supply_chain,0.5369,0.0498,0.0539,0.052,0.0369,0.057,0.0514,0.0514,0.0592,0.0514
ukraine_grain_crisis_2022,VALE,15,resource_energy_disruptions,0.0865,-0.041,,0.5667,procurement_supply_chain,0.5667,0.058,0.0433,0.0534,0.0479,0.0517,0.0439,0.0439,0.0474,0.0439
eu_data_privacy_gdpr_2018,VEEV,35,regulatory_sovereignty_shifts,0.0571,0.0313,,0.6852,regulatory_compliance_cost,0.0098,0.0342,0.0402,0.6852,0.0238,0.0468,0.0385,0.0385,0.0444,0.0385
india_bytedance_ban_2020,VEEV,35,regulatory_sovereignty_shifts,0.0641,0.0981,,0.6852,regulatory_compliance_cost,0.0098,0.0342,0.0402,0.6852,0.0238,0.0468,0.0385,0.0385,0.0444,0.0385
boeing_737max_global_grounding_2019,VEEV,35,regulatory_sovereignty_shifts,0.0261,0.1294,,0.6852,regulatory_compliance_cost,0.0098,0.0342,0.0402,0.6852,0.0238,0.0468,0.0385,0.0385,0.0444,0.0385
australia_china_coal_ban_2020,VIST,10,trade_policy_actions,-0.0628,0.0502,,0.5369,procurement_supply_chain,0.5369,0.0498,0.0539,0.052,0.0369,0.057,0.0514,0.0514,0.0592,0.0514
xinjiang_cotton_ban_2021,VIST,10,trade_policy_actions,-0.0791,-0.0504,,0.5369,procurement_supply_chain,0.5369,0.0498,0.0539,0.052,0.0369,0.057,0.0514,0.0514,0.0592,0.0514
china_gallium_germanium_export_controls_2023,VIST,10,resource_energy_disruptions,0.0827,0.0443,,0.5667,procurement_supply_chain,0.5667,0.058,0.0433,0.0534,0.0479,0.0517,0.0439,0.0439,0.0474,0.0439
ukraine_grain_crisis_2022,VIST,10,resource_energy_disruptions,0.043,-0.0941,,0.5667,procurement_supply_chain,0.5667,0.058,0.0433,0.0534,0.0479,0.0517,0.0439,0.0439,0.0474,0.0439
eu_data_privacy_gdpr_2018,VIV,50,regulatory_sovereignty_shifts,-0.0288,-0.0412,,0.6852,regulatory_compliance_cost,0.0098,0.0342,0.0402,0.6852,0.0238,0.0468,0.0385,0.0385,0.0444,0.0385
china_tech_crackdown_2021,VIV,50,regulatory_sovereignty_shifts,0.0344,0.0484,,0.6852,regulatory_compliance_cost,0.0098,0.0342,0.0402,0.6852,0.0238,0.0468,0.0385,0.0385,0.0444,0.0385
cfius_qualcomm_broadcom_block_2018,VIV,50,regulatory_sovereignty_shifts,-0.0348,-0.0736,,0.6852,regulatory_compliance_cost,0.0098,0.0342,0.0402,0.6852,0.0238,0.0468,0.0385,0.0385,0.0444,0.0385
boeing_737max_global_grounding_2019,VIV,50,regulatory_sovereignty_shifts,0.0428,-0.0151,,0.6852,regulatory_compliance_cost,0.0098,0.0342,0.0402,0.6852,0.0238,0.0468,0.0385,0.0385,0.0444,0.0385
japan_korea_trade_dispute_2019,VLO,10,trade_policy_actions,0.0338,-0.0365,,0.5369,procurement_supply_chain,0.5369,0.0498,0.0539,0.052,0.0369,0.057,0.0514,0.0514,0.0592,0.0514
australia_china_coal_ban_2020,VLO,10,trade_policy_actions,-0.0882,0.325,,0.5369,procurement_supply_chain,0.5369,0.0498,0.0539,0.052,0.0369,0.057,0.0514,0.0514,0.0592,0.0514
eu_china_ev_tariff_2024,VLO,10,trade_policy_actions,0.0276,0.0724,,0.5369,procurement_supply_chain,0.5369,0.0498,0.0539,0.052,0.0369,0.057,0.0514,0.0514,0.0592,0.0514
ukraine_grain_crisis_2022,VLO,10,resource_energy_disruptions,-0.0299,-0.1481,,0.5667,procurement_supply_chain,0.5667,0.058,0.0433,0.0534,0.0479,0.0517,0.0439,0.0439,0.0474,0.0439
russia_sanctions_2022,VLY,40,sanctions_financial_restrictions,-0.0464,-0.117,,0.6846,financial_treasury,0.0235,0.041,0.0366,0.0397,0.027,0.0386,0.0364,0.0364,0.6846,0.0364
russia_corporate_exit_2022,VLY,40,sanctions_financial_restrictions,0.0357,-0.0147,,0.6846,financial_treasury,0.0235,0.041,0.0366,0.0397,0.027,0.0386,0.0364,0.0364,0.6846,0.0364
japan_korea_trade_dispute_2019,VMC,15,trade_policy_actions,-0.0297,0.0127,,0.5369,procurement_supply_chain,0.5369,0.0498,0.0539,0.052,0.0369,0.057,0.0514,0.0514,0.0592,0.0514
australia_china_coal_ban_2020,VMC,15,trade_policy_actions,-0.0298,-0.0726,,0.5369,procurement_supply_chain,0.5369,0.0498,0.0539,0.052,0.0369,0.057,0.0514,0.0514,0.0592,0.0514
xinjiang_cotton_ban_2021,VMC,15,trade_policy_actions,0.0511,0.191,,0.5369,procurement_supply_chain,0.5369,0.0498,0.0539,0.052,0.0369,0.057,0.0514,0.0514,0.0592,0.0514
xinjiang_cotton_ban_2021,VNOM,10,trade_policy_actions,-0.0625,0.188,,0.5369,procurement_supply_chain,0.5369,0.0498,0.0539,0.052,0.0369,0.057,0.0514,0.0514,0.0592,0.0514
eu_china_ev_tariff_2024,VNOM,10,trade_policy_actions,-0.0351,0.1076,,0.5369,procurement_supply_chain,0.5369,0.0498,0.0539,0.052,0.0369,0.057,0.0514,0.0514,0.0592,0.0514
indonesia_nickel_ban_2020,VNOM,10,resource_energy_disruptions,0.0515,-0.0442,,0.5667,procurement_supply_chain,0.5667,0.058,0.0433,0.0534,0.0479,0.0517,0.0439,0.0439,0.0474,0.0439
ukraine_grain_crisis_2022,VNOM,10,resource_energy_disruptions,0.029,-0.0891,,0.5667,procurement_supply_chain,0.5667,0.058,0.0433,0.0534,0.0479,0.0517,0.0439,0.0439,0.0474,0.0439
cfius_qualcomm_broadcom_block_2018,VOD,50,regulatory_sovereignty_shifts,-0.0262,0.0275,,0.6852,regulatory_compliance_cost,0.0098,0.0342,0.0402,0.6852,0.0238,0.0468,0.0385,0.0385,0.0444,0.0385
boeing_737max_global_grounding_2019,VOD,50,regulatory_sovereignty_shifts,0.0461,-0.025,,0.6852,regulatory_compliance_cost,0.0098,0.0342,0.0402,0.6852,0.0238,0.0468,0.0385,0.0385,0.0444,0.0385
russia_sanctions_2022,VOYA,40,sanctions_financial_restrictions,-0.0798,-0.0283,,0.6846,financial_treasury,0.0235,0.041,0.0366,0.0397,0.027,0.0386,0.0364,0.0364,0.6846,0.0364
russia_corporate_exit_2022,VOYA,40,sanctions_financial_restrictions,0.0401,0.1409,,0.6846,financial_treasury,0.0235,0.041,0.0366,0.0397,0.027,0.0386,0.0364,0.0364,0.6846,0.0364
eu_data_privacy_gdpr_2018,VRTX,35,regulatory_sovereignty_shifts,-0.0498,0.1118,,0.6852,regulatory_compliance_cost,0.0098,0.0342,0.0402,0.6852,0.0238,0.0468,0.0385,0.0385,0.0444,0.0385
india_bytedance_ban_2020,VRTX,35,regulatory_sovereignty_shifts,0.0487,-0.0818,,0.6852,regulatory_compliance_cost,0.0098,0.0342,0.0402,0.6852,0.0238,0.0468,0.0385,0.0385,0.0444,0.0385
cfius_qualcomm_broadcom_block_2018,VRTX,35,regulatory_sovereignty_shifts,-0.0359,-0.1212,,0.6852,regulatory_compliance_cost,0.0098,0.0342,0.0402,0.6852,0.0238,0.0468,0.0385,0.0385,0.0444,0.0385
boeing_737max_global_grounding_2019,VRTX,35,regulatory_sovereignty_shifts,-0.0306,-0.0595,,0.6852,regulatory_compliance_cost,0.0098,0.0342,0.0402,0.6852,0.0238,0.0468,0.0385,0.0385,0.0444,0.0385
cfius_qualcomm_broadcom_block_2018,VTRS,35,regulatory_sovereignty_shifts,-0.0463,-0.0591,,0.6852,regulatory_compliance_cost,0.0098,0.0342,0.0402,0.6852,0.0238,0.0468,0.0385,0.0385,0.0444,0.0385
boeing_737max_global_grounding_2019,VTRS,35,regulatory_sovereignty_shifts,0.0451,-0.0288,,0.6852,regulatory_compliance_cost,0.0098,0.0342,0.0402,0.6852,0.0238,0.0468,0.0385,0.0385,0.0444,0.0385
russia_sanctions_2022,WAL,40,sanctions_financial_restrictions,-0.1005,-0.2049,,0.6846,financial_treasury,0.0235,0.041,0.0366,0.0397,0.027,0.0386,0.0364,0.0364,0.6846,0.0364
russia_corporate_exit_2022,WAL,40,sanctions_financial_restrictions,0.0414,-0.0084,,0.6846,financial_treasury,0.0235,0.041,0.0366,0.0397,0.027,0.0386,0.0364,0.0364,0.6846,0.0364
india_bytedance_ban_2020,WAT,35,regulatory_sovereignty_shifts,0.0494,0.2096,,0.6852,regulatory_compliance_cost,0.0098,0.0342,0.0402,0.6852,0.0238,0.0468,0.0385,0.0385,0.0444,0.0385
eu_data_privacy_gdpr_2018,WBD,50,regulatory_sovereignty_shifts,-0.056,0.2713,,0.6852,regulatory_compliance_cost,0.0098,0.0342,0.0402,0.6852,0.0238,0.0468,0.0385,0.0385,0.0444,0.0385
india_bytedance_ban_2020,WBD,50,regulatory_sovereignty_shifts,-0.041,0.0589,,0.6852,regulatory_compliance_cost,0.0098,0.0342,0.0402,0.6852,0.0238,0.0468,0.0385,0.0385,0.0444,0.0385
cfius_qualcomm_broadcom_block_2018,WBD,50,regulatory_sovereignty_shifts,-0.0602,-0.0197,,0.6852,regulatory_compliance_cost,0.0098,0.0342,0.0402,0.6852,0.0238,0.0468,0.0385,0.0385,0.0444,0.0385
russia_sanctions_2022,WBS,40,sanctions_financial_restrictions,-0.0661,-0.1654,,0.6846,financial_treasury,0.0235,0.041,0.0366,0.0397,0.027,0.0386,0.0364,0.0364,0.6846,0.0364
russia_corporate_exit_2022,WBS,40,sanctions_financial_restrictions,0.0974,0.0091,,0.6846,financial_treasury,0.0235,0.041,0.0366,0.0397,0.027,0.0386,0.0364,0.0364,0.6846,0.0364
australia_china_coal_ban_2020,WES,10,trade_policy_actions,-0.055,0.6295,,0.5369,procurement_supply_chain,0.5369,0.0498,0.0539,0.052,0.0369,0.057,0.0514,0.0514,0.0592,0.0514
xinjiang_cotton_ban_2021,WES,10,trade_policy_actions,0.0293,0.1721,,0.5369,procurement_supply_chain,0.5369,0.0498,0.0539,0.052,0.0369,0.057,0.0514,0.0514,0.0592,0.0514
indonesia_nickel_ban_2020,WES,10,resource_energy_disruptions,0.0757,-0.1566,,0.5667,procurement_supply_chain,0.5667,0.058,0.0433,0.0534,0.0479,0.0517,0.0439,0.0439,0.0474,0.0439
russia_sanctions_2022,WF,40,sanctions_financial_restrictions,-0.0618,0.0305,,0.6846,financial_treasury,0.0235,0.041,0.0366,0.0397,0.027,0.0386,0.0364,0.0364,0.6846,0.0364
russia_corporate_exit_2022,WF,40,sanctions_financial_restrictions,0.0915,0.2086,,0.6846,financial_treasury,0.0235,0.041,0.0366,0.0397,0.027,0.0386,0.0364,0.0364,0.6846,0.0364
us_iran_sanctions_reimpose_2018,WF,40,sanctions_financial_restrictions,-0.0453,0.0316,,0.6846,financial_treasury,0.0235,0.041,0.0366,0.0397,0.027,0.0386,0.0364,0.0364,0.6846,0.0364
russia_sanctions_2022,WFC,40,sanctions_financial_restrictions,-0.0983,-0.0994,,0.6846,financial_treasury,0.0235,0.041,0.0366,0.0397,0.027,0.0386,0.0364,0.0364,0.6846,0.0364
russia_corporate_exit_2022,WFC,40,sanctions_financial_restrictions,0.0786,0.0471,,0.6846,financial_treasury,0.0235,0.041,0.0366,0.0397,0.027,0.0386,0.0364,0.0364,0.6846,0.0364
us_iran_sanctions_reimpose_2018,WFC,40,sanctions_financial_restrictions,0.0293,0.0243,,0.6846,financial_treasury,0.0235,0.041,0.0366,0.0397,0.027,0.0386,0.0364,0.0364,0.6846,0.0364
japan_korea_trade_dispute_2019,WFG,15,trade_policy_actions,-0.0854,-0.2115,,0.5369,procurement_supply_chain,0.5369,0.0498,0.0539,0.052,0.0369,0.057,0.0514,0.0514,0.0592,0.0514
xinjiang_cotton_ban_2021,WFG,15,trade_policy_actions,0.1597,0.3892,,0.5369,procurement_supply_chain,0.5369,0.0498,0.0539,0.052,0.0369,0.057,0.0514,0.0514,0.0592,0.0514
indonesia_nickel_ban_2020,WFG,15,resource_energy_disruptions,-0.0258,0.102,,0.5667,procurement_supply_chain,0.5667,0.058,0.0433,0.0534,0.0479,0.0517,0.0439,0.0439,0.0474,0.0439
xinjiang_cotton_ban_2021,WFRD,10,trade_policy_actions,0.1592,0.0237,,0.5369,procurement_supply_chain,0.5369,0.0498,0.0539,0.052,0.0369,0.057,0.0514,0.0514,0.0592,0.0514
china_gallium_germanium_export_controls_2023,WFRD,10,resource_energy_disruptions,0.1112,0.2737,,0.5667,procurement_supply_chain,0.5667,0.058,0.0433,0.0534,0.0479,0.0517,0.0439,0.0439,0.0474,0.0439
xinjiang_cotton_ban_2021,WLK,15,trade_policy_actions,0.0285,0.1848,,0.5369,procurement_supply_chain,0.5369,0.0498,0.0539,0.052,0.0369,0.057,0.0514,0.0514,0.0592,0.0514
china_gallium_germanium_export_controls_2023,WLK,15,resource_energy_disruptions,0.0286,0.0806,,0.5667,procurement_supply_chain,0.5667,0.058,0.0433,0.0534,0.0479,0.0517,0.0439,0.0439,0.0474,0.0439
indonesia_nickel_ban_2020,WLK,15,resource_energy_disruptions,-0.0342,-0.0757,,0.5667,procurement_supply_chain,0.5667,0.058,0.0433,0.0534,0.0479,0.0517,0.0439,0.0439,0.0474,0.0439
ukraine_grain_crisis_2022,WLK,15,resource_energy_disruptions,-0.0433,-0.2561,,0.5667,procurement_supply_chain,0.5667,0.058,0.0433,0.0534,0.0479,0.0517,0.0439,0.0439,0.0474,0.0439
china_gallium_germanium_export_controls_2023,WMB,10,resource_energy_disruptions,0.0254,0.0623,,0.5667,procurement_supply_chain,0.5667,0.058,0.0433,0.0534,0.0479,0.0517,0.0439,0.0439,0.0474,0.0439
india_bytedance_ban_2020,WMG,50,regulatory_sovereignty_shifts,-0.057,-0.0927,,0.6852,regulatory_compliance_cost,0.0098,0.0342,0.0402,0.6852,0.0238,0.0468,0.0385,0.0385,0.0444,0.0385
australia_china_coal_ban_2020,WPM,15,trade_policy_actions,-0.0438,-0.219,,0.5369,procurement_supply_chain,0.5369,0.0498,0.0539,0.052,0.0369,0.057,0.0514,0.0514,0.0592,0.0514
china_gallium_germanium_export_controls_2023,WPM,15,resource_energy_disruptions,-0.043,-0.0346,,0.5667,procurement_supply_chain,0.5667,0.058,0.0433,0.0534,0.0479,0.0517,0.0439,0.0439,0.0474,0.0439
indonesia_nickel_ban_2020,WPM,15,resource_energy_disruptions,-0.0666,0.0081,,0.5667,procurement_supply_chain,0.5667,0.058,0.0433,0.0534,0.0479,0.0517,0.0439,0.0439,0.0474,0.0439
ukraine_grain_crisis_2022,WPM,15,resource_energy_disruptions,0.0558,-0.0542,,0.5667,procurement_supply_chain,0.5667,0.058,0.0433,0.0534,0.0479,0.0517,0.0439,0.0439,0.0474,0.0439
russia_corporate_exit_2022,WRB,40,sanctions_financial_restrictions,0.0647,0.1944,,0.6846,financial_treasury,0.0235,0.041,0.0366,0.0397,0.027,0.0386,0.0364,0.0364,0.6846,0.0364
eu_data_privacy_gdpr_2018,WST,35,regulatory_sovereignty_shifts,0.0413,0.1013,,0.6852,regulatory_compliance_cost,0.0098,0.0342,0.0402,0.6852,0.0238,0.0468,0.0385,0.0385,0.0444,0.0385
china_tech_crackdown_2021,WST,35,regulatory_sovereignty_shifts,0.0896,0.212,,0.6852,regulatory_compliance_cost,0.0098,0.0342,0.0402,0.6852,0.0238,0.0468,0.0385,0.0385,0.0444,0.0385
india_bytedance_ban_2020,WST,35,regulatory_sovereignty_shifts,0.0486,0.2025,,0.6852,regulatory_compliance_cost,0.0098,0.0342,0.0402,0.6852,0.0238,0.0468,0.0385,0.0385,0.0444,0.0385
russia_sanctions_2022,WTFC,40,sanctions_financial_restrictions,-0.0645,-0.0994,,0.6846,financial_treasury,0.0235,0.041,0.0366,0.0397,0.027,0.0386,0.0364,0.0364,0.6846,0.0364
russia_corporate_exit_2022,WTFC,40,sanctions_financial_restrictions,0.0343,0.0737,,0.6846,financial_treasury,0.0235,0.041,0.0366,0.0397,0.027,0.0386,0.0364,0.0364,0.6846,0.0364
russia_corporate_exit_2022,WTM,40,sanctions_financial_restrictions,0.0329,0.0419,,0.6846,financial_treasury,0.0235,0.041,0.0366,0.0397,0.027,0.0386,0.0364,0.0364,0.6846,0.0364
russia_corporate_exit_2022,WTW,40,sanctions_financial_restrictions,0.0509,0.1067,,0.6846,financial_treasury,0.0235,0.041,0.0366,0.0397,0.027,0.0386,0.0364,0.0364,0.6846,0.0364
russia_sanctions_2022,WULF,40,sanctions_financial_restrictions,-0.4783,-0.3148,,0.6846,financial_treasury,0.0235,0.041,0.0366,0.0397,0.027,0.0386,0.0364,0.0364,0.6846,0.0364
russia_corporate_exit_2022,WULF,40,sanctions_financial_restrictions,0.5048,0.0347,,0.6846,financial_treasury,0.0235,0.041,0.0366,0.0397,0.027,0.0386,0.0364,0.0364,0.6846,0.0364
us_iran_sanctions_reimpose_2018,WULF,40,sanctions_financial_restrictions,0.0798,0.2324,,0.6846,financial_treasury,0.0235,0.041,0.0366,0.0397,0.027,0.0386,0.0364,0.0364,0.6846,0.0364
eu_data_privacy_gdpr_2018,XENE,35,regulatory_sovereignty_shifts,0.1273,0.7364,,0.6852,regulatory_compliance_cost,0.0098,0.0342,0.0402,0.6852,0.0238,0.0468,0.0385,0.0385,0.0444,0.0385
china_tech_crackdown_2021,XENE,35,regulatory_sovereignty_shifts,-0.0393,-0.0333,,0.6852,regulatory_compliance_cost,0.0098,0.0342,0.0402,0.6852,0.0238,0.0468,0.0385,0.0385,0.0444,0.0385
india_bytedance_ban_2020,XENE,35,regulatory_sovereignty_shifts,0.1116,-0.0816,,0.6852,regulatory_compliance_cost,0.0098,0.0342,0.0402,0.6852,0.0238,0.0468,0.0385,0.0385,0.0444,0.0385
boeing_737max_global_grounding_2019,XENE,35,regulatory_sovereignty_shifts,0.0421,0.0334,,0.6852,regulatory_compliance_cost,0.0098,0.0342,0.0402,0.6852,0.0238,0.0468,0.0385,0.0385,0.0444,0.0385
australia_china_coal_ban_2020,XOM,10,trade_policy_actions,-0.0349,0.164,,0.5369,procurement_supply_chain,0.5369,0.0498,0.0539,0.052,0.0369,0.057,0.0514,0.0514,0.0592,0.0514
ukraine_grain_crisis_2022,XOM,10,resource_energy_disruptions,0.0323,-0.0311,,0.5667,procurement_supply_chain,0.5667,0.058,0.0433,0.0534,0.0479,0.0517,0.0439,0.0439,0.0474,0.0439
russia_sanctions_2022,XP,40,sanctions_financial_restrictions,-0.0971,-0.077,,0.6846,financial_treasury,0.0235,0.041,0.0366,0.0397,0.027,0.0386,0.0364,0.0364,0.6846,0.0364
russia_corporate_exit_2022,XP,40,sanctions_financial_restrictions,0.0403,0.005,,0.6846,financial_treasury,0.0235,0.041,0.0366,0.0397,0.027,0.0386,0.0364,0.0364,0.6846,0.0364
australia_china_coal_ban_2020,YARIY,15,trade_policy_actions,-0.0384,0.1165,,0.5369,procurement_supply_chain,0.5369,0.0498,0.0539,0.052,0.0369,0.057,0.0514,0.0514,0.0592,0.0514
xinjiang_cotton_ban_2021,YARIY,15,trade_policy_actions,0.0369,0.0647,,0.5369,procurement_supply_chain,0.5369,0.0498,0.0539,0.052,0.0369,0.057,0.0514,0.0514,0.0592,0.0514
china_gallium_germanium_export_controls_2023,YARIY,15,resource_energy_disruptions,0.0498,0.0408,,0.5667,procurement_supply_chain,0.5667,0.058,0.0433,0.0534,0.0479,0.0517,0.0439,0.0439,0.0474,0.0439
indonesia_nickel_ban_2020,YARIY,15,resource_energy_disruptions,-0.0376,-0.0135,,0.5667,procurement_supply_chain,0.5667,0.058,0.0433,0.0534,0.0479,0.0517,0.0439,0.0439,0.0474,0.0439
ukraine_grain_crisis_2022,YARIY,15,resource_energy_disruptions,0.0483,-0.0745,,0.5667,procurement_supply_chain,0.5667,0.058,0.0433,0.0534,0.0479,0.0517,0.0439,0.0439,0.0474,0.0439
australia_china_coal_ban_2020,YPF,10,trade_policy_actions,-0.0528,0.3193,,0.5369,procurement_supply_chain,0.5369,0.0498,0.0539,0.052,0.0369,0.057,0.0514,0.0514,0.0592,0.0514
china_gallium_germanium_export_controls_2023,YPF,10,resource_energy_disruptions,-0.0316,-0.0551,,0.5667,procurement_supply_chain,0.5667,0.058,0.0433,0.0534,0.0479,0.0517,0.0439,0.0439,0.0474,0.0439
indonesia_nickel_ban_2020,YPF,10,resource_energy_disruptions,-0.0509,-0.1813,,0.5667,procurement_supply_chain,0.5667,0.058,0.0433,0.0534,0.0479,0.0517,0.0439,0.0439,0.0474,0.0439
cfius_qualcomm_broadcom_block_2018,ZBH,35,regulatory_sovereignty_shifts,-0.0297,-0.0725,,0.6852,regulatory_compliance_cost,0.0098,0.0342,0.0402,0.6852,0.0238,0.0468,0.0385,0.0385,0.0444,0.0385
boeing_737max_global_grounding_2019,ZBH,35,regulatory_sovereignty_shifts,0.0349,0.0148,,0.6852,regulatory_compliance_cost,0.0098,0.0342,0.0402,0.6852,0.0238,0.0468,0.0385,0.0385,0.0444,0.0385
eu_data_privacy_gdpr_2018,ZG,50,regulatory_sovereignty_shifts,0.0576,0.1002,,0.6852,regulatory_compliance_cost,0.0098,0.0342,0.0402,0.6852,0.0238,0.0468,0.0385,0.0385,0.0444,0.0385
china_tech_crackdown_2021,ZG,50,regulatory_sovereignty_shifts,-0.04,-0.1333,,0.6852,regulatory_compliance_cost,0.0098,0.0342,0.0402,0.6852,0.0238,0.0468,0.0385,0.0385,0.0444,0.0385
india_bytedance_ban_2020,ZG,50,regulatory_sovereignty_shifts,0.0938,0.3268,,0.6852,regulatory_compliance_cost,0.0098,0.0342,0.0402,0.6852,0.0238,0.0468,0.0385,0.0385,0.0444,0.0385
boeing_737max_global_grounding_2019,ZG,50,regulatory_sovereignty_shifts,-0.0981,-0.132,,0.6852,regulatory_compliance_cost,0.0098,0.0342,0.0402,0.6852,0.0238,0.0468,0.0385,0.0385,0.0444,0.0385
russia_sanctions_2022,ZION,40,sanctions_financial_restrictions,-0.0789,-0.1,,0.6846,financial_treasury,0.0235,0.041,0.0366,0.0397,0.027,0.0386,0.0364,0.0364,0.6846,0.0364
russia_corporate_exit_2022,ZION,40,sanctions_financial_restrictions,0.0466,0.0444,,0.6846,financial_treasury,0.0235,0.041,0.0366,0.0397,0.027,0.0386,0.0364,0.0364,0.6846,0.0364
us_iran_sanctions_reimpose_2018,ZION,40,sanctions_financial_restrictions,0.0336,0.0081,,0.6846,financial_treasury,0.0235,0.041,0.0366,0.0397,0.027,0.0386,0.0364,0.0364,0.6846,0.0364
india_bytedance_ban_2020,ZTS,35,regulatory_sovereignty_shifts,0.0489,0.1907,,0.6852,regulatory_compliance_cost,0.0098,0.0342,0.0402,0.6852,0.0238,0.0468,0.0385,0.0385,0.0444,0.0385
tiktok_project_texas_2022,A,35,regulatory_sovereignty_shifts,0.0697,0.1668,,0.6852,regulatory_compliance_cost,0.0098,0.0342,0.0402,0.6852,0.0238,0.0468,0.0385,0.0385,0.0444,0.0385
australia_china_wine_tariff_2020,AA,15,trade_policy_actions,0.1587,0.2246,,0.5369,procurement_supply_chain,0.5369,0.0498,0.0539,0.052,0.0369,0.057,0.0514,0.0514,0.0592,0.0514
australia_china_lobster_ban_2020,AA,15,trade_policy_actions,0.1562,0.5604,,0.5369,procurement_supply_chain,0.5369,0.0498,0.0539,0.052,0.0369,0.057,0.0514,0.0514,0.0592,0.0514
us_tariffs_2025_april,AA,15,trade_policy_actions,-0.0305,0.0857,,0.5369,procurement_supply_chain,0.5369,0.0498,0.0539,0.052,0.0369,0.057,0.0514,0.0514,0.0592,0.0514
china_rare_earth_controls_2023,AA,15,resource_energy_disruptions,0.0618,-0.1374,,0.5667,procurement_supply_chain,0.5667,0.058,0.0433,0.0534,0.0479,0.0517,0.0439,0.0439,0.0474,0.0439
tiktok_project_texas_2022,ABBV,35,regulatory_sovereignty_shifts,0.1075,0.0248,,0.6852,regulatory_compliance_cost,0.0098,0.0342,0.0402,0.6852,0.0238,0.0468,0.0385,0.0385,0.0444,0.0385
india_fdi_ban_chinese_apps_2020,ABBV,35,regulatory_sovereignty_shifts,0.0302,-0.0274,,0.6852,regulatory_compliance_cost,0.0098,0.0342,0.0402,0.6852,0.0238,0.0468,0.0385,0.0385,0.0444,0.0385
turkey_lira_crisis_2021,ABNB,25,political_transitions_volatility,0.0872,-0.0061,,0.6673,revenue_market_access,0.008,0.6673,0.0396,0.0371,0.0319,0.0472,0.0398,0.0398,0.0494,0.0398
myanmar_coup_2021,ABNB,25,political_transitions_volatility,0.1108,0.1085,,0.6673,revenue_market_access,0.008,0.6673,0.0396,0.0371,0.0319,0.0472,0.0398,0.0398,0.0494,0.0398
tiktok_project_texas_2022,ABT,35,regulatory_sovereignty_shifts,0.0639,0.0643,,0.6852,regulatory_compliance_cost,0.0098,0.0342,0.0402,0.6852,0.0238,0.0468,0.0385,0.0385,0.0444,0.0385
india_fdi_ban_chinese_apps_2020,ABT,35,regulatory_sovereignty_shifts,0.0388,0.1172,,0.6852,regulatory_compliance_cost,0.0098,0.0342,0.0402,0.6852,0.0238,0.0468,0.0385,0.0385,0.0444,0.0385
turkey_lira_crisis_2021,ACI,30,political_transitions_volatility,-0.0422,-0.083,,0.6673,revenue_market_access,0.008,0.6673,0.0396,0.0371,0.0319,0.0472,0.0398,0.0398,0.0494,0.0398
tiktok_project_texas_2022,ACLX,35,regulatory_sovereignty_shifts,0.1532,0.3582,,0.6852,regulatory_compliance_cost,0.0098,0.0342,0.0402,0.6852,0.0238,0.0468,0.0385,0.0385,0.0444,0.0385
hong_kong_protests_2019,ADM,30,political_transitions_volatility,0.0293,0.0243,,0.6673,revenue_market_access,0.008,0.6673,0.0396,0.0371,0.0319,0.0472,0.0398,0.0398,0.0494,0.0398
myanmar_coup_2021,ADM,30,political_transitions_volatility,0.0702,0.1526,,0.6673,revenue_market_access,0.008,0.6673,0.0396,0.0371,0.0319,0.0472,0.0398,0.0398,0.0494,0.0398
australia_china_wine_tariff_2020,AEM,15,trade_policy_actions,0.0712,0.0924,,0.5369,procurement_supply_chain,0.5369,0.0498,0.0539,0.052,0.0369,0.057,0.0514,0.0514,0.0592,0.0514
australia_china_lobster_ban_2020,AEM,15,trade_policy_actions,-0.1117,-0.1295,,0.5369,procurement_supply_chain,0.5369,0.0498,0.0539,0.052,0.0369,0.057,0.0514,0.0514,0.0592,0.0514
us_china_trade_war_2018,AEM,15,trade_policy_actions,0.0497,0.0664,,0.5369,procurement_supply_chain,0.5369,0.0498,0.0539,0.052,0.0369,0.057,0.0514,0.0514,0.0592,0.0514
us_tariffs_2025_april,AEM,15,trade_policy_actions,0.1582,0.0831,,0.5369,procurement_supply_chain,0.5369,0.0498,0.0539,0.052,0.0369,0.057,0.0514,0.0514,0.0592,0.0514
south_africa_loadshedding_2023,AEM,15,resource_energy_disruptions,-0.0435,0.0115,,0.5667,procurement_supply_chain,0.5667,0.058,0.0433,0.0534,0.0479,0.0517,0.0439,0.0439,0.0474,0.0439
hong_kong_protests_2019,AEO,25,political_transitions_volatility,0.0263,0.0135,,0.6673,revenue_market_access,0.008,0.6673,0.0396,0.0371,0.0319,0.0472,0.0398,0.0398,0.0494,0.0398
turkey_lira_crisis_2021,AEO,25,political_transitions_volatility,0.0438,0.0087,,0.6673,revenue_market_access,0.008,0.6673,0.0396,0.0371,0.0319,0.0472,0.0398,0.0398,0.0494,0.0398
myanmar_coup_2021,AEO,25,political_transitions_volatility,0.1128,0.3477,,0.6673,revenue_market_access,0.008,0.6673,0.0396,0.0371,0.0319,0.0472,0.0398,0.0398,0.0494,0.0398
australia_china_wine_tariff_2020,AG,15,trade_policy_actions,0.0805,0.2424,,0.5369,procurement_supply_chain,0.5369,0.0498,0.0539,0.052,0.0369,0.057,0.0514,0.0514,0.0592,0.0514
australia_china_lobster_ban_2020,AG,15,trade_policy_actions,-0.0261,0.0892,,0.5369,procurement_supply_chain,0.5369,0.0498,0.0539,0.052,0.0369,0.057,0.0514,0.0514,0.0592,0.0514
us_tariffs_2025_april,AG,15,trade_policy_actions,0.1298,-0.0092,,0.5369,procurement_supply_chain,0.5369,0.0498,0.0539,0.052,0.0369,0.057,0.0514,0.0514,0.0592,0.0514
china_rare_earth_controls_2023,AG,15,resource_energy_disruptions,-0.0269,-0.2516,,0.5667,procurement_supply_chain,0.5667,0.058,0.0433,0.0534,0.0479,0.0517,0.0439,0.0439,0.0474,0.0439
south_africa_loadshedding_2023,AG,15,resource_energy_disruptions,-0.0271,-0.1117,,0.5667,procurement_supply_chain,0.5667,0.058,0.0433,0.0534,0.0479,0.0517,0.0439,0.0439,0.0474,0.0439
fukushima_2011,AG,15,resource_energy_disruptions,0.046,0.3603,,0.5667,procurement_supply_chain,0.5667,0.058,0.0433,0.0534,0.0479,0.0517,0.0439,0.0439,0.0474,0.0439
australia_china_wine_tariff_2020,AGI,15,trade_policy_actions,0.0643,0.0254,,0.5369,procurement_supply_chain,0.5369,0.0498,0.0539,0.052,0.0369,0.057,0.0514,0.0514,0.0592,0.0514
australia_china_lobster_ban_2020,AGI,15,trade_policy_actions,-0.0351,-0.0041,,0.5369,procurement_supply_chain,0.5369,0.0498,0.0539,0.052,0.0369,0.057,0.0514,0.0514,0.0592,0.0514
us_tariffs_2025_april,AGI,15,trade_policy_actions,0.1428,-0.0324,,0.5369,procurement_supply_chain,0.5369,0.0498,0.0539,0.052,0.0369,0.057,0.0514,0.0514,0.0592,0.0514
china_rare_earth_controls_2023,AGI,15,resource_energy_disruptions,-0.0267,-0.0889,,0.5667,procurement_supply_chain,0.5667,0.058,0.0433,0.0534,0.0479,0.0517,0.0439,0.0439,0.0474,0.0439
fukushima_2011,AGI,15,resource_energy_disruptions,-0.1112,-0.0912,,0.5667,procurement_supply_chain,0.5667,0.058,0.0433,0.0534,0.0479,0.0517,0.0439,0.0439,0.0474,0.0439
australia_china_lobster_ban_2020,ALB,15,trade_policy_actions,0.2081,0.3947,,0.5369,procurement_supply_chain,0.5369,0.0498,0.0539,0.052,0.0369,0.057,0.0514,0.0514,0.0592,0.0514
us_tariffs_2025_april,ALB,15,trade_policy_actions,-0.1306,-0.0418,,0.5369,procurement_supply_chain,0.5369,0.0498,0.0539,0.052,0.0369,0.057,0.0514,0.0514,0.0592,0.0514
south_africa_loadshedding_2023,ALB,15,resource_energy_disruptions,0.0682,-0.184,,0.5667,procurement_supply_chain,0.5667,0.058,0.0433,0.0534,0.0479,0.0517,0.0439,0.0439,0.0474,0.0439
tiktok_project_texas_2022,ALC,35,regulatory_sovereignty_shifts,0.0621,0.1842,,0.6852,regulatory_compliance_cost,0.0098,0.0342,0.0402,0.6852,0.0238,0.0468,0.0385,0.0385,0.0444,0.0385
tiktok_project_texas_2022,ALGN,35,regulatory_sovereignty_shifts,0.067,0.1994,,0.6852,regulatory_compliance_cost,0.0098,0.0342,0.0402,0.6852,0.0238,0.0468,0.0385,0.0385,0.0444,0.0385
india_fdi_ban_chinese_apps_2020,ALGN,35,regulatory_sovereignty_shifts,0.0309,0.1413,,0.6852,regulatory_compliance_cost,0.0098,0.0342,0.0402,0.6852,0.0238,0.0468,0.0385,0.0385,0.0444,0.0385
mexico_energy_reform_2021,ALGN,35,regulatory_sovereignty_shifts,-0.0279,0.0389,,0.6852,regulatory_compliance_cost,0.0098,0.0342,0.0402,0.6852,0.0238,0.0468,0.0385,0.0385,0.0444,0.0385
tiktok_project_texas_2022,ALKS,35,regulatory_sovereignty_shifts,0.0621,-0.0856,,0.6852,regulatory_compliance_cost,0.0098,0.0342,0.0402,0.6852,0.0238,0.0468,0.0385,0.0385,0.0444,0.0385
india_fdi_ban_chinese_apps_2020,ALKS,35,regulatory_sovereignty_shifts,0.0382,-0.0594,,0.6852,regulatory_compliance_cost,0.0098,0.0342,0.0402,0.6852,0.0238,0.0468,0.0385,0.0385,0.0444,0.0385
mexico_energy_reform_2021,ALKS,35,regulatory_sovereignty_shifts,0.0266,-0.2234,,0.6852,regulatory_compliance_cost,0.0098,0.0342,0.0402,0.6852,0.0238,0.0468,0.0385,0.0385,0.0444,0.0385
australia_china_wine_tariff_2020,ALM,15,trade_policy_actions,0.0679,0.1357,,0.5369,procurement_supply_chain,0.5369,0.0498,0.0539,0.052,0.0369,0.057,0.0514,0.0514,0.0592,0.0514
us_tariffs_2025_april,ALM,15,trade_policy_actions,0.2222,0.1359,,0.5369,procurement_supply_chain,0.5369,0.0498,0.0539,0.052,0.0369,0.057,0.0514,0.0514,0.0592,0.0514
china_rare_earth_controls_2023,ALM,15,resource_energy_disruptions,0.0515,0.268,,0.5667,procurement_supply_chain,0.5667,0.058,0.0433,0.0534,0.0479,0.0517,0.0439,0.0439,0.0474,0.0439
south_africa_loadshedding_2023,ALM,15,resource_energy_disruptions,-0.047,-0.1672,,0.5667,procurement_supply_chain,0.5667,0.058,0.0433,0.0534,0.0479,0.0517,0.0439,0.0439,0.0474,0.0439
tiktok_project_texas_2022,ALNY,35,regulatory_sovereignty_shifts,0.0686,0.0356,,0.6852,regulatory_compliance_cost,0.0098,0.0342,0.0402,0.6852,0.0238,0.0468,0.0385,0.0385,0.0444,0.0385
india_fdi_ban_chinese_apps_2020,ALNY,35,regulatory_sovereignty_shifts,0.0817,-0.0764,,0.6852,regulatory_compliance_cost,0.0098,0.0342,0.0402,0.6852,0.0238,0.0468,0.0385,0.0385,0.0444,0.0385
mexico_energy_reform_2021,ALNY,35,regulatory_sovereignty_shifts,0.0572,-0.1132,,0.6852,regulatory_compliance_cost,0.0098,0.0342,0.0402,0.6852,0.0238,0.0468,0.0385,0.0385,0.0444,0.0385
myanmar_coup_2021,ALSN,25,political_transitions_volatility,0.0628,0.031,,0.6673,revenue_market_access,0.008,0.6673,0.0396,0.0371,0.0319,0.0472,0.0398,0.0398,0.0494,0.0398
hong_kong_protests_2019,ALV,25,political_transitions_volatility,-0.0253,0.1216,,0.6673,revenue_market_access,0.008,0.6673,0.0396,0.0371,0.0319,0.0472,0.0398,0.0398,0.0494,0.0398
turkey_lira_crisis_2021,ALV,25,political_transitions_volatility,0.0454,0.0449,,0.6673,revenue_market_access,0.008,0.6673,0.0396,0.0371,0.0319,0.0472,0.0398,0.0398,0.0494,0.0398
myanmar_coup_2021,ALV,25,political_transitions_volatility,0.0477,0.0735,,0.6673,revenue_market_access,0.008,0.6673,0.0396,0.0371,0.0319,0.0472,0.0398,0.0398,0.0494,0.0398
argentina_peso_devaluation_2018,ALV,25,political_transitions_volatility,-0.0582,-0.1172,,0.6673,revenue_market_access,0.008,0.6673,0.0396,0.0371,0.0319,0.0472,0.0398,0.0398,0.0494,0.0398
australia_china_wine_tariff_2020,AM,10,trade_policy_actions,0.0846,0.2152,,0.5369,procurement_supply_chain,0.5369,0.0498,0.0539,0.052,0.0369,0.057,0.0514,0.0514,0.0592,0.0514
australia_china_lobster_ban_2020,AM,10,trade_policy_actions,0.1405,0.4342,,0.5369,procurement_supply_chain,0.5369,0.0498,0.0539,0.052,0.0369,0.057,0.0514,0.0514,0.0592,0.0514
us_tariffs_2025_april,AM,10,trade_policy_actions,0.0337,0.1497,,0.5369,procurement_supply_chain,0.5369,0.0498,0.0539,0.052,0.0369,0.057,0.0514,0.0514,0.0592,0.0514
south_africa_loadshedding_2023,AM,10,resource_energy_disruptions,0.0436,-0.0493,,0.5667,procurement_supply_chain,0.5667,0.058,0.0433,0.0534,0.0479,0.0517,0.0439,0.0439,0.0474,0.0439
hong_kong_protests_2019,AMCR,25,political_transitions_volatility,-0.0448,-0.026,,0.6673,revenue_market_access,0.008,0.6673,0.0396,0.0371,0.0319,0.0472,0.0398,0.0398,0.0494,0.0398
myanmar_coup_2021,AMCR,25,political_transitions_volatility,0.0533,0.067,,0.6673,revenue_market_access,0.008,0.6673,0.0396,0.0371,0.0319,0.0472,0.0398,0.0398,0.0494,0.0398
tiktok_project_texas_2022,AMGN,35,regulatory_sovereignty_shifts,0.0432,0.0392,,0.6852,regulatory_compliance_cost,0.0098,0.0342,0.0402,0.6852,0.0238,0.0468,0.0385,0.0385,0.0444,0.0385
india_fdi_ban_chinese_apps_2020,AMGN,35,regulatory_sovereignty_shifts,0.0932,0.0133,,0.6852,regulatory_compliance_cost,0.0098,0.0342,0.0402,0.6852,0.0238,0.0468,0.0385,0.0385,0.0444,0.0385
tiktok_project_texas_2022,AMX,50,regulatory_sovereignty_shifts,0.0511,-0.0795,,0.6852,regulatory_compliance_cost,0.0098,0.0342,0.0402,0.6852,0.0238,0.0468,0.0385,0.0385,0.0444,0.0385
hong_kong_protests_2019,AMZN,25,political_transitions_volatility,0.0455,0.1056,,0.6673,revenue_market_access,0.008,0.6673,0.0396,0.0371,0.0319,0.0472,0.0398,0.0398,0.0494,0.0398
argentina_peso_devaluation_2018,AMZN,25,political_transitions_volatility,-0.0251,-0.1068,,0.6673,revenue_market_access,0.008,0.6673,0.0396,0.0371,0.0319,0.0472,0.0398,0.0398,0.0494,0.0398
myanmar_coup_2021,AN,25,political_transitions_volatility,0.0637,0.2005,,0.6673,revenue_market_access,0.008,0.6673,0.0396,0.0371,0.0319,0.0472,0.0398,0.0398,0.0494,0.0398
argentina_peso_devaluation_2018,AN,25,political_transitions_volatility,-0.0425,-0.1628,,0.6673,revenue_market_access,0.008,0.6673,0.0396,0.0371,0.0319,0.0472,0.0398,0.0398,0.0494,0.0398
hong_kong_protests_2019,ANF,25,political_transitions_volatility,0.0262,0.1625,,0.6673,revenue_market_access,0.008,0.6673,0.0396,0.0371,0.0319,0.0472,0.0398,0.0398,0.0494,0.0398
turkey_lira_crisis_2021,ANF,25,political_transitions_volatility,0.0346,0.1762,,0.6673,revenue_market_access,0.008,0.6673,0.0396,0.0371,0.0319,0.0472,0.0398,0.0398,0.0494,0.0398
myanmar_coup_2021,ANF,25,political_transitions_volatility,0.1082,0.5719,,0.6673,revenue_market_access,0.008,0.6673,0.0396,0.0371,0.0319,0.0472,0.0398,0.0398,0.0494,0.0398
argentina_peso_devaluation_2018,ANF,25,political_transitions_volatility,-0.1025,-0.1754,,0.6673,revenue_market_access,0.008,0.6673,0.0396,0.0371,0.0319,0.0472,0.0398,0.0398,0.0494,0.0398
australia_china_wine_tariff_2020,APA,10,trade_policy_actions,0.0905,0.3312,,0.5369,procurement_supply_chain,0.5369,0.0498,0.0539,0.052,0.0369,0.057,0.0514,0.0514,0.0592,0.0514
australia_china_lobster_ban_2020,APA,10,trade_policy_actions,0.1443,0.8099,,0.5369,procurement_supply_chain,0.5369,0.0498,0.0539,0.052,0.0369,0.057,0.0514,0.0514,0.0592,0.0514
us_china_trade_war_2018,APA,10,trade_policy_actions,0.0322,0.0656,,0.5369,procurement_supply_chain,0.5369,0.0498,0.0539,0.052,0.0369,0.057,0.0514,0.0514,0.0592,0.0514
us_tariffs_2025_april,APA,10,trade_policy_actions,-0.0802,0.0182,,0.5369,procurement_supply_chain,0.5369,0.0498,0.0539,0.052,0.0369,0.057,0.0514,0.0514,0.0592,0.0514
australia_china_lobster_ban_2020,APD,15,trade_policy_actions,0.0724,-0.0697,,0.5369,procurement_supply_chain,0.5369,0.0498,0.0539,0.052,0.0369,0.057,0.0514,0.0514,0.0592,0.0514
us_tariffs_2025_april,APD,15,trade_policy_actions,-0.0329,-0.0036,,0.5369,procurement_supply_chain,0.5369,0.0498,0.0539,0.052,0.0369,0.057,0.0514,0.0514,0.0592,0.0514
tiktok_project_texas_2022,APLS,35,regulatory_sovereignty_shifts,0.051,0.2612,,0.6852,regulatory_compliance_cost,0.0098,0.0342,0.0402,0.6852,0.0238,0.0468,0.0385,0.0385,0.0444,0.0385
tiktok_project_texas_2022,APP,50,regulatory_sovereignty_shifts,0.1445,0.0296,,0.6852,regulatory_compliance_cost,0.0098,0.0342,0.0402,0.6852,0.0238,0.0468,0.0385,0.0385,0.0444,0.0385
mexico_energy_reform_2021,APP,50,regulatory_sovereignty_shifts,0.1546,0.5025,,0.6852,regulatory_compliance_cost,0.0098,0.0342,0.0402,0.6852,0.0238,0.0468,0.0385,0.0385,0.0444,0.0385
hong_kong_protests_2019,APTV,25,political_transitions_volatility,0.0332,0.1199,,0.6673,revenue_market_access,0.008,0.6673,0.0396,0.0371,0.0319,0.0472,0.0398,0.0398,0.0494,0.0398
turkey_lira_crisis_2021,APTV,25,political_transitions_volatility,0.0318,-0.1163,,0.6673,revenue_market_access,0.008,0.6673,0.0396,0.0371,0.0319,0.0472,0.0398,0.0398,0.0494,0.0398
myanmar_coup_2021,APTV,25,political_transitions_volatility,0.0721,0.0618,,0.6673,revenue_market_access,0.008,0.6673,0.0396,0.0371,0.0319,0.0472,0.0398,0.0398,0.0494,0.0398
argentina_peso_devaluation_2018,APTV,25,political_transitions_volatility,-0.0519,-0.1678,,0.6673,revenue_market_access,0.008,0.6673,0.0396,0.0371,0.0319,0.0472,0.0398,0.0398,0.0494,0.0398
australia_china_lobster_ban_2020,AR,10,trade_policy_actions,0.0419,0.3296,,0.5369,procurement_supply_chain,0.5369,0.0498,0.0539,0.052,0.0369,0.057,0.0514,0.0514,0.0592,0.0514
south_africa_loadshedding_2023,AR,10,resource_energy_disruptions,0.0265,-0.1905,,0.5667,procurement_supply_chain,0.5667,0.058,0.0433,0.0534,0.0479,0.0517,0.0439,0.0439,0.0474,0.0439
tiktok_project_texas_2022,ARGX,35,regulatory_sovereignty_shifts,0.0672,0.0224,,0.6852,regulatory_compliance_cost,0.0098,0.0342,0.0402,0.6852,0.0238,0.0468,0.0385,0.0385,0.0444,0.0385
india_fdi_ban_chinese_apps_2020,ARGX,35,regulatory_sovereignty_shifts,0.099,0.0248,,0.6852,regulatory_compliance_cost,0.0098,0.0342,0.0402,0.6852,0.0238,0.0468,0.0385,0.0385,0.0444,0.0385
australia_china_wine_tariff_2020,AROC,10,trade_policy_actions,0.0994,0.2135,,0.5369,procurement_supply_chain,0.5369,0.0498,0.0539,0.052,0.0369,0.057,0.0514,0.0514,0.0592,0.0514
australia_china_lobster_ban_2020,AROC,10,trade_policy_actions,0.149,0.384,,0.5369,procurement_supply_chain,0.5369,0.0498,0.0539,0.052,0.0369,0.057,0.0514,0.0514,0.0592,0.0514
us_china_trade_war_2018,AROC,10,trade_policy_actions,-0.0278,0.1556,,0.5369,procurement_supply_chain,0.5369,0.0498,0.0539,0.052,0.0369,0.057,0.0514,0.0514,0.0592,0.0514
south_africa_loadshedding_2023,AROC,10,resource_energy_disruptions,0.0534,0.0196,,0.5667,procurement_supply_chain,0.5667,0.058,0.0433,0.0534,0.0479,0.0517,0.0439,0.0439,0.0474,0.0439
tiktok_project_texas_2022,ARWR,35,regulatory_sovereignty_shifts,0.158,0.443,,0.6852,regulatory_compliance_cost,0.0098,0.0342,0.0402,0.6852,0.0238,0.0468,0.0385,0.0385,0.0444,0.0385
india_fdi_ban_chinese_apps_2020,ARWR,35,regulatory_sovereignty_shifts,0.0385,-0.0474,,0.6852,regulatory_compliance_cost,0.0098,0.0342,0.0402,0.6852,0.0238,0.0468,0.0385,0.0385,0.0444,0.0385
mexico_energy_reform_2021,ARWR,35,regulatory_sovereignty_shifts,-0.0363,0.1812,,0.6852,regulatory_compliance_cost,0.0098,0.0342,0.0402,0.6852,0.0238,0.0468,0.0385,0.0385,0.0444,0.0385
tiktok_project_texas_2022,ASND,35,regulatory_sovereignty_shifts,0.1332,0.0352,,0.6852,regulatory_compliance_cost,0.0098,0.0342,0.0402,0.6852,0.0238,0.0468,0.0385,0.0385,0.0444,0.0385
mexico_energy_reform_2021,ASND,35,regulatory_sovereignty_shifts,0.0433,-0.0402,,0.6852,regulatory_compliance_cost,0.0098,0.0342,0.0402,0.6852,0.0238,0.0468,0.0385,0.0385,0.0444,0.0385
tiktok_project_texas_2022,ATR,35,regulatory_sovereignty_shifts,0.0623,0.0972,,0.6852,regulatory_compliance_cost,0.0098,0.0342,0.0402,0.6852,0.0238,0.0468,0.0385,0.0385,0.0444,0.0385
india_fdi_ban_chinese_apps_2020,ATR,35,regulatory_sovereignty_shifts,0.054,0.0718,,0.6852,regulatory_compliance_cost,0.0098,0.0342,0.0402,0.6852,0.0238,0.0468,0.0385,0.0385,0.0444,0.0385
australia_china_wine_tariff_2020,AU,15,trade_policy_actions,0.0336,0.0836,,0.5369,procurement_supply_chain,0.5369,0.0498,0.0539,0.052,0.0369,0.057,0.0514,0.0514,0.0592,0.0514
australia_china_lobster_ban_2020,AU,15,trade_policy_actions,-0.0685,-0.1137,,0.5369,procurement_supply_chain,0.5369,0.0498,0.0539,0.052,0.0369,0.057,0.0514,0.0514,0.0592,0.0514
us_china_trade_war_2018,AU,15,trade_policy_actions,0.0417,-0.0231,,0.5369,procurement_supply_chain,0.5369,0.0498,0.0539,0.052,0.0369,0.057,0.0514,0.0514,0.0592,0.0514
us_tariffs_2025_april,AU,15,trade_policy_actions,0.2526,0.1774,,0.5369,procurement_supply_chain,0.5369,0.0498,0.0539,0.052,0.0369,0.057,0.0514,0.0514,0.0592,0.0514
south_africa_loadshedding_2023,AU,15,resource_energy_disruptions,-0.0725,0.1231,,0.5667,procurement_supply_chain,0.5667,0.058,0.0433,0.0534,0.0479,0.0517,0.0439,0.0439,0.0474,0.0439
fukushima_2011,AU,15,resource_energy_disruptions,-0.0595,0.0551,,0.5667,procurement_supply_chain,0.5667,0.058,0.0433,0.0534,0.0479,0.0517,0.0439,0.0439,0.0474,0.0439
turkey_lira_crisis_2021,AUR,25,political_transitions_volatility,-0.0546,-0.6103,,0.6673,revenue_market_access,0.008,0.6673,0.0396,0.0371,0.0319,0.0472,0.0398,0.0398,0.0494,0.0398
tiktok_project_texas_2022,AVTR,35,regulatory_sovereignty_shifts,0.0721,-0.0198,,0.6852,regulatory_compliance_cost,0.0098,0.0342,0.0402,0.6852,0.0238,0.0468,0.0385,0.0385,0.0444,0.0385
india_fdi_ban_chinese_apps_2020,AVTR,35,regulatory_sovereignty_shifts,0.1182,0.2315,,0.6852,regulatory_compliance_cost,0.0098,0.0342,0.0402,0.6852,0.0238,0.0468,0.0385,0.0385,0.0444,0.0385
turkey_lira_crisis_2021,AVY,25,political_transitions_volatility,0.0271,-0.0024,,0.6673,revenue_market_access,0.008,0.6673,0.0396,0.0371,0.0319,0.0472,0.0398,0.0398,0.0494,0.0398
myanmar_coup_2021,AVY,25,political_transitions_volatility,0.1426,0.1836,,0.6673,revenue_market_access,0.008,0.6673,0.0396,0.0371,0.0319,0.0472,0.0398,0.0398,0.0494,0.0398
tiktok_project_texas_2022,AXSM,35,regulatory_sovereignty_shifts,0.632,0.6355,,0.6852,regulatory_compliance_cost,0.0098,0.0342,0.0402,0.6852,0.0238,0.0468,0.0385,0.0385,0.0444,0.0385
india_fdi_ban_chinese_apps_2020,AXSM,35,regulatory_sovereignty_shifts,0.0985,0.0165,,0.6852,regulatory_compliance_cost,0.0098,0.0342,0.0402,0.6852,0.0238,0.0468,0.0385,0.0385,0.0444,0.0385
mexico_energy_reform_2021,AXSM,35,regulatory_sovereignty_shifts,-0.0607,0.1453,,0.6852,regulatory_compliance_cost,0.0098,0.0342,0.0402,0.6852,0.0238,0.0468,0.0385,0.0385,0.0444,0.0385
australia_china_lobster_ban_2020,AXTA,15,trade_policy_actions,0.0877,0.1156,,0.5369,procurement_supply_chain,0.5369,0.0498,0.0539,0.052,0.0369,0.057,0.0514,0.0514,0.0592,0.0514
tiktok_project_texas_2022,AZN,35,regulatory_sovereignty_shifts,0.0887,0.0683,,0.6852,regulatory_compliance_cost,0.0098,0.0342,0.0402,0.6852,0.0238,0.0468,0.0385,0.0385,0.0444,0.0385
turkey_lira_crisis_2021,AZO,25,political_transitions_volatility,0.0254,0.0076,,0.6673,revenue_market_access,0.008,0.6673,0.0396,0.0371,0.0319,0.0472,0.0398,0.0398,0.0494,0.0398
myanmar_coup_2021,AZO,25,political_transitions_volatility,0.0566,0.1205,,0.6673,revenue_market_access,0.008,0.6673,0.0396,0.0371,0.0319,0.0472,0.0398,0.0398,0.0494,0.0398
australia_china_wine_tariff_2020,B,15,trade_policy_actions,0.0357,0.0375,,0.5369,procurement_supply_chain,0.5369,0.0498,0.0539,0.052,0.0369,0.057,0.0514,0.0514,0.0592,0.0514
australia_china_lobster_ban_2020,B,15,trade_policy_actions,-0.0662,-0.1663,,0.5369,procurement_supply_chain,0.5369,0.0498,0.0539,0.052,0.0369,0.057,0.0514,0.0514,0.0592,0.0514
us_tariffs_2025_april,B,15,trade_policy_actions,0.0984,-0.0069,,0.5369,procurement_supply_chain,0.5369,0.0498,0.0539,0.052,0.0369,0.057,0.0514,0.0514,0.0592,0.0514
south_africa_loadshedding_2023,B,15,resource_energy_disruptions,-0.0483,0.0464,,0.5667,procurement_supply_chain,0.5667,0.058,0.0433,0.0534,0.0479,0.0517,0.0439,0.0439,0.0474,0.0439
fukushima_2011,B,15,resource_energy_disruptions,-0.0278,0.0207,,0.5667,procurement_supply_chain,0.5667,0.058,0.0433,0.0534,0.0479,0.0517,0.0439,0.0439,0.0474,0.0439
hong_kong_protests_2019,BABA,25,political_transitions_volatility,0.0368,0.1547,,0.6673,revenue_market_access,0.008,0.6673,0.0396,0.0371,0.0319,0.0472,0.0398,0.0398,0.0494,0.0398
turkey_lira_crisis_2021,BABA,25,political_transitions_volatility,-0.0451,0.0419,,0.6673,revenue_market_access,0.008,0.6673,0.0396,0.0371,0.0319,0.0472,0.0398,0.0398,0.0494,0.0398
argentina_peso_devaluation_2018,BABA,25,political_transitions_volatility,-0.07,-0.1564,,0.6673,revenue_market_access,0.008,0.6673,0.0396,0.0371,0.0319,0.0472,0.0398,0.0398,0.0494,0.0398
tiktok_project_texas_2022,BAX,35,regulatory_sovereignty_shifts,0.0451,-0.0775,,0.6852,regulatory_compliance_cost,0.0098,0.0342,0.0402,0.6852,0.0238,0.0468,0.0385,0.0385,0.0444,0.0385
tiktok_project_texas_2022,BBIO,35,regulatory_sovereignty_shifts,0.2209,0.1765,,0.6852,regulatory_compliance_cost,0.0098,0.0342,0.0402,0.6852,0.0238,0.0468,0.0385,0.0385,0.0444,0.0385
india_fdi_ban_chinese_apps_2020,BBIO,35,regulatory_sovereignty_shifts,-0.0666,-0.1289,,0.6852,regulatory_compliance_cost,0.0098,0.0342,0.0402,0.6852,0.0238,0.0468,0.0385,0.0385,0.0444,0.0385
mexico_energy_reform_2021,BBIO,35,regulatory_sovereignty_shifts,-0.076,0.0029,,0.6852,regulatory_compliance_cost,0.0098,0.0342,0.0402,0.6852,0.0238,0.0468,0.0385,0.0385,0.0444,0.0385
hong_kong_protests_2019,BBY,25,political_transitions_volatility,0.0537,0.21,,0.6673,revenue_market_access,0.008,0.6673,0.0396,0.0371,0.0319,0.0472,0.0398,0.0398,0.0494,0.0398
myanmar_coup_2021,BBY,25,political_transitions_volatility,0.0948,0.0535,,0.6673,revenue_market_access,0.008,0.6673,0.0396,0.0371,0.0319,0.0472,0.0398,0.0398,0.0494,0.0398
hong_kong_protests_2019,BC,25,political_transitions_volatility,0.0402,0.0529,,0.6673,revenue_market_access,0.008,0.6673,0.0396,0.0371,0.0319,0.0472,0.0398,0.0398,0.0494,0.0398
turkey_lira_crisis_2021,BC,25,political_transitions_volatility,0.0366,-0.0228,,0.6673,revenue_market_access,0.008,0.6673,0.0396,0.0371,0.0319,0.0472,0.0398,0.0398,0.0494,0.0398
myanmar_coup_2021,BC,25,political_transitions_volatility,0.0577,0.1936,,0.6673,revenue_market_access,0.008,0.6673,0.0396,0.0371,0.0319,0.0472,0.0398,0.0398,0.0494,0.0398
argentina_peso_devaluation_2018,BC,25,political_transitions_volatility,0.0366,-0.0948,,0.6673,revenue_market_access,0.008,0.6673,0.0396,0.0371,0.0319,0.0472,0.0398,0.0398,0.0494,0.0398
tiktok_project_texas_2022,BCE,50,regulatory_sovereignty_shifts,0.0368,0.0465,,0.6852,regulatory_compliance_cost,0.0098,0.0342,0.0402,0.6852,0.0238,0.0468,0.0385,0.0385,0.0444,0.0385
china_rare_earth_controls_2023,BCPC,15,resource_energy_disruptions,0.0286,-0.0235,,0.5667,procurement_supply_chain,0.5667,0.058,0.0433,0.0534,0.0479,0.0517,0.0439,0.0439,0.0474,0.0439
tiktok_project_texas_2022,BDX,35,regulatory_sovereignty_shifts,0.0628,0.0327,,0.6852,regulatory_compliance_cost,0.0098,0.0342,0.0402,0.6852,0.0238,0.0468,0.0385,0.0385,0.0444,0.0385
india_fdi_ban_chinese_apps_2020,BDX,35,regulatory_sovereignty_shifts,0.079,0.0946,,0.6852,regulatory_compliance_cost,0.0098,0.0342,0.0402,0.6852,0.0238,0.0468,0.0385,0.0385,0.0444,0.0385
hong_kong_protests_2019,BG,30,political_transitions_volatility,0.0428,0.033,,0.6673,revenue_market_access,0.008,0.6673,0.0396,0.0371,0.0319,0.0472,0.0398,0.0398,0.0494,0.0398
turkey_lira_crisis_2021,BG,30,political_transitions_volatility,0.0338,0.1352,,0.6673,revenue_market_access,0.008,0.6673,0.0396,0.0371,0.0319,0.0472,0.0398,0.0398,0.0494,0.0398
myanmar_coup_2021,BG,30,political_transitions_volatility,0.1017,0.1818,,0.6673,revenue_market_access,0.008,0.6673,0.0396,0.0371,0.0319,0.0472,0.0398,0.0398,0.0494,0.0398
australia_china_wine_tariff_2020,BHP,15,trade_policy_actions,0.1013,0.2565,,0.5369,procurement_supply_chain,0.5369,0.0498,0.0539,0.052,0.0369,0.057,0.0514,0.0514,0.0592,0.0514
australia_china_lobster_ban_2020,BHP,15,trade_policy_actions,0.0819,0.3092,,0.5369,procurement_supply_chain,0.5369,0.0498,0.0539,0.052,0.0369,0.057,0.0514,0.0514,0.0592,0.0514
us_tariffs_2025_april,BHP,15,trade_policy_actions,0.0289,0.1082,,0.5369,procurement_supply_chain,0.5369,0.0498,0.0539,0.052,0.0369,0.057,0.0514,0.0514,0.0592,0.0514
tiktok_project_texas_2022,BIDU,50,regulatory_sovereignty_shifts,0.1102,-0.0405,,0.6852,regulatory_compliance_cost,0.0098,0.0342,0.0402,0.6852,0.0238,0.0468,0.0385,0.0385,0.0444,0.0385
india_fdi_ban_chinese_apps_2020,BIDU,50,regulatory_sovereignty_shifts,0.0539,0.0273,,0.6852,regulatory_compliance_cost,0.0098,0.0342,0.0402,0.6852,0.0238,0.0468,0.0385,0.0385,0.0444,0.0385
mexico_energy_reform_2021,BIDU,50,regulatory_sovereignty_shifts,0.0693,0.1253,,0.6852,regulatory_compliance_cost,0.0098,0.0342,0.0402,0.6852,0.0238,0.0468,0.0385,0.0385,0.0444,0.0385
tiktok_project_texas_2022,BIIB,35,regulatory_sovereignty_shifts,0.0586,0.0367,,0.6852,regulatory_compliance_cost,0.0098,0.0342,0.0402,0.6852,0.0238,0.0468,0.0385,0.0385,0.0444,0.0385
india_fdi_ban_chinese_apps_2020,BIIB,35,regulatory_sovereignty_shifts,0.0307,0.1137,,0.6852,regulatory_compliance_cost,0.0098,0.0342,0.0402,0.6852,0.0238,0.0468,0.0385,0.0385,0.0444,0.0385
tiktok_project_texas_2022,BILI,50,regulatory_sovereignty_shifts,0.0714,-0.0954,,0.6852,regulatory_compliance_cost,0.0098,0.0342,0.0402,0.6852,0.0238,0.0468,0.0385,0.0385,0.0444,0.0385
mexico_energy_reform_2021,BILI,50,regulatory_sovereignty_shifts,0.0937,0.3263,,0.6852,regulatory_compliance_cost,0.0098,0.0342,0.0402,0.6852,0.0238,0.0468,0.0385,0.0385,0.0444,0.0385
tiktok_project_texas_2022,BIO,35,regulatory_sovereignty_shifts,0.0949,0.1818,,0.6852,regulatory_compliance_cost,0.0098,0.0342,0.0402,0.6852,0.0238,0.0468,0.0385,0.0385,0.0444,0.0385
india_fdi_ban_chinese_apps_2020,BIO,35,regulatory_sovereignty_shifts,0.0833,0.148,,0.6852,regulatory_compliance_cost,0.0098,0.0342,0.0402,0.6852,0.0238,0.0468,0.0385,0.0385,0.0444,0.0385
mexico_energy_reform_2021,BIO,35,regulatory_sovereignty_shifts,-0.0263,0.0194,,0.6852,regulatory_compliance_cost,0.0098,0.0342,0.0402,0.6852,0.0238,0.0468,0.0385,0.0385,0.0444,0.0385
turkey_lira_crisis_2021,BKNG,25,political_transitions_volatility,0.0833,0.1154,,0.6673,revenue_market_access,0.008,0.6673,0.0396,0.0371,0.0319,0.0472,0.0398,0.0398,0.0494,0.0398
myanmar_coup_2021,BKNG,25,political_transitions_volatility,0.0548,0.204,,0.6673,revenue_market_access,0.008,0.6673,0.0396,0.0371,0.0319,0.0472,0.0398,0.0398,0.0494,0.0398
australia_china_wine_tariff_2020,BKR,10,trade_policy_actions,0.1016,0.1648,,0.5369,procurement_supply_chain,0.5369,0.0498,0.0539,0.052,0.0369,0.057,0.0514,0.0514,0.0592,0.0514
australia_china_lobster_ban_2020,BKR,10,trade_policy_actions,0.1211,0.3696,,0.5369,procurement_supply_chain,0.5369,0.0498,0.0539,0.052,0.0369,0.057,0.0514,0.0514,0.0592,0.0514
us_china_trade_war_2018,BKR,10,trade_policy_actions,-0.0675,0.2089,,0.5369,procurement_supply_chain,0.5369,0.0498,0.0539,0.052,0.0369,0.057,0.0514,0.0514,0.0592,0.0514
tiktok_project_texas_2022,BLTE,35,regulatory_sovereignty_shifts,0.1649,0.156,,0.6852,regulatory_compliance_cost,0.0098,0.0342,0.0402,0.6852,0.0238,0.0468,0.0385,0.0385,0.0444,0.0385
tiktok_project_texas_2022,BMRN,35,regulatory_sovereignty_shifts,0.1184,0.1395,,0.6852,regulatory_compliance_cost,0.0098,0.0342,0.0402,0.6852,0.0238,0.0468,0.0385,0.0385,0.0444,0.0385
india_fdi_ban_chinese_apps_2020,BMRN,35,regulatory_sovereignty_shifts,0.0475,-0.0438,,0.6852,regulatory_compliance_cost,0.0098,0.0342,0.0402,0.6852,0.0238,0.0468,0.0385,0.0385,0.0444,0.0385
turkey_lira_crisis_2021,BMWKY,25,political_transitions_volatility,0.0483,0.0926,,0.6673,revenue_market_access,0.008,0.6673,0.0396,0.0371,0.0319,0.0472,0.0398,0.0398,0.0494,0.0398
argentina_peso_devaluation_2018,BMWKY,25,political_transitions_volatility,-0.05,-0.1212,,0.6673,revenue_market_access,0.008,0.6673,0.0396,0.0371,0.0319,0.0472,0.0398,0.0398,0.0494,0.0398
tiktok_project_texas_2022,BMY,35,regulatory_sovereignty_shifts,0.0842,0.0003,,0.6852,regulatory_compliance_cost,0.0098,0.0342,0.0402,0.6852,0.0238,0.0468,0.0385,0.0385,0.0444,0.0385
india_fdi_ban_chinese_apps_2020,BMY,35,regulatory_sovereignty_shifts,0.051,0.1005,,0.6852,regulatory_compliance_cost,0.0098,0.0342,0.0402,0.6852,0.0238,0.0468,0.0385,0.0385,0.0444,0.0385
mexico_energy_reform_2021,BMY,35,regulatory_sovereignty_shifts,-0.0378,-0.0013,,0.6852,regulatory_compliance_cost,0.0098,0.0342,0.0402,0.6852,0.0238,0.0468,0.0385,0.0385,0.0444,0.0385
tiktok_project_texas_2022,BNTX,35,regulatory_sovereignty_shifts,0.1484,0.3247,,0.6852,regulatory_compliance_cost,0.0098,0.0342,0.0402,0.6852,0.0238,0.0468,0.0385,0.0385,0.0444,0.0385
india_fdi_ban_chinese_apps_2020,BNTX,35,regulatory_sovereignty_shifts,0.0538,0.0403,,0.6852,regulatory_compliance_cost,0.0098,0.0342,0.0402,0.6852,0.0238,0.0468,0.0385,0.0385,0.0444,0.0385
mexico_energy_reform_2021,BNTX,35,regulatory_sovereignty_shifts,-0.0347,-0.0653,,0.6852,regulatory_compliance_cost,0.0098,0.0342,0.0402,0.6852,0.0238,0.0468,0.0385,0.0385,0.0444,0.0385
hong_kong_protests_2019,BOOT,25,political_transitions_volatility,0.1719,0.1283,,0.6673,revenue_market_access,0.008,0.6673,0.0396,0.0371,0.0319,0.0472,0.0398,0.0398,0.0494,0.0398
turkey_lira_crisis_2021,BOOT,25,political_transitions_volatility,0.1005,-0.1874,,0.6673,revenue_market_access,0.008,0.6673,0.0396,0.0371,0.0319,0.0472,0.0398,0.0398,0.0494,0.0398
myanmar_coup_2021,BOOT,25,political_transitions_volatility,0.0356,0.0547,,0.6673,revenue_market_access,0.008,0.6673,0.0396,0.0371,0.0319,0.0472,0.0398,0.0398,0.0494,0.0398
argentina_peso_devaluation_2018,BOOT,25,political_transitions_volatility,0.0358,-0.0756,,0.6673,revenue_market_access,0.008,0.6673,0.0396,0.0371,0.0319,0.0472,0.0398,0.0398,0.0494,0.0398
australia_china_wine_tariff_2020,BP,10,trade_policy_actions,0.0554,0.1853,,0.5369,procurement_supply_chain,0.5369,0.0498,0.0539,0.052,0.0369,0.057,0.0514,0.0514,0.0592,0.0514
australia_china_lobster_ban_2020,BP,10,trade_policy_actions,0.204,0.3761,,0.5369,procurement_supply_chain,0.5369,0.0498,0.0539,0.052,0.0369,0.057,0.0514,0.0514,0.0592,0.0514
us_china_trade_war_2018,BP,10,trade_policy_actions,0.0387,0.1617,,0.5369,procurement_supply_chain,0.5369,0.0498,0.0539,0.052,0.0369,0.057,0.0514,0.0514,0.0592,0.0514
south_africa_loadshedding_2023,BP,10,resource_energy_disruptions,0.0456,-0.0839,,0.5667,procurement_supply_chain,0.5667,0.058,0.0433,0.0534,0.0479,0.0517,0.0439,0.0439,0.0474,0.0439
tiktok_project_texas_2022,BRKR,35,regulatory_sovereignty_shifts,0.0768,0.156,,0.6852,regulatory_compliance_cost,0.0098,0.0342,0.0402,0.6852,0.0238,0.0468,0.0385,0.0385,0.0444,0.0385
india_fdi_ban_chinese_apps_2020,BRKR,35,regulatory_sovereignty_shifts,0.0423,0.1113,,0.6852,regulatory_compliance_cost,0.0098,0.0342,0.0402,0.6852,0.0238,0.0468,0.0385,0.0385,0.0444,0.0385
turkey_lira_crisis_2021,BROS,25,political_transitions_volatility,0.1172,0.2159,,0.6673,revenue_market_access,0.008,0.6673,0.0396,0.0371,0.0319,0.0472,0.0398,0.0398,0.0494,0.0398
tiktok_project_texas_2022,BSX,35,regulatory_sovereignty_shifts,0.0503,0.1513,,0.6852,regulatory_compliance_cost,0.0098,0.0342,0.0402,0.6852,0.0238,0.0468,0.0385,0.0385,0.0444,0.0385
turkey_lira_crisis_2021,BTDPY,25,political_transitions_volatility,0.0589,-0.1289,,0.6673,revenue_market_access,0.008,0.6673,0.0396,0.0371,0.0319,0.0472,0.0398,0.0398,0.0494,0.0398
myanmar_coup_2021,BTDPY,25,political_transitions_volatility,0.0652,0.1722,,0.6673,revenue_market_access,0.008,0.6673,0.0396,0.0371,0.0319,0.0472,0.0398,0.0398,0.0494,0.0398
argentina_peso_devaluation_2018,BTDPY,25,political_transitions_volatility,-0.1919,-0.174,,0.6673,revenue_market_access,0.008,0.6673,0.0396,0.0371,0.0319,0.0472,0.0398,0.0398,0.0494,0.0398
australia_china_lobster_ban_2020,BTG,15,trade_policy_actions,-0.1137,-0.1549,,0.5369,procurement_supply_chain,0.5369,0.0498,0.0539,0.052,0.0369,0.057,0.0514,0.0514,0.0592,0.0514
us_tariffs_2025_april,BTG,15,trade_policy_actions,0.1552,0.1379,,0.5369,procurement_supply_chain,0.5369,0.0498,0.0539,0.052,0.0369,0.057,0.0514,0.0514,0.0592,0.0514
south_africa_loadshedding_2023,BTG,15,resource_energy_disruptions,-0.0771,0.0562,,0.5667,procurement_supply_chain,0.5667,0.058,0.0433,0.0534,0.0479,0.0517,0.0439,0.0439,0.0474,0.0439
fukushima_2011,BTG,15,resource_energy_disruptions,0.0426,0.3217,,0.5667,procurement_supply_chain,0.5667,0.058,0.0433,0.0534,0.0479,0.0517,0.0439,0.0439,0.0474,0.0439
hong_kong_protests_2019,BTI,30,political_transitions_volatility,-0.0676,0.0026,,0.6673,revenue_market_access,0.008,0.6673,0.0396,0.0371,0.0319,0.0472,0.0398,0.0398,0.0494,0.0398
argentina_peso_devaluation_2018,BTI,30,political_transitions_volatility,-0.0306,-0.1043,,0.6673,revenue_market_access,0.008,0.6673,0.0396,0.0371,0.0319,0.0472,0.0398,0.0398,0.0494,0.0398
argentina_peso_devaluation_2018,BUD,30,political_transitions_volatility,-0.0612,-0.1177,,0.6673,revenue_market_access,0.008,0.6673,0.0396,0.0371,0.0319,0.0472,0.0398,0.0398,0.0494,0.0398
hong_kong_protests_2019,BURL,25,political_transitions_volatility,0.0372,0.1159,,0.6673,revenue_market_access,0.008,0.6673,0.0396,0.0371,0.0319,0.0472,0.0398,0.0398,0.0494,0.0398
turkey_lira_crisis_2021,BURL,25,political_transitions_volatility,0.0433,-0.1406,,0.6673,revenue_market_access,0.008,0.6673,0.0396,0.0371,0.0319,0.0472,0.0398,0.0398,0.0494,0.0398
myanmar_coup_2021,BURL,25,political_transitions_volatility,0.0625,0.2425,,0.6673,revenue_market_access,0.008,0.6673,0.0396,0.0371,0.0319,0.0472,0.0398,0.0398,0.0494,0.0398
australia_china_wine_tariff_2020,BVN,15,trade_policy_actions,0.1012,0.0101,,0.5369,procurement_supply_chain,0.5369,0.0498,0.0539,0.052,0.0369,0.057,0.0514,0.0514,0.0592,0.0514
australia_china_lobster_ban_2020,BVN,15,trade_policy_actions,-0.0368,0.0208,,0.5369,procurement_supply_chain,0.5369,0.0498,0.0539,0.052,0.0369,0.057,0.0514,0.0514,0.0592,0.0514
us_china_trade_war_2018,BVN,15,trade_policy_actions,0.0361,0.038,,0.5369,procurement_supply_chain,0.5369,0.0498,0.0539,0.052,0.0369,0.057,0.0514,0.0514,0.0592,0.0514
us_tariffs_2025_april,BVN,15,trade_policy_actions,0.0984,0.0676,,0.5369,procurement_supply_chain,0.5369,0.0498,0.0539,0.052,0.0369,0.057,0.0514,0.0514,0.0592,0.0514
hong_kong_protests_2019,BWA,25,political_transitions_volatility,0.0317,0.048,,0.6673,revenue_market_access,0.008,0.6673,0.0396,0.0371,0.0319,0.0472,0.0398,0.0398,0.0494,0.0398
myanmar_coup_2021,BWA,25,political_transitions_volatility,0.0323,0.1634,,0.6673,revenue_market_access,0.008,0.6673,0.0396,0.0371,0.0319,0.0472,0.0398,0.0398,0.0494,0.0398
hong_kong_protests_2019,BYD,25,political_transitions_volatility,0.0842,0.0383,,0.6673,revenue_market_access,0.008,0.6673,0.0396,0.0371,0.0319,0.0472,0.0398,0.0398,0.0494,0.0398
turkey_lira_crisis_2021,BYD,25,political_transitions_volatility,0.0857,0.018,,0.6673,revenue_market_access,0.008,0.6673,0.0396,0.0371,0.0319,0.0472,0.0398,0.0398,0.0494,0.0398
myanmar_coup_2021,BYD,25,political_transitions_volatility,0.1841,0.3522,,0.6673,revenue_market_access,0.008,0.6673,0.0396,0.0371,0.0319,0.0472,0.0398,0.0398,0.0494,0.0398
argentina_peso_devaluation_2018,BYD,25,political_transitions_volatility,-0.0931,-0.1191,,0.6673,revenue_market_access,0.008,0.6673,0.0396,0.0371,0.0319,0.0472,0.0398,0.0398,0.0494,0.0398
tiktok_project_texas_2022,BZ,50,regulatory_sovereignty_shifts,0.2363,0.0117,,0.6852,regulatory_compliance_cost,0.0098,0.0342,0.0402,0.6852,0.0238,0.0468,0.0385,0.0385,0.0444,0.0385
mexico_energy_reform_2021,BZ,50,regulatory_sovereignty_shifts,-0.1069,0.0487,,0.6852,regulatory_compliance_cost,0.0098,0.0342,0.0402,0.6852,0.0238,0.0468,0.0385,0.0385,0.0444,0.0385
turkey_lira_crisis_2021,BZLFY,30,political_transitions_volatility,0.0315,-0.0132,,0.6673,revenue_market_access,0.008,0.6673,0.0396,0.0371,0.0319,0.0472,0.0398,0.0398,0.0494,0.0398
turkey_lira_crisis_2021,CAG,30,political_transitions_volatility,-0.0335,0.0203,,0.6673,revenue_market_access,0.008,0.6673,0.0396,0.0371,0.0319,0.0472,0.0398,0.0398,0.0494,0.0398
tiktok_project_texas_2022,CAH,35,regulatory_sovereignty_shifts,0.0821,0.1897,,0.6852,regulatory_compliance_cost,0.0098,0.0342,0.0402,0.6852,0.0238,0.0468,0.0385,0.0385,0.0444,0.0385
mexico_energy_reform_2021,CAH,35,regulatory_sovereignty_shifts,-0.026,0.0286,,0.6852,regulatory_compliance_cost,0.0098,0.0342,0.0402,0.6852,0.0238,0.0468,0.0385,0.0385,0.0444,0.0385
hong_kong_protests_2019,CASY,25,political_transitions_volatility,0.1466,0.2147,,0.6673,revenue_market_access,0.008,0.6673,0.0396,0.0371,0.0319,0.0472,0.0398,0.0398,0.0494,0.0398
myanmar_coup_2021,CASY,25,political_transitions_volatility,0.0946,0.1198,,0.6673,revenue_market_access,0.008,0.6673,0.0396,0.0371,0.0319,0.0472,0.0398,0.0398,0.0494,0.0398
turkey_lira_crisis_2021,CCEP,30,political_transitions_volatility,0.0383,0.0889,,0.6673,revenue_market_access,0.008,0.6673,0.0396,0.0371,0.0319,0.0472,0.0398,0.0398,0.0494,0.0398
myanmar_coup_2021,CCEP,30,political_transitions_volatility,0.0577,0.107,,0.6673,revenue_market_access,0.008,0.6673,0.0396,0.0371,0.0319,0.0472,0.0398,0.0398,0.0494,0.0398
australia_china_wine_tariff_2020,CCJ,10,trade_policy_actions,0.0928,0.3593,,0.5369,procurement_supply_chain,0.5369,0.0498,0.0539,0.052,0.0369,0.057,0.0514,0.0514,0.0592,0.0514
us_tariffs_2025_april,CCJ,10,trade_policy_actions,0.0307,0.3186,,0.5369,procurement_supply_chain,0.5369,0.0498,0.0539,0.052,0.0369,0.057,0.0514,0.0514,0.0592,0.0514
fukushima_2011,CCJ,10,resource_energy_disruptions,-0.2135,-0.2223,,0.5667,procurement_supply_chain,0.5667,0.058,0.0433,0.0534,0.0479,0.0517,0.0439,0.0439,0.0474,0.0439
hong_kong_protests_2019,CCK,25,political_transitions_volatility,-0.0361,0.0624,,0.6673,revenue_market_access,0.008,0.6673,0.0396,0.0371,0.0319,0.0472,0.0398,0.0398,0.0494,0.0398
turkey_lira_crisis_2021,CCL,25,political_transitions_volatility,0.1461,0.145,,0.6673,revenue_market_access,0.008,0.6673,0.0396,0.0371,0.0319,0.0472,0.0398,0.0398,0.0494,0.0398
myanmar_coup_2021,CCL,25,political_transitions_volatility,0.1495,0.5027,,0.6673,revenue_market_access,0.008,0.6673,0.0396,0.0371,0.0319,0.0472,0.0398,0.0398,0.0494,0.0398
australia_china_wine_tariff_2020,CDE,15,trade_policy_actions,0.1246,0.3291,,0.5369,procurement_supply_chain,0.5369,0.0498,0.0539,0.052,0.0369,0.057,0.0514,0.0514,0.0592,0.0514
us_tariffs_2025_april,CDE,15,trade_policy_actions,0.1237,0.3835,,0.5369,procurement_supply_chain,0.5369,0.0498,0.0539,0.052,0.0369,0.057,0.0514,0.0514,0.0592,0.0514
china_rare_earth_controls_2023,CDE,15,resource_energy_disruptions,-0.0791,-0.2147,,0.5667,procurement_supply_chain,0.5667,0.058,0.0433,0.0534,0.0479,0.0517,0.0439,0.0439,0.0474,0.0439
south_africa_loadshedding_2023,CDE,15,resource_energy_disruptions,-0.0322,-0.0351,,0.5667,procurement_supply_chain,0.5667,0.058,0.0433,0.0534,0.0479,0.0517,0.0439,0.0439,0.0474,0.0439
fukushima_2011,CDE,15,resource_energy_disruptions,-0.051,-0.0688,,0.5667,procurement_supply_chain,0.5667,0.058,0.0433,0.0534,0.0479,0.0517,0.0439,0.0439,0.0474,0.0439
australia_china_lobster_ban_2020,CE,15,trade_policy_actions,0.0781,0.0961,,0.5369,procurement_supply_chain,0.5369,0.0498,0.0539,0.052,0.0369,0.057,0.0514,0.0514,0.0592,0.0514
us_tariffs_2025_april,CE,15,trade_policy_actions,-0.1451,0.2209,,0.5369,procurement_supply_chain,0.5369,0.0498,0.0539,0.052,0.0369,0.057,0.0514,0.0514,0.0592,0.0514
tiktok_project_texas_2022,CELC,35,regulatory_sovereignty_shifts,0.06,0.0518,,0.6852,regulatory_compliance_cost,0.0098,0.0342,0.0402,0.6852,0.0238,0.0468,0.0385,0.0385,0.0444,0.0385
india_fdi_ban_chinese_apps_2020,CELC,35,regulatory_sovereignty_shifts,0.092,-0.0359,,0.6852,regulatory_compliance_cost,0.0098,0.0342,0.0402,0.6852,0.0238,0.0468,0.0385,0.0385,0.0444,0.0385
mexico_energy_reform_2021,CELC,35,regulatory_sovereignty_shifts,-0.0339,-0.0135,,0.6852,regulatory_compliance_cost,0.0098,0.0342,0.0402,0.6852,0.0238,0.0468,0.0385,0.0385,0.0444,0.0385
hong_kong_protests_2019,CELH,30,political_transitions_volatility,0.066,0.277,,0.6673,revenue_market_access,0.008,0.6673,0.0396,0.0371,0.0319,0.0472,0.0398,0.0398,0.0494,0.0398
turkey_lira_crisis_2021,CELH,30,political_transitions_volatility,0.1044,-0.2622,,0.6673,revenue_market_access,0.008,0.6673,0.0396,0.0371,0.0319,0.0472,0.0398,0.0398,0.0494,0.0398
myanmar_coup_2021,CELH,30,political_transitions_volatility,0.147,-0.1601,,0.6673,revenue_market_access,0.008,0.6673,0.0396,0.0371,0.0319,0.0472,0.0398,0.0398,0.0494,0.0398
argentina_peso_devaluation_2018,CELH,30,political_transitions_volatility,0.0702,-0.1501,,0.6673,revenue_market_access,0.008,0.6673,0.0396,0.0371,0.0319,0.0472,0.0398,0.0398,0.0494,0.0398
australia_china_wine_tariff_2020,CENX,15,trade_policy_actions,0.1577,0.3375,,0.5369,procurement_supply_chain,0.5369,0.0498,0.0539,0.052,0.0369,0.057,0.0514,0.0514,0.0592,0.0514
australia_china_lobster_ban_2020,CENX,15,trade_policy_actions,0.1036,0.4682,,0.5369,procurement_supply_chain,0.5369,0.0498,0.0539,0.052,0.0369,0.057,0.0514,0.0514,0.0592,0.0514
australia_china_lobster_ban_2020,CF,15,trade_policy_actions,0.1144,0.4123,,0.5369,procurement_supply_chain,0.5369,0.0498,0.0539,0.052,0.0369,0.057,0.0514,0.0514,0.0592,0.0514
us_tariffs_2025_april,CF,15,trade_policy_actions,0.0511,0.2685,,0.5369,procurement_supply_chain,0.5369,0.0498,0.0539,0.052,0.0369,0.057,0.0514,0.0514,0.0592,0.0514
argentina_peso_devaluation_2018,CHD,30,political_transitions_volatility,0.041,-0.0055,,0.6673,revenue_market_access,0.008,0.6673,0.0396,0.0371,0.0319,0.0472,0.0398,0.0398,0.0494,0.0398
turkey_lira_crisis_2021,CHDN,25,political_transitions_volatility,0.0782,-0.0431,,0.6673,revenue_market_access,0.008,0.6673,0.0396,0.0371,0.0319,0.0472,0.0398,0.0398,0.0494,0.0398
myanmar_coup_2021,CHDN,25,political_transitions_volatility,0.1004,0.237,,0.6673,revenue_market_access,0.008,0.6673,0.0396,0.0371,0.0319,0.0472,0.0398,0.0398,0.0494,0.0398
argentina_peso_devaluation_2018,CHDN,25,political_transitions_volatility,-0.0872,-0.0097,,0.6673,revenue_market_access,0.008,0.6673,0.0396,0.0371,0.0319,0.0472,0.0398,0.0398,0.0494,0.0398
tiktok_project_texas_2022,CHE,35,regulatory_sovereignty_shifts,0.0422,0.049,,0.6852,regulatory_compliance_cost,0.0098,0.0342,0.0402,0.6852,0.0238,0.0468,0.0385,0.0385,0.0444,0.0385
india_fdi_ban_chinese_apps_2020,CHE,35,regulatory_sovereignty_shifts,0.0634,0.1343,,0.6852,regulatory_compliance_cost,0.0098,0.0342,0.0402,0.6852,0.0238,0.0468,0.0385,0.0385,0.0444,0.0385
mexico_energy_reform_2021,CHE,35,regulatory_sovereignty_shifts,-0.0911,0.0969,,0.6852,regulatory_compliance_cost,0.0098,0.0342,0.0402,0.6852,0.0238,0.0468,0.0385,0.0385,0.0444,0.0385
turkey_lira_crisis_2021,CHH,25,political_transitions_volatility,0.0782,0.0105,,0.6673,revenue_market_access,0.008,0.6673,0.0396,0.0371,0.0319,0.0472,0.0398,0.0398,0.0494,0.0398
myanmar_coup_2021,CHH,25,political_transitions_volatility,0.0614,0.1007,,0.6673,revenue_market_access,0.008,0.6673,0.0396,0.0371,0.0319,0.0472,0.0398,0.0398,0.0494,0.0398
australia_china_wine_tariff_2020,CHRD,10,trade_policy_actions,0.1184,0.3132,,0.5369,procurement_supply_chain,0.5369,0.0498,0.0539,0.052,0.0369,0.057,0.0514,0.0514,0.0592,0.0514
australia_china_lobster_ban_2020,CHRD,10,trade_policy_actions,-0.25,316.5,,0.5369,procurement_supply_chain,0.5369,0.0498,0.0539,0.052,0.0369,0.057,0.0514,0.0514,0.0592,0.0514
us_china_trade_war_2018,CHRD,10,trade_policy_actions,-0.0323,0.3405,,0.5369,procurement_supply_chain,0.5369,0.0498,0.0539,0.052,0.0369,0.057,0.0514,0.0514,0.0592,0.0514
us_tariffs_2025_april,CHRD,10,trade_policy_actions,-0.0437,-0.0377,,0.5369,procurement_supply_chain,0.5369,0.0498,0.0539,0.052,0.0369,0.057,0.0514,0.0514,0.0592,0.0514
fukushima_2011,CHRD,10,resource_energy_disruptions,-0.0534,0.0064,,0.5667,procurement_supply_chain,0.5667,0.058,0.0433,0.0534,0.0479,0.0517,0.0439,0.0439,0.0474,0.0439
tiktok_project_texas_2022,CHT,50,regulatory_sovereignty_shifts,0.0269,-0.0069,,0.6852,regulatory_compliance_cost,0.0098,0.0342,0.0402,0.6852,0.0238,0.0468,0.0385,0.0385,0.0444,0.0385
tiktok_project_texas_2022,CHTR,50,regulatory_sovereignty_shifts,0.0507,-0.0098,,0.6852,regulatory_compliance_cost,0.0098,0.0342,0.0402,0.6852,0.0238,0.0468,0.0385,0.0385,0.0444,0.0385
india_fdi_ban_chinese_apps_2020,CHTR,50,regulatory_sovereignty_shifts,0.0369,0.1596,,0.6852,regulatory_compliance_cost,0.0098,0.0342,0.0402,0.6852,0.0238,0.0468,0.0385,0.0385,0.0444,0.0385
mexico_energy_reform_2021,CHTR,50,regulatory_sovereignty_shifts,-0.0433,-0.066,,0.6852,regulatory_compliance_cost,0.0098,0.0342,0.0402,0.6852,0.0238,0.0468,0.0385,0.0385,0.0444,0.0385
turkey_lira_crisis_2021,CHWY,25,political_transitions_volatility,0.1006,-0.126,,0.6673,revenue_market_access,0.008,0.6673,0.0396,0.0371,0.0319,0.0472,0.0398,0.0398,0.0494,0.0398
myanmar_coup_2021,CHWY,25,political_transitions_volatility,0.0623,-0.1888,,0.6673,revenue_market_access,0.008,0.6673,0.0396,0.0371,0.0319,0.0472,0.0398,0.0398,0.0494,0.0398
tiktok_project_texas_2022,CI,35,regulatory_sovereignty_shifts,0.0955,0.1101,,0.6852,regulatory_compliance_cost,0.0098,0.0342,0.0402,0.6852,0.0238,0.0468,0.0385,0.0385,0.0444,0.0385
india_fdi_ban_chinese_apps_2020,CI,35,regulatory_sovereignty_shifts,-0.0293,-0.0276,,0.6852,regulatory_compliance_cost,0.0098,0.0342,0.0402,0.6852,0.0238,0.0468,0.0385,0.0385,0.0444,0.0385
australia_china_wine_tariff_2020,CLF,15,trade_policy_actions,0.1116,0.6439,,0.5369,procurement_supply_chain,0.5369,0.0498,0.0539,0.052,0.0369,0.057,0.0514,0.0514,0.0592,0.0514
us_china_trade_war_2018,CLF,15,trade_policy_actions,0.0435,0.1547,,0.5369,procurement_supply_chain,0.5369,0.0498,0.0539,0.052,0.0369,0.057,0.0514,0.0514,0.0592,0.0514
us_tariffs_2025_april,CLF,15,trade_policy_actions,-0.0969,-0.1233,,0.5369,procurement_supply_chain,0.5369,0.0498,0.0539,0.052,0.0369,0.057,0.0514,0.0514,0.0592,0.0514
south_africa_loadshedding_2023,CLF,15,resource_energy_disruptions,0.0357,-0.1232,,0.5667,procurement_supply_chain,0.5667,0.058,0.0433,0.0534,0.0479,0.0517,0.0439,0.0439,0.0474,0.0439
myanmar_coup_2021,CLX,30,political_transitions_volatility,-0.0953,-0.0999,,0.6673,revenue_market_access,0.008,0.6673,0.0396,0.0371,0.0319,0.0472,0.0398,0.0398,0.0494,0.0398
argentina_peso_devaluation_2018,CLX,30,political_transitions_volatility,0.0396,-0.0011,,0.6673,revenue_market_access,0.008,0.6673,0.0396,0.0371,0.0319,0.0472,0.0398,0.0398,0.0494,0.0398
tiktok_project_texas_2022,CMCSA,50,regulatory_sovereignty_shifts,0.0289,-0.02,,0.6852,regulatory_compliance_cost,0.0098,0.0342,0.0402,0.6852,0.0238,0.0468,0.0385,0.0385,0.0444,0.0385
india_fdi_ban_chinese_apps_2020,CMCSA,50,regulatory_sovereignty_shifts,0.0351,0.1106,,0.6852,regulatory_compliance_cost,0.0098,0.0342,0.0402,0.6852,0.0238,0.0468,0.0385,0.0385,0.0444,0.0385
mexico_energy_reform_2021,CMCSA,50,regulatory_sovereignty_shifts,-0.0396,-0.0607,,0.6852,regulatory_compliance_cost,0.0098,0.0342,0.0402,0.6852,0.0238,0.0468,0.0385,0.0385,0.0444,0.0385
hong_kong_protests_2019,CMG,25,political_transitions_volatility,0.0307,0.0419,,0.6673,revenue_market_access,0.008,0.6673,0.0396,0.0371,0.0319,0.0472,0.0398,0.0398,0.0494,0.0398
turkey_lira_crisis_2021,CMG,25,political_transitions_volatility,0.0489,-0.1018,,0.6673,revenue_market_access,0.008,0.6673,0.0396,0.0371,0.0319,0.0472,0.0398,0.0398,0.0494,0.0398
tiktok_project_texas_2022,CNC,35,regulatory_sovereignty_shifts,0.1081,0.2226,,0.6852,regulatory_compliance_cost,0.0098,0.0342,0.0402,0.6852,0.0238,0.0468,0.0385,0.0385,0.0444,0.0385
india_fdi_ban_chinese_apps_2020,CNC,35,regulatory_sovereignty_shifts,0.0518,0.0046,,0.6852,regulatory_compliance_cost,0.0098,0.0342,0.0402,0.6852,0.0238,0.0468,0.0385,0.0385,0.0444,0.0385
australia_china_wine_tariff_2020,CNQ,10,trade_policy_actions,0.047,0.1326,,0.5369,procurement_supply_chain,0.5369,0.0498,0.0539,0.052,0.0369,0.057,0.0514,0.0514,0.0592,0.0514
australia_china_lobster_ban_2020,CNQ,10,trade_policy_actions,0.2476,0.479,,0.5369,procurement_supply_chain,0.5369,0.0498,0.0539,0.052,0.0369,0.057,0.0514,0.0514,0.0592,0.0514
us_china_trade_war_2018,CNQ,10,trade_policy_actions,0.04,0.1745,,0.5369,procurement_supply_chain,0.5369,0.0498,0.0539,0.052,0.0369,0.057,0.0514,0.0514,0.0592,0.0514
fukushima_2011,CNQ,10,resource_energy_disruptions,0.0479,-0.009,,0.5667,procurement_supply_chain,0.5667,0.058,0.0433,0.0534,0.0479,0.0517,0.0439,0.0439,0.0474,0.0439
tiktok_project_texas_2022,CNTA,35,regulatory_sovereignty_shifts,-0.0832,-0.0832,,0.6852,regulatory_compliance_cost,0.0098,0.0342,0.0402,0.6852,0.0238,0.0468,0.0385,0.0385,0.0444,0.0385
mexico_energy_reform_2021,CNTA,35,regulatory_sovereignty_shifts,-0.1725,-0.2597,,0.6852,regulatory_compliance_cost,0.0098,0.0342,0.0402,0.6852,0.0238,0.0468,0.0385,0.0385,0.0444,0.0385
australia_china_wine_tariff_2020,CNX,10,trade_policy_actions,-0.0356,0.331,,0.5369,procurement_supply_chain,0.5369,0.0498,0.0539,0.052,0.0369,0.057,0.0514,0.0514,0.0592,0.0514
us_tariffs_2025_april,CNX,10,trade_policy_actions,0.0521,0.0634,,0.5369,procurement_supply_chain,0.5369,0.0498,0.0539,0.052,0.0369,0.057,0.0514,0.0514,0.0592,0.0514
fukushima_2011,CNX,10,resource_energy_disruptions,0.1094,0.0457,,0.5667,procurement_supply_chain,0.5667,0.058,0.0433,0.0534,0.0479,0.0517,0.0439,0.0439,0.0474,0.0439
india_fdi_ban_chinese_apps_2020,COGT,35,regulatory_sovereignty_shifts,4.2993,4.5211,,0.6852,regulatory_compliance_cost,0.0098,0.0342,0.0402,0.6852,0.0238,0.0468,0.0385,0.0385,0.0444,0.0385
mexico_energy_reform_2021,COGT,35,regulatory_sovereignty_shifts,-0.1101,0.2295,,0.6852,regulatory_compliance_cost,0.0098,0.0342,0.0402,0.6852,0.0238,0.0468,0.0385,0.0385,0.0444,0.0385
turkey_lira_crisis_2021,COKE,30,political_transitions_volatility,0.1003,0.0407,,0.6673,revenue_market_access,0.008,0.6673,0.0396,0.0371,0.0319,0.0472,0.0398,0.0398,0.0494,0.0398
myanmar_coup_2021,COKE,30,political_transitions_volatility,0.0334,0.1368,,0.6673,revenue_market_access,0.008,0.6673,0.0396,0.0371,0.0319,0.0472,0.0398,0.0398,0.0494,0.0398
argentina_peso_devaluation_2018,COKE,30,political_transitions_volatility,0.0587,-0.041,,0.6673,revenue_market_access,0.008,0.6673,0.0396,0.0371,0.0319,0.0472,0.0398,0.0398,0.0494,0.0398
tiktok_project_texas_2022,COO,35,regulatory_sovereignty_shifts,0.0562,0.0653,,0.6852,regulatory_compliance_cost,0.0098,0.0342,0.0402,0.6852,0.0238,0.0468,0.0385,0.0385,0.0444,0.0385
india_fdi_ban_chinese_apps_2020,COO,35,regulatory_sovereignty_shifts,0.0418,0.1086,,0.6852,regulatory_compliance_cost,0.0098,0.0342,0.0402,0.6852,0.0238,0.0468,0.0385,0.0385,0.0444,0.0385
australia_china_wine_tariff_2020,COP,10,trade_policy_actions,0.0348,0.1085,,0.5369,procurement_supply_chain,0.5369,0.0498,0.0539,0.052,0.0369,0.057,0.0514,0.0514,0.0592,0.0514
australia_china_lobster_ban_2020,COP,10,trade_policy_actions,0.2122,0.4439,,0.5369,procurement_supply_chain,0.5369,0.0498,0.0539,0.052,0.0369,0.057,0.0514,0.0514,0.0592,0.0514
us_china_trade_war_2018,COP,10,trade_policy_actions,0.0494,0.1834,,0.5369,procurement_supply_chain,0.5369,0.0498,0.0539,0.052,0.0369,0.057,0.0514,0.0514,0.0592,0.0514
us_tariffs_2025_april,COP,10,trade_policy_actions,-0.0563,-0.0508,,0.5369,procurement_supply_chain,0.5369,0.0498,0.0539,0.052,0.0369,0.057,0.0514,0.0514,0.0592,0.0514
tiktok_project_texas_2022,COR,35,regulatory_sovereignty_shifts,0.0607,0.0151,,0.6852,regulatory_compliance_cost,0.0098,0.0342,0.0402,0.6852,0.0238,0.0468,0.0385,0.0385,0.0444,0.0385
tiktok_project_texas_2022,CORT,35,regulatory_sovereignty_shifts,0.2126,0.3527,,0.6852,regulatory_compliance_cost,0.0098,0.0342,0.0402,0.6852,0.0238,0.0468,0.0385,0.0385,0.0444,0.0385
mexico_energy_reform_2021,CORT,35,regulatory_sovereignty_shifts,0.0252,0.1593,,0.6852,regulatory_compliance_cost,0.0098,0.0342,0.0402,0.6852,0.0238,0.0468,0.0385,0.0385,0.0444,0.0385
turkey_lira_crisis_2021,COST,30,political_transitions_volatility,0.029,-0.0716,,0.6673,revenue_market_access,0.008,0.6673,0.0396,0.0371,0.0319,0.0472,0.0398,0.0398,0.0494,0.0398
myanmar_coup_2021,COST,30,political_transitions_volatility,0.0286,-0.0645,,0.6673,revenue_market_access,0.008,0.6673,0.0396,0.0371,0.0319,0.0472,0.0398,0.0398,0.0494,0.0398
argentina_peso_devaluation_2018,COST,30,political_transitions_volatility,0.0461,-0.0168,,0.6673,revenue_market_access,0.008,0.6673,0.0396,0.0371,0.0319,0.0472,0.0398,0.0398,0.0494,0.0398
hong_kong_protests_2019,CPB,30,political_transitions_volatility,-0.0397,-0.0292,,0.6673,revenue_market_access,0.008,0.6673,0.0396,0.0371,0.0319,0.0472,0.0398,0.0398,0.0494,0.0398
argentina_peso_devaluation_2018,CPB,30,political_transitions_volatility,0.0273,-0.0435,,0.6673,revenue_market_access,0.008,0.6673,0.0396,0.0371,0.0319,0.0472,0.0398,0.0398,0.0494,0.0398
australia_china_lobster_ban_2020,CQP,10,trade_policy_actions,0.0478,0.0201,,0.5369,procurement_supply_chain,0.5369,0.0498,0.0539,0.052,0.0369,0.057,0.0514,0.0514,0.0592,0.0514
us_china_trade_war_2018,CQP,10,trade_policy_actions,0.0334,0.1352,,0.5369,procurement_supply_chain,0.5369,0.0498,0.0539,0.052,0.0369,0.057,0.0514,0.0514,0.0592,0.0514
china_rare_earth_controls_2023,CQP,10,resource_energy_disruptions,-0.0781,-0.0639,,0.5667,procurement_supply_chain,0.5667,0.058,0.0433,0.0534,0.0479,0.0517,0.0439,0.0439,0.0474,0.0439
south_africa_loadshedding_2023,CQP,10,resource_energy_disruptions,-0.032,-0.1602,,0.5667,procurement_supply_chain,0.5667,0.058,0.0433,0.0534,0.0479,0.0517,0.0439,0.0439,0.0474,0.0439
fukushima_2011,CQP,10,resource_energy_disruptions,0.0577,0.1265,,0.5667,procurement_supply_chain,0.5667,0.058,0.0433,0.0534,0.0479,0.0517,0.0439,0.0439,0.0474,0.0439
australia_china_wine_tariff_2020,CRC,10,trade_policy_actions,0.2231,0.1646,,0.5369,procurement_supply_chain,0.5369,0.0498,0.0539,0.052,0.0369,0.057,0.0514,0.0514,0.0592,0.0514
us_tariffs_2025_april,CRC,10,trade_policy_actions,-0.0505,0.1585,,0.5369,procurement_supply_chain,0.5369,0.0498,0.0539,0.052,0.0369,0.057,0.0514,0.0514,0.0592,0.0514
australia_china_wine_tariff_2020,CRH,15,trade_policy_actions,0.0334,0.1357,,0.5369,procurement_supply_chain,0.5369,0.0498,0.0539,0.052,0.0369,0.057,0.0514,0.0514,0.0592,0.0514
australia_china_lobster_ban_2020,CRH,15,trade_policy_actions,0.0384,0.0603,,0.5369,procurement_supply_chain,0.5369,0.0498,0.0539,0.052,0.0369,0.057,0.0514,0.0514,0.0592,0.0514
us_tariffs_2025_april,CRH,15,trade_policy_actions,-0.045,0.0689,,0.5369,procurement_supply_chain,0.5369,0.0498,0.0539,0.052,0.0369,0.057,0.0514,0.0514,0.0592,0.0514
fukushima_2011,CRH,15,resource_energy_disruptions,0.0268,0.1386,,0.5667,procurement_supply_chain,0.5667,0.058,0.0433,0.0534,0.0479,0.0517,0.0439,0.0439,0.0474,0.0439
australia_china_wine_tariff_2020,CRK,10,trade_policy_actions,-0.0415,0.0553,,0.5369,procurement_supply_chain,0.5369,0.0498,0.0539,0.052,0.0369,0.057,0.0514,0.0514,0.0592,0.0514
australia_china_lobster_ban_2020,CRK,10,trade_policy_actions,-0.0977,-0.1322,,0.5369,procurement_supply_chain,0.5369,0.0498,0.0539,0.052,0.0369,0.057,0.0514,0.0514,0.0592,0.0514
us_china_trade_war_2018,CRK,10,trade_policy_actions,-0.0482,-0.0924,,0.5369,procurement_supply_chain,0.5369,0.0498,0.0539,0.052,0.0369,0.057,0.0514,0.0514,0.0592,0.0514
us_tariffs_2025_april,CRK,10,trade_policy_actions,0.0276,0.2106,,0.5369,procurement_supply_chain,0.5369,0.0498,0.0539,0.052,0.0369,0.057,0.0514,0.0514,0.0592,0.0514
china_rare_earth_controls_2023,CRK,10,resource_energy_disruptions,-0.0307,-0.1763,,0.5667,procurement_supply_chain,0.5667,0.058,0.0433,0.0534,0.0479,0.0517,0.0439,0.0439,0.0474,0.0439
south_africa_loadshedding_2023,CRK,10,resource_energy_disruptions,0.1074,-0.1008,,0.5667,procurement_supply_chain,0.5667,0.058,0.0433,0.0534,0.0479,0.0517,0.0439,0.0439,0.0474,0.0439
fukushima_2011,CRK,10,resource_energy_disruptions,0.1109,0.1865,,0.5667,procurement_supply_chain,0.5667,0.058,0.0433,0.0534,0.0479,0.0517,0.0439,0.0439,0.0474,0.0439
tiktok_project_texas_2022,CRL,35,regulatory_sovereignty_shifts,0.1046,0.1937,,0.6852,regulatory_compliance_cost,0.0098,0.0342,0.0402,0.6852,0.0238,0.0468,0.0385,0.0385,0.0444,0.0385
india_fdi_ban_chinese_apps_2020,CRL,35,regulatory_sovereignty_shifts,0.0734,0.244,,0.6852,regulatory_compliance_cost,0.0098,0.0342,0.0402,0.6852,0.0238,0.0468,0.0385,0.0385,0.0444,0.0385
hong_kong_protests_2019,CROX,25,political_transitions_volatility,-0.0823,0.2026,,0.6673,revenue_market_access,0.008,0.6673,0.0396,0.0371,0.0319,0.0472,0.0398,0.0398,0.0494,0.0398
turkey_lira_crisis_2021,CROX,25,political_transitions_volatility,-0.0609,-0.2385,,0.6673,revenue_market_access,0.008,0.6673,0.0396,0.0371,0.0319,0.0472,0.0398,0.0398,0.0494,0.0398
myanmar_coup_2021,CROX,25,political_transitions_volatility,0.0693,0.1213,,0.6673,revenue_market_access,0.008,0.6673,0.0396,0.0371,0.0319,0.0472,0.0398,0.0398,0.0494,0.0398
argentina_peso_devaluation_2018,CROX,25,political_transitions_volatility,0.0656,0.0061,,0.6673,revenue_market_access,0.008,0.6673,0.0396,0.0371,0.0319,0.0472,0.0398,0.0398,0.0494,0.0398
tiktok_project_texas_2022,CRSP,35,regulatory_sovereignty_shifts,-0.0443,0.0906,,0.6852,regulatory_compliance_cost,0.0098,0.0342,0.0402,0.6852,0.0238,0.0468,0.0385,0.0385,0.0444,0.0385
india_fdi_ban_chinese_apps_2020,CRSP,35,regulatory_sovereignty_shifts,0.218,0.1919,,0.6852,regulatory_compliance_cost,0.0098,0.0342,0.0402,0.6852,0.0238,0.0468,0.0385,0.0385,0.0444,0.0385
mexico_energy_reform_2021,CRSP,35,regulatory_sovereignty_shifts,-0.1138,-0.2009,,0.6852,regulatory_compliance_cost,0.0098,0.0342,0.0402,0.6852,0.0238,0.0468,0.0385,0.0385,0.0444,0.0385
tiktok_project_texas_2022,CSLLY,35,regulatory_sovereignty_shifts,0.0682,0.1727,,0.6852,regulatory_compliance_cost,0.0098,0.0342,0.0402,0.6852,0.0238,0.0468,0.0385,0.0385,0.0444,0.0385
australia_china_wine_tariff_2020,CTRA,10,trade_policy_actions,-0.0748,0.0456,,0.5369,procurement_supply_chain,0.5369,0.0498,0.0539,0.052,0.0369,0.057,0.0514,0.0514,0.0592,0.0514
australia_china_lobster_ban_2020,CTRA,10,trade_policy_actions,0.0294,0.0192,,0.5369,procurement_supply_chain,0.5369,0.0498,0.0539,0.052,0.0369,0.057,0.0514,0.0514,0.0592,0.0514
fukushima_2011,CTRA,10,resource_energy_disruptions,0.1011,0.2399,,0.5667,procurement_supply_chain,0.5667,0.058,0.0433,0.0534,0.0479,0.0517,0.0439,0.0439,0.0474,0.0439
australia_china_lobster_ban_2020,CTVA,15,trade_policy_actions,0.1002,0.191,,0.5369,procurement_supply_chain,0.5369,0.0498,0.0539,0.052,0.0369,0.057,0.0514,0.0514,0.0592,0.0514
turkey_lira_crisis_2021,CUK,25,political_transitions_volatility,0.152,0.1652,,0.6673,revenue_market_access,0.008,0.6673,0.0396,0.0371,0.0319,0.0472,0.0398,0.0398,0.0494,0.0398
myanmar_coup_2021,CUK,25,political_transitions_volatility,0.1606,0.4794,,0.6673,revenue_market_access,0.008,0.6673,0.0396,0.0371,0.0319,0.0472,0.0398,0.0398,0.0494,0.0398
australia_china_wine_tariff_2020,CVE,10,trade_policy_actions,0.0561,0.1888,,0.5369,procurement_supply_chain,0.5369,0.0498,0.0539,0.052,0.0369,0.057,0.0514,0.0514,0.0592,0.0514
australia_china_lobster_ban_2020,CVE,10,trade_policy_actions,0.2133,0.6316,,0.5369,procurement_supply_chain,0.5369,0.0498,0.0539,0.052,0.0369,0.057,0.0514,0.0514,0.0592,0.0514
us_tariffs_2025_april,CVE,10,trade_policy_actions,-0.0291,0.1091,,0.5369,procurement_supply_chain,0.5369,0.0498,0.0539,0.052,0.0369,0.057,0.0514,0.0514,0.0592,0.0514
south_africa_loadshedding_2023,CVE,10,resource_energy_disruptions,-0.045,-0.193,,0.5667,procurement_supply_chain,0.5667,0.058,0.0433,0.0534,0.0479,0.0517,0.0439,0.0439,0.0474,0.0439
turkey_lira_crisis_2021,CVNA,25,political_transitions_volatility,0.0384,-0.263,,0.6673,revenue_market_access,0.008,0.6673,0.0396,0.0371,0.0319,0.0472,0.0398,0.0398,0.0494,0.0398
myanmar_coup_2021,CVNA,25,political_transitions_volatility,0.0905,0.0735,,0.6673,revenue_market_access,0.008,0.6673,0.0396,0.0371,0.0319,0.0472,0.0398,0.0398,0.0494,0.0398
tiktok_project_texas_2022,CVS,35,regulatory_sovereignty_shifts,0.0663,0.0819,,0.6852,regulatory_compliance_cost,0.0098,0.0342,0.0402,0.6852,0.0238,0.0468,0.0385,0.0385,0.0444,0.0385
australia_china_lobster_ban_2020,CVX,10,trade_policy_actions,0.1579,0.2545,,0.5369,procurement_supply_chain,0.5369,0.0498,0.0539,0.052,0.0369,0.057,0.0514,0.0514,0.0592,0.0514
us_tariffs_2025_april,CVX,10,trade_policy_actions,-0.0731,-0.0623,,0.5369,procurement_supply_chain,0.5369,0.0498,0.0539,0.052,0.0369,0.057,0.0514,0.0514,0.0592,0.0514
fukushima_2011,CVX,10,resource_energy_disruptions,0.0287,0.075,,0.5667,procurement_supply_chain,0.5667,0.058,0.0433,0.0534,0.0479,0.0517,0.0439,0.0439,0.0474,0.0439
australia_china_wine_tariff_2020,CX,15,trade_policy_actions,0.1966,0.2415,,0.5369,procurement_supply_chain,0.5369,0.0498,0.0539,0.052,0.0369,0.057,0.0514,0.0514,0.0592,0.0514
australia_china_lobster_ban_2020,CX,15,trade_policy_actions,0.0704,0.2441,,0.5369,procurement_supply_chain,0.5369,0.0498,0.0539,0.052,0.0369,0.057,0.0514,0.0514,0.0592,0.0514
china_rare_earth_controls_2023,CX,15,resource_energy_disruptions,-0.042,0.0729,,0.5667,procurement_supply_chain,0.5667,0.058,0.0433,0.0534,0.0479,0.0517,0.0439,0.0439,0.0474,0.0439
tiktok_project_texas_2022,CYTK,35,regulatory_sovereignty_shifts,0.2055,0.0446,,0.6852,regulatory_compliance_cost,0.0098,0.0342,0.0402,0.6852,0.0238,0.0468,0.0385,0.0385,0.0444,0.0385
india_fdi_ban_chinese_apps_2020,CYTK,35,regulatory_sovereignty_shifts,0.1039,-0.1064,,0.6852,regulatory_compliance_cost,0.0098,0.0342,0.0402,0.6852,0.0238,0.0468,0.0385,0.0385,0.0444,0.0385
mexico_energy_reform_2021,CYTK,35,regulatory_sovereignty_shifts,0.0346,0.0667,,0.6852,regulatory_compliance_cost,0.0098,0.0342,0.0402,0.6852,0.0238,0.0468,0.0385,0.0385,0.0444,0.0385
turkey_lira_crisis_2021,CZR,25,political_transitions_volatility,0.071,-0.0809,,0.6673,revenue_market_access,0.008,0.6673,0.0396,0.0371,0.0319,0.0472,0.0398,0.0398,0.0494,0.0398
myanmar_coup_2021,CZR,25,political_transitions_volatility,0.1702,0.3531,,0.6673,revenue_market_access,0.008,0.6673,0.0396,0.0371,0.0319,0.0472,0.0398,0.0398,0.0494,0.0398
argentina_peso_devaluation_2018,CZR,25,political_transitions_volatility,-0.0552,-0.0471,,0.6673,revenue_market_access,0.008,0.6673,0.0396,0.0371,0.0319,0.0472,0.0398,0.0398,0.0494,0.0398
turkey_lira_crisis_2021,DAR,30,political_transitions_volatility,0.0277,-0.0096,,0.6673,revenue_market_access,0.008,0.6673,0.0396,0.0371,0.0319,0.0472,0.0398,0.0398,0.0494,0.0398
myanmar_coup_2021,DAR,30,political_transitions_volatility,0.1024,0.1735,,0.6673,revenue_market_access,0.008,0.6673,0.0396,0.0371,0.0319,0.0472,0.0398,0.0398,0.0494,0.0398
argentina_peso_devaluation_2018,DAR,30,political_transitions_volatility,-0.0386,-0.0496,,0.6673,revenue_market_access,0.008,0.6673,0.0396,0.0371,0.0319,0.0472,0.0398,0.0398,0.0494,0.0398
turkey_lira_crisis_2021,DASH,25,political_transitions_volatility,0.0486,-0.2298,,0.6673,revenue_market_access,0.008,0.6673,0.0396,0.0371,0.0319,0.0472,0.0398,0.0398,0.0494,0.0398
myanmar_coup_2021,DASH,25,political_transitions_volatility,-0.0719,-0.3008,,0.6673,revenue_market_access,0.008,0.6673,0.0396,0.0371,0.0319,0.0472,0.0398,0.0398,0.0494,0.0398
australia_china_lobster_ban_2020,DD,15,trade_policy_actions,0.0361,0.1525,,0.5369,procurement_supply_chain,0.5369,0.0498,0.0539,0.052,0.0369,0.057,0.0514,0.0514,0.0592,0.0514
us_china_trade_war_2018,DD,15,trade_policy_actions,-0.0291,-0.0175,,0.5369,procurement_supply_chain,0.5369,0.0498,0.0539,0.052,0.0369,0.057,0.0514,0.0514,0.0592,0.0514
us_tariffs_2025_april,DD,15,trade_policy_actions,-0.0436,0.0978,,0.5369,procurement_supply_chain,0.5369,0.0498,0.0539,0.052,0.0369,0.057,0.0514,0.0514,0.0592,0.0514
china_rare_earth_controls_2023,DD,15,resource_energy_disruptions,0.0346,-0.1159,,0.5667,procurement_supply_chain,0.5667,0.058,0.0433,0.0534,0.0479,0.0517,0.0439,0.0439,0.0474,0.0439
fukushima_2011,DD,15,resource_energy_disruptions,-0.0256,0.0739,,0.5667,procurement_supply_chain,0.5667,0.058,0.0433,0.0534,0.0479,0.0517,0.0439,0.0439,0.0474,0.0439
turkey_lira_crisis_2021,DDS,25,political_transitions_volatility,0.0466,0.0577,,0.6673,revenue_market_access,0.008,0.6673,0.0396,0.0371,0.0319,0.0472,0.0398,0.0398,0.0494,0.0398
myanmar_coup_2021,DDS,25,political_transitions_volatility,-0.0727,0.0621,,0.6673,revenue_market_access,0.008,0.6673,0.0396,0.0371,0.0319,0.0472,0.0398,0.0398,0.0494,0.0398
argentina_peso_devaluation_2018,DDS,25,political_transitions_volatility,-0.0528,-0.0595,,0.6673,revenue_market_access,0.008,0.6673,0.0396,0.0371,0.0319,0.0472,0.0398,0.0398,0.0494,0.0398
hong_kong_protests_2019,DECK,25,political_transitions_volatility,0.08,0.1111,,0.6673,revenue_market_access,0.008,0.6673,0.0396,0.0371,0.0319,0.0472,0.0398,0.0398,0.0494,0.0398
myanmar_coup_2021,DECK,25,political_transitions_volatility,0.0697,0.1315,,0.6673,revenue_market_access,0.008,0.6673,0.0396,0.0371,0.0319,0.0472,0.0398,0.0398,0.0494,0.0398
turkey_lira_crisis_2021,DEO,30,political_transitions_volatility,0.0436,-0.0219,,0.6673,revenue_market_access,0.008,0.6673,0.0396,0.0371,0.0319,0.0472,0.0398,0.0398,0.0494,0.0398
myanmar_coup_2021,DG,30,political_transitions_volatility,0.0292,0.0042,,0.6673,revenue_market_access,0.008,0.6673,0.0396,0.0371,0.0319,0.0472,0.0398,0.0398,0.0494,0.0398
argentina_peso_devaluation_2018,DG,30,political_transitions_volatility,0.0488,-0.0058,,0.6673,revenue_market_access,0.008,0.6673,0.0396,0.0371,0.0319,0.0472,0.0398,0.0398,0.0494,0.0398
tiktok_project_texas_2022,DGX,35,regulatory_sovereignty_shifts,0.0606,0.0515,,0.6852,regulatory_compliance_cost,0.0098,0.0342,0.0402,0.6852,0.0238,0.0468,0.0385,0.0385,0.0444,0.0385
india_fdi_ban_chinese_apps_2020,DGX,35,regulatory_sovereignty_shifts,0.0674,0.0932,,0.6852,regulatory_compliance_cost,0.0098,0.0342,0.0402,0.6852,0.0238,0.0468,0.0385,0.0385,0.0444,0.0385
turkey_lira_crisis_2021,DHI,25,political_transitions_volatility,0.031,-0.1317,,0.6673,revenue_market_access,0.008,0.6673,0.0396,0.0371,0.0319,0.0472,0.0398,0.0398,0.0494,0.0398
myanmar_coup_2021,DHI,25,political_transitions_volatility,0.0761,0.0827,,0.6673,revenue_market_access,0.008,0.6673,0.0396,0.0371,0.0319,0.0472,0.0398,0.0398,0.0494,0.0398
argentina_peso_devaluation_2018,DHI,25,political_transitions_volatility,-0.0344,-0.1548,,0.6673,revenue_market_access,0.008,0.6673,0.0396,0.0371,0.0319,0.0472,0.0398,0.0398,0.0494,0.0398
tiktok_project_texas_2022,DHR,35,regulatory_sovereignty_shifts,0.0757,0.1979,,0.6852,regulatory_compliance_cost,0.0098,0.0342,0.0402,0.6852,0.0238,0.0468,0.0385,0.0385,0.0444,0.0385
india_fdi_ban_chinese_apps_2020,DHR,35,regulatory_sovereignty_shifts,0.056,0.1603,,0.6852,regulatory_compliance_cost,0.0098,0.0342,0.0402,0.6852,0.0238,0.0468,0.0385,0.0385,0.0444,0.0385
australia_china_wine_tariff_2020,DINO,10,trade_policy_actions,0.1452,0.0971,,0.5369,procurement_supply_chain,0.5369,0.0498,0.0539,0.052,0.0369,0.057,0.0514,0.0514,0.0592,0.0514
australia_china_lobster_ban_2020,DINO,10,trade_policy_actions,0.1365,0.3626,,0.5369,procurement_supply_chain,0.5369,0.0498,0.0539,0.052,0.0369,0.057,0.0514,0.0514,0.0592,0.0514
us_tariffs_2025_april,DINO,10,trade_policy_actions,-0.029,0.256,,0.5369,procurement_supply_chain,0.5369,0.0498,0.0539,0.052,0.0369,0.057,0.0514,0.0514,0.0592,0.0514
south_africa_loadshedding_2023,DINO,10,resource_energy_disruptions,0.0283,-0.0827,,0.5667,procurement_supply_chain,0.5667,0.058,0.0433,0.0534,0.0479,0.0517,0.0439,0.0439,0.0474,0.0439
myanmar_coup_2021,DKNG,25,political_transitions_volatility,0.1342,0.2288,,0.6673,revenue_market_access,0.008,0.6673,0.0396,0.0371,0.0319,0.0472,0.0398,0.0398,0.0494,0.0398
turkey_lira_crisis_2021,DKS,25,political_transitions_volatility,0.0337,0.1363,,0.6673,revenue_market_access,0.008,0.6673,0.0396,0.0371,0.0319,0.0472,0.0398,0.0398,0.0494,0.0398
myanmar_coup_2021,DKS,25,political_transitions_volatility,0.1292,0.1152,,0.6673,revenue_market_access,0.008,0.6673,0.0396,0.0371,0.0319,0.0472,0.0398,0.0398,0.0494,0.0398
argentina_peso_devaluation_2018,DKS,25,political_transitions_volatility,0.0522,-0.0702,,0.6673,revenue_market_access,0.008,0.6673,0.0396,0.0371,0.0319,0.0472,0.0398,0.0398,0.0494,0.0398
hong_kong_protests_2019,DLTR,30,political_transitions_volatility,0.0535,0.0278,,0.6673,revenue_market_access,0.008,0.6673,0.0396,0.0371,0.0319,0.0472,0.0398,0.0398,0.0494,0.0398
myanmar_coup_2021,DLTR,30,political_transitions_volatility,0.0616,0.0811,,0.6673,revenue_market_access,0.008,0.6673,0.0396,0.0371,0.0319,0.0472,0.0398,0.0398,0.0494,0.0398
argentina_peso_devaluation_2018,DLTR,30,political_transitions_volatility,0.0308,0.017,,0.6673,revenue_market_access,0.008,0.6673,0.0396,0.0371,0.0319,0.0472,0.0398,0.0398,0.0494,0.0398
tiktok_project_texas_2022,DNTH,35,regulatory_sovereignty_shifts,0.1364,0.4273,,0.6852,regulatory_compliance_cost,0.0098,0.0342,0.0402,0.6852,0.0238,0.0468,0.0385,0.0385,0.0444,0.0385
india_fdi_ban_chinese_apps_2020,DNTH,35,regulatory_sovereignty_shifts,0.19,-0.0418,,0.6852,regulatory_compliance_cost,0.0098,0.0342,0.0402,0.6852,0.0238,0.0468,0.0385,0.0385,0.0444,0.0385
mexico_energy_reform_2021,DNTH,35,regulatory_sovereignty_shifts,-0.0799,-0.016,,0.6852,regulatory_compliance_cost,0.0098,0.0342,0.0402,0.6852,0.0238,0.0468,0.0385,0.0385,0.0444,0.0385
turkey_lira_crisis_2021,DNUT,30,political_transitions_volatility,-0.0553,-0.1412,,0.6673,revenue_market_access,0.008,0.6673,0.0396,0.0371,0.0319,0.0472,0.0398,0.0398,0.0494,0.0398
australia_china_lobster_ban_2020,DOW,15,trade_policy_actions,0.0971,0.1185,,0.5369,procurement_supply_chain,0.5369,0.0498,0.0539,0.052,0.0369,0.057,0.0514,0.0514,0.0592,0.0514
us_tariffs_2025_april,DOW,15,trade_policy_actions,-0.08,-0.0399,,0.5369,procurement_supply_chain,0.5369,0.0498,0.0539,0.052,0.0369,0.057,0.0514,0.0514,0.0592,0.0514
turkey_lira_crisis_2021,DPZ,25,political_transitions_volatility,0.0546,-0.1326,,0.6673,revenue_market_access,0.008,0.6673,0.0396,0.0371,0.0319,0.0472,0.0398,0.0398,0.0494,0.0398
turkey_lira_crisis_2021,DRI,25,political_transitions_volatility,0.0744,0.0079,,0.6673,revenue_market_access,0.008,0.6673,0.0396,0.0371,0.0319,0.0472,0.0398,0.0398,0.0494,0.0398
myanmar_coup_2021,DRI,25,political_transitions_volatility,0.0914,0.1774,,0.6673,revenue_market_access,0.008,0.6673,0.0396,0.0371,0.0319,0.0472,0.0398,0.0398,0.0494,0.0398
argentina_peso_devaluation_2018,DRI,25,political_transitions_volatility,0.0306,-0.0702,,0.6673,revenue_market_access,0.008,0.6673,0.0396,0.0371,0.0319,0.0472,0.0398,0.0398,0.0494,0.0398
tiktok_project_texas_2022,DTEGY,50,regulatory_sovereignty_shifts,0.0488,0.0074,,0.6852,regulatory_compliance_cost,0.0098,0.0342,0.0402,0.6852,0.0238,0.0468,0.0385,0.0385,0.0444,0.0385
mexico_energy_reform_2021,DTEGY,50,regulatory_sovereignty_shifts,-0.0425,-0.0336,,0.6852,regulatory_compliance_cost,0.0098,0.0342,0.0402,0.6852,0.0238,0.0468,0.0385,0.0385,0.0444,0.0385
us_tariffs_2025_april,DTM,10,trade_policy_actions,0.027,0.0972,,0.5369,procurement_supply_chain,0.5369,0.0498,0.0539,0.052,0.0369,0.057,0.0514,0.0514,0.0592,0.0514
tiktok_project_texas_2022,DVA,35,regulatory_sovereignty_shifts,-0.1122,-0.0339,,0.6852,regulatory_compliance_cost,0.0098,0.0342,0.0402,0.6852,0.0238,0.0468,0.0385,0.0385,0.0444,0.0385
india_fdi_ban_chinese_apps_2020,DVA,35,regulatory_sovereignty_shifts,0.0619,0.0585,,0.6852,regulatory_compliance_cost,0.0098,0.0342,0.0402,0.6852,0.0238,0.0468,0.0385,0.0385,0.0444,0.0385
mexico_energy_reform_2021,DVA,35,regulatory_sovereignty_shifts,-0.0319,-0.0953,,0.6852,regulatory_compliance_cost,0.0098,0.0342,0.0402,0.6852,0.0238,0.0468,0.0385,0.0385,0.0444,0.0385
australia_china_wine_tariff_2020,DVN,10,trade_policy_actions,0.1313,0.343,,0.5369,procurement_supply_chain,0.5369,0.0498,0.0539,0.052,0.0369,0.057,0.0514,0.0514,0.0592,0.0514
australia_china_lobster_ban_2020,DVN,10,trade_policy_actions,0.2199,0.6621,,0.5369,procurement_supply_chain,0.5369,0.0498,0.0539,0.052,0.0369,0.057,0.0514,0.0514,0.0592,0.0514
us_tariffs_2025_april,DVN,10,trade_policy_actions,-0.057,0.0023,,0.5369,procurement_supply_chain,0.5369,0.0498,0.0539,0.052,0.0369,0.057,0.0514,0.0514,0.0592,0.0514
south_africa_loadshedding_2023,DVN,10,resource_energy_disruptions,-0.076,-0.2137,,0.5667,procurement_supply_chain,0.5667,0.058,0.0433,0.0534,0.0479,0.0517,0.0439,0.0439,0.0474,0.0439
tiktok_project_texas_2022,DXCM,35,regulatory_sovereignty_shifts,0.1132,0.2832,,0.6852,regulatory_compliance_cost,0.0098,0.0342,0.0402,0.6852,0.0238,0.0468,0.0385,0.0385,0.0444,0.0385
india_fdi_ban_chinese_apps_2020,DXCM,35,regulatory_sovereignty_shifts,0.0695,0.0325,,0.6852,regulatory_compliance_cost,0.0098,0.0342,0.0402,0.6852,0.0238,0.0468,0.0385,0.0385,0.0444,0.0385
mexico_energy_reform_2021,DXCM,35,regulatory_sovereignty_shifts,-0.0379,0.1757,,0.6852,regulatory_compliance_cost,0.0098,0.0342,0.0402,0.6852,0.0238,0.0468,0.0385,0.0385,0.0444,0.0385
australia_china_wine_tariff_2020,E,10,trade_policy_actions,0.045,0.0841,,0.5369,procurement_supply_chain,0.5369,0.0498,0.0539,0.052,0.0369,0.057,0.0514,0.0514,0.0592,0.0514
australia_china_lobster_ban_2020,E,10,trade_policy_actions,0.1989,0.4084,,0.5369,procurement_supply_chain,0.5369,0.0498,0.0539,0.052,0.0369,0.057,0.0514,0.0514,0.0592,0.0514
south_africa_loadshedding_2023,E,10,resource_energy_disruptions,0.0268,-0.1252,,0.5667,procurement_supply_chain,0.5667,0.058,0.0433,0.0534,0.0479,0.0517,0.0439,0.0439,0.0474,0.0439
fukushima_2011,E,10,resource_energy_disruptions,-0.0307,0.0457,,0.5667,procurement_supply_chain,0.5667,0.058,0.0433,0.0534,0.0479,0.0517,0.0439,0.0439,0.0474,0.0439
india_fdi_ban_chinese_apps_2020,EA,50,regulatory_sovereignty_shifts,0.0313,0.0383,,0.6852,regulatory_compliance_cost,0.0098,0.0342,0.0402,0.6852,0.0238,0.0468,0.0385,0.0385,0.0444,0.0385
mexico_energy_reform_2021,EA,50,regulatory_sovereignty_shifts,-0.0251,0.0129,,0.6852,regulatory_compliance_cost,0.0098,0.0342,0.0402,0.6852,0.0238,0.0468,0.0385,0.0385,0.0444,0.0385
hong_kong_protests_2019,EAT,25,political_transitions_volatility,0.0458,0.05,,0.6673,revenue_market_access,0.008,0.6673,0.0396,0.0371,0.0319,0.0472,0.0398,0.0398,0.0494,0.0398
turkey_lira_crisis_2021,EAT,25,political_transitions_volatility,0.0569,-0.0214,,0.6673,revenue_market_access,0.008,0.6673,0.0396,0.0371,0.0319,0.0472,0.0398,0.0398,0.0494,0.0398
myanmar_coup_2021,EAT,25,political_transitions_volatility,0.0838,0.2375,,0.6673,revenue_market_access,0.008,0.6673,0.0396,0.0371,0.0319,0.0472,0.0398,0.0398,0.0494,0.0398
argentina_peso_devaluation_2018,EAT,25,political_transitions_volatility,0.1053,0.0509,,0.6673,revenue_market_access,0.008,0.6673,0.0396,0.0371,0.0319,0.0472,0.0398,0.0398,0.0494,0.0398
hong_kong_protests_2019,EBAY,25,political_transitions_volatility,0.04,0.0938,,0.6673,revenue_market_access,0.008,0.6673,0.0396,0.0371,0.0319,0.0472,0.0398,0.0398,0.0494,0.0398
turkey_lira_crisis_2021,EBAY,25,political_transitions_volatility,0.0255,-0.0554,,0.6673,revenue_market_access,0.008,0.6673,0.0396,0.0371,0.0319,0.0472,0.0398,0.0398,0.0494,0.0398
myanmar_coup_2021,EBAY,25,political_transitions_volatility,0.0918,-0.0148,,0.6673,revenue_market_access,0.008,0.6673,0.0396,0.0371,0.0319,0.0472,0.0398,0.0398,0.0494,0.0398
australia_china_wine_tariff_2020,EC,10,trade_policy_actions,0.0672,0.1726,,0.5369,procurement_supply_chain,0.5369,0.0498,0.0539,0.052,0.0369,0.057,0.0514,0.0514,0.0592,0.0514
australia_china_lobster_ban_2020,EC,10,trade_policy_actions,0.1509,0.4413,,0.5369,procurement_supply_chain,0.5369,0.0498,0.0539,0.052,0.0369,0.057,0.0514,0.0514,0.0592,0.0514
us_china_trade_war_2018,EC,10,trade_policy_actions,0.0534,0.2416,,0.5369,procurement_supply_chain,0.5369,0.0498,0.0539,0.052,0.0369,0.057,0.0514,0.0514,0.0592,0.0514
fukushima_2011,EC,10,resource_energy_disruptions,-0.0426,0.0272,,0.5667,procurement_supply_chain,0.5667,0.058,0.0433,0.0534,0.0479,0.0517,0.0439,0.0439,0.0474,0.0439
australia_china_lobster_ban_2020,ECL,15,trade_policy_actions,0.1019,0.1447,,0.5369,procurement_supply_chain,0.5369,0.0498,0.0539,0.052,0.0369,0.057,0.0514,0.0514,0.0592,0.0514
south_africa_loadshedding_2023,ECL,15,resource_energy_disruptions,0.1113,0.1039,,0.5667,procurement_supply_chain,0.5667,0.058,0.0433,0.0534,0.0479,0.0517,0.0439,0.0439,0.0474,0.0439
turkey_lira_crisis_2021,EDU,30,political_transitions_volatility,-0.0602,-0.3472,,0.6673,revenue_market_access,0.008,0.6673,0.0396,0.0371,0.0319,0.0472,0.0398,0.0398,0.0494,0.0398
myanmar_coup_2021,EDU,30,political_transitions_volatility,0.0798,-0.0146,,0.6673,revenue_market_access,0.008,0.6673,0.0396,0.0371,0.0319,0.0472,0.0398,0.0398,0.0494,0.0398
argentina_peso_devaluation_2018,EDU,30,political_transitions_volatility,-0.0881,-0.2243,,0.6673,revenue_market_access,0.008,0.6673,0.0396,0.0371,0.0319,0.0472,0.0398,0.0398,0.0494,0.0398
australia_china_wine_tariff_2020,EGO,15,trade_policy_actions,0.0619,0.0234,,0.5369,procurement_supply_chain,0.5369,0.0498,0.0539,0.052,0.0369,0.057,0.0514,0.0514,0.0592,0.0514
us_china_trade_war_2018,EGO,15,trade_policy_actions,-0.087,0.0978,,0.5369,procurement_supply_chain,0.5369,0.0498,0.0539,0.052,0.0369,0.057,0.0514,0.0514,0.0592,0.0514
us_tariffs_2025_april,EGO,15,trade_policy_actions,0.1738,0.1375,,0.5369,procurement_supply_chain,0.5369,0.0498,0.0539,0.052,0.0369,0.057,0.0514,0.0514,0.0592,0.0514
fukushima_2011,EGO,15,resource_energy_disruptions,0.0252,0.1409,,0.5667,procurement_supply_chain,0.5667,0.058,0.0433,0.0534,0.0479,0.0517,0.0439,0.0439,0.0474,0.0439
india_fdi_ban_chinese_apps_2020,EHC,35,regulatory_sovereignty_shifts,0.0275,0.0901,,0.6852,regulatory_compliance_cost,0.0098,0.0342,0.0402,0.6852,0.0238,0.0468,0.0385,0.0385,0.0444,0.0385
mexico_energy_reform_2021,EHC,35,regulatory_sovereignty_shifts,-0.0383,-0.1351,,0.6852,regulatory_compliance_cost,0.0098,0.0342,0.0402,0.6852,0.0238,0.0468,0.0385,0.0385,0.0444,0.0385
turkey_lira_crisis_2021,EL,30,political_transitions_volatility,0.0674,-0.0894,,0.6673,revenue_market_access,0.008,0.6673,0.0396,0.0371,0.0319,0.0472,0.0398,0.0398,0.0494,0.0398
myanmar_coup_2021,EL,30,political_transitions_volatility,0.16,0.1968,,0.6673,revenue_market_access,0.008,0.6673,0.0396,0.0371,0.0319,0.0472,0.0398,0.0398,0.0494,0.0398
india_fdi_ban_chinese_apps_2020,ELAN,35,regulatory_sovereignty_shifts,0.0262,0.2105,,0.6852,regulatory_compliance_cost,0.0098,0.0342,0.0402,0.6852,0.0238,0.0468,0.0385,0.0385,0.0444,0.0385
mexico_energy_reform_2021,ELAN,35,regulatory_sovereignty_shifts,0.033,0.0293,,0.6852,regulatory_compliance_cost,0.0098,0.0342,0.0402,0.6852,0.0238,0.0468,0.0385,0.0385,0.0444,0.0385
tiktok_project_texas_2022,ELV,35,regulatory_sovereignty_shifts,0.0861,0.0626,,0.6852,regulatory_compliance_cost,0.0098,0.0342,0.0402,0.6852,0.0238,0.0468,0.0385,0.0385,0.0444,0.0385
mexico_energy_reform_2021,ELV,35,regulatory_sovereignty_shifts,0.0272,0.1625,,0.6852,regulatory_compliance_cost,0.0098,0.0342,0.0402,0.6852,0.0238,0.0468,0.0385,0.0385,0.0444,0.0385
australia_china_lobster_ban_2020,EMN,15,trade_policy_actions,0.1036,0.2098,,0.5369,procurement_supply_chain,0.5369,0.0498,0.0539,0.052,0.0369,0.057,0.0514,0.0514,0.0592,0.0514
us_tariffs_2025_april,EMN,15,trade_policy_actions,-0.0576,-0.0015,,0.5369,procurement_supply_chain,0.5369,0.0498,0.0539,0.052,0.0369,0.057,0.0514,0.0514,0.0592,0.0514
australia_china_wine_tariff_2020,ENB,10,trade_policy_actions,0.0477,0.0584,,0.5369,procurement_supply_chain,0.5369,0.0498,0.0539,0.052,0.0369,0.057,0.0514,0.0514,0.0592,0.0514
australia_china_lobster_ban_2020,ENB,10,trade_policy_actions,0.097,0.2251,,0.5369,procurement_supply_chain,0.5369,0.0498,0.0539,0.052,0.0369,0.057,0.0514,0.0514,0.0592,0.0514
us_china_trade_war_2018,ENB,10,trade_policy_actions,0.0274,0.0245,,0.5369,procurement_supply_chain,0.5369,0.0498,0.0539,0.052,0.0369,0.057,0.0514,0.0514,0.0592,0.0514
us_tariffs_2025_april,ENB,10,trade_policy_actions,0.067,0.098,,0.5369,procurement_supply_chain,0.5369,0.0498,0.0539,0.052,0.0369,0.057,0.0514,0.0514,0.0592,0.0514
tiktok_project_texas_2022,ENSG,35,regulatory_sovereignty_shifts,0.0258,0.1797,,0.6852,regulatory_compliance_cost,0.0098,0.0342,0.0402,0.6852,0.0238,0.0468,0.0385,0.0385,0.0444,0.0385
mexico_energy_reform_2021,ENSG,35,regulatory_sovereignty_shifts,-0.0411,0.0865,,0.6852,regulatory_compliance_cost,0.0098,0.0342,0.0402,0.6852,0.0238,0.0468,0.0385,0.0385,0.0444,0.0385
australia_china_wine_tariff_2020,EOG,10,trade_policy_actions,0.0305,0.2141,,0.5369,procurement_supply_chain,0.5369,0.0498,0.0539,0.052,0.0369,0.057,0.0514,0.0514,0.0592,0.0514
australia_china_lobster_ban_2020,EOG,10,trade_policy_actions,0.2047,0.5049,,0.5369,procurement_supply_chain,0.5369,0.0498,0.0539,0.052,0.0369,0.057,0.0514,0.0514,0.0592,0.0514
us_tariffs_2025_april,EOG,10,trade_policy_actions,-0.0423,-0.0197,,0.5369,procurement_supply_chain,0.5369,0.0498,0.0539,0.052,0.0369,0.057,0.0514,0.0514,0.0592,0.0514
australia_china_wine_tariff_2020,EPD,10,trade_policy_actions,0.0416,0.1244,,0.5369,procurement_supply_chain,0.5369,0.0498,0.0539,0.052,0.0369,0.057,0.0514,0.0514,0.0592,0.0514
australia_china_lobster_ban_2020,EPD,10,trade_policy_actions,0.0905,0.268,,0.5369,procurement_supply_chain,0.5369,0.0498,0.0539,0.052,0.0369,0.057,0.0514,0.0514,0.0592,0.0514
us_tariffs_2025_april,EPD,10,trade_policy_actions,0.0253,0.076,,0.5369,procurement_supply_chain,0.5369,0.0498,0.0539,0.052,0.0369,0.057,0.0514,0.0514,0.0592,0.0514
south_africa_loadshedding_2023,EPD,10,resource_energy_disruptions,0.038,-0.019,,0.5667,procurement_supply_chain,0.5667,0.058,0.0433,0.0534,0.0479,0.0517,0.0439,0.0439,0.0474,0.0439
australia_china_lobster_ban_2020,EQNR,10,trade_policy_actions,0.1348,0.2889,,0.5369,procurement_supply_chain,0.5369,0.0498,0.0539,0.052,0.0369,0.057,0.0514,0.0514,0.0592,0.0514
fukushima_2011,EQNR,10,resource_energy_disruptions,0.0254,0.0609,,0.5667,procurement_supply_chain,0.5667,0.058,0.0433,0.0534,0.0479,0.0517,0.0439,0.0439,0.0474,0.0439
australia_china_wine_tariff_2020,EQT,10,trade_policy_actions,-0.0662,0.0807,,0.5369,procurement_supply_chain,0.5369,0.0498,0.0539,0.052,0.0369,0.057,0.0514,0.0514,0.0592,0.0514
australia_china_lobster_ban_2020,EQT,10,trade_policy_actions,-0.0505,-0.0841,,0.5369,procurement_supply_chain,0.5369,0.0498,0.0539,0.052,0.0369,0.057,0.0514,0.0514,0.0592,0.0514
us_china_trade_war_2018,EQT,10,trade_policy_actions,-0.0258,-0.0029,,0.5369,procurement_supply_chain,0.5369,0.0498,0.0539,0.052,0.0369,0.057,0.0514,0.0514,0.0592,0.0514
south_africa_loadshedding_2023,EQT,10,resource_energy_disruptions,0.0436,0.0067,,0.5667,procurement_supply_chain,0.5667,0.058,0.0433,0.0534,0.0479,0.0517,0.0439,0.0439,0.0474,0.0439
fukushima_2011,EQT,10,resource_energy_disruptions,0.05,0.0538,,0.5667,procurement_supply_chain,0.5667,0.058,0.0433,0.0534,0.0479,0.0517,0.0439,0.0439,0.0474,0.0439
australia_china_wine_tariff_2020,EQX,15,trade_policy_actions,0.0285,0.0651,,0.5369,procurement_supply_chain,0.5369,0.0498,0.0539,0.052,0.0369,0.057,0.0514,0.0514,0.0592,0.0514
australia_china_lobster_ban_2020,EQX,15,trade_policy_actions,-0.0987,-0.087,,0.5369,procurement_supply_chain,0.5369,0.0498,0.0539,0.052,0.0369,0.057,0.0514,0.0514,0.0592,0.0514
us_tariffs_2025_april,EQX,15,trade_policy_actions,0.1648,0.0496,,0.5369,procurement_supply_chain,0.5369,0.0498,0.0539,0.052,0.0369,0.057,0.0514,0.0514,0.0592,0.0514
china_rare_earth_controls_2023,EQX,15,resource_energy_disruptions,-0.0317,-0.1149,,0.5667,procurement_supply_chain,0.5667,0.058,0.0433,0.0534,0.0479,0.0517,0.0439,0.0439,0.0474,0.0439
south_africa_loadshedding_2023,EQX,15,resource_energy_disruptions,-0.0648,0.1796,,0.5667,procurement_supply_chain,0.5667,0.058,0.0433,0.0534,0.0479,0.0517,0.0439,0.0439,0.0474,0.0439
tiktok_project_texas_2022,ERAS,35,regulatory_sovereignty_shifts,0.1379,0.5213,,0.6852,regulatory_compliance_cost,0.0098,0.0342,0.0402,0.6852,0.0238,0.0468,0.0385,0.0385,0.0444,0.0385
mexico_energy_reform_2021,ERAS,35,regulatory_sovereignty_shifts,-0.1943,-0.0979,,0.6852,regulatory_compliance_cost,0.0098,0.0342,0.0402,0.6852,0.0238,0.0468,0.0385,0.0385,0.0444,0.0385
australia_china_wine_tariff_2020,ESI,15,trade_policy_actions,0.0586,0.3831,,0.5369,procurement_supply_chain,0.5369,0.0498,0.0539,0.052,0.0369,0.057,0.0514,0.0514,0.0592,0.0514
australia_china_lobster_ban_2020,ESI,15,trade_policy_actions,0.0881,0.4596,,0.5369,procurement_supply_chain,0.5369,0.0498,0.0539,0.052,0.0369,0.057,0.0514,0.0514,0.0592,0.0514
us_tariffs_2025_april,ESI,15,trade_policy_actions,-0.0398,0.1146,,0.5369,procurement_supply_chain,0.5369,0.0498,0.0539,0.052,0.0369,0.057,0.0514,0.0514,0.0592,0.0514
australia_china_wine_tariff_2020,ET,10,trade_policy_actions,0.0896,0.1226,,0.5369,procurement_supply_chain,0.5369,0.0498,0.0539,0.052,0.0369,0.057,0.0514,0.0514,0.0592,0.0514
fukushima_2011,ET,10,resource_energy_disruptions,0.0325,0.1332,,0.5667,procurement_supply_chain,0.5667,0.058,0.0433,0.0534,0.0479,0.0517,0.0439,0.0439,0.0474,0.0439
hong_kong_protests_2019,ETSY,25,political_transitions_volatility,0.0715,0.0615,,0.6673,revenue_market_access,0.008,0.6673,0.0396,0.0371,0.0319,0.0472,0.0398,0.0398,0.0494,0.0398
turkey_lira_crisis_2021,ETSY,25,political_transitions_volatility,0.0364,-0.3134,,0.6673,revenue_market_access,0.008,0.6673,0.0396,0.0371,0.0319,0.0472,0.0398,0.0398,0.0494,0.0398
myanmar_coup_2021,ETSY,25,political_transitions_volatility,0.137,0.0599,,0.6673,revenue_market_access,0.008,0.6673,0.0396,0.0371,0.0319,0.0472,0.0398,0.0398,0.0494,0.0398
tiktok_project_texas_2022,EW,35,regulatory_sovereignty_shifts,0.1027,0.1644,,0.6852,regulatory_compliance_cost,0.0098,0.0342,0.0402,0.6852,0.0238,0.0468,0.0385,0.0385,0.0444,0.0385
mexico_energy_reform_2021,EW,35,regulatory_sovereignty_shifts,-0.0316,0.0331,,0.6852,regulatory_compliance_cost,0.0098,0.0342,0.0402,0.6852,0.0238,0.0468,0.0385,0.0385,0.0444,0.0385
tiktok_project_texas_2022,EXEL,35,regulatory_sovereignty_shifts,0.1972,0.1579,,0.6852,regulatory_compliance_cost,0.0098,0.0342,0.0402,0.6852,0.0238,0.0468,0.0385,0.0385,0.0444,0.0385
india_fdi_ban_chinese_apps_2020,EXEL,35,regulatory_sovereignty_shifts,0.0282,-0.0466,,0.6852,regulatory_compliance_cost,0.0098,0.0342,0.0402,0.6852,0.0238,0.0468,0.0385,0.0385,0.0444,0.0385
australia_china_wine_tariff_2020,EXP,15,trade_policy_actions,0.0365,0.2426,,0.5369,procurement_supply_chain,0.5369,0.0498,0.0539,0.052,0.0369,0.057,0.0514,0.0514,0.0592,0.0514
australia_china_lobster_ban_2020,EXP,15,trade_policy_actions,-0.0266,0.0632,,0.5369,procurement_supply_chain,0.5369,0.0498,0.0539,0.052,0.0369,0.057,0.0514,0.0514,0.0592,0.0514
us_china_trade_war_2018,EXP,15,trade_policy_actions,0.0746,0.0621,,0.5369,procurement_supply_chain,0.5369,0.0498,0.0539,0.052,0.0369,0.057,0.0514,0.0514,0.0592,0.0514
us_tariffs_2025_april,EXP,15,trade_policy_actions,-0.0386,-0.0511,,0.5369,procurement_supply_chain,0.5369,0.0498,0.0539,0.052,0.0369,0.057,0.0514,0.0514,0.0592,0.0514
hong_kong_protests_2019,EXPE,25,political_transitions_volatility,0.0364,0.12,,0.6673,revenue_market_access,0.008,0.6673,0.0396,0.0371,0.0319,0.0472,0.0398,0.0398,0.0494,0.0398
turkey_lira_crisis_2021,EXPE,25,political_transitions_volatility,0.144,0.1805,,0.6673,revenue_market_access,0.008,0.6673,0.0396,0.0371,0.0319,0.0472,0.0398,0.0398,0.0494,0.0398
myanmar_coup_2021,EXPE,25,political_transitions_volatility,0.1423,0.3855,,0.6673,revenue_market_access,0.008,0.6673,0.0396,0.0371,0.0319,0.0472,0.0398,0.0398,0.0494,0.0398
hong_kong_protests_2019,F,25,political_transitions_volatility,0.0297,0.0576,,0.6673,revenue_market_access,0.008,0.6673,0.0396,0.0371,0.0319,0.0472,0.0398,0.0398,0.0494,0.0398
turkey_lira_crisis_2021,F,25,political_transitions_volatility,0.0521,0.0504,,0.6673,revenue_market_access,0.008,0.6673,0.0396,0.0371,0.0319,0.0472,0.0398,0.0398,0.0494,0.0398
myanmar_coup_2021,F,25,political_transitions_volatility,0.0674,0.1533,,0.6673,revenue_market_access,0.008,0.6673,0.0396,0.0371,0.0319,0.0472,0.0398,0.0398,0.0494,0.0398
australia_china_wine_tariff_2020,FANG,10,trade_policy_actions,0.085,0.4446,,0.5369,procurement_supply_chain,0.5369,0.0498,0.0539,0.052,0.0369,0.057,0.0514,0.0514,0.0592,0.0514
australia_china_lobster_ban_2020,FANG,10,trade_policy_actions,0.2135,0.7144,,0.5369,procurement_supply_chain,0.5369,0.0498,0.0539,0.052,0.0369,0.057,0.0514,0.0514,0.0592,0.0514
us_tariffs_2025_april,FANG,10,trade_policy_actions,-0.0349,0.0171,,0.5369,procurement_supply_chain,0.5369,0.0498,0.0539,0.052,0.0369,0.057,0.0514,0.0514,0.0592,0.0514
australia_china_wine_tariff_2020,FCX,15,trade_policy_actions,0.0655,0.3176,,0.5369,procurement_supply_chain,0.5369,0.0498,0.0539,0.052,0.0369,0.057,0.0514,0.0514,0.0592,0.0514
australia_china_lobster_ban_2020,FCX,15,trade_policy_actions,0.0559,0.2994,,0.5369,procurement_supply_chain,0.5369,0.0498,0.0539,0.052,0.0369,0.057,0.0514,0.0514,0.0592,0.0514
us_china_trade_war_2018,FCX,15,trade_policy_actions,-0.0266,-0.1433,,0.5369,procurement_supply_chain,0.5369,0.0498,0.0539,0.052,0.0369,0.057,0.0514,0.0514,0.0592,0.0514
fukushima_2011,FCX,15,resource_energy_disruptions,0.0465,0.1125,,0.5667,procurement_supply_chain,0.5667,0.058,0.0433,0.0534,0.0479,0.0517,0.0439,0.0439,0.0474,0.0439
turkey_lira_crisis_2021,FIVE,25,political_transitions_volatility,0.0798,-0.0639,,0.6673,revenue_market_access,0.008,0.6673,0.0396,0.0371,0.0319,0.0472,0.0398,0.0398,0.0494,0.0398
myanmar_coup_2021,FIVE,25,political_transitions_volatility,0.113,0.1203,,0.6673,revenue_market_access,0.008,0.6673,0.0396,0.0371,0.0319,0.0472,0.0398,0.0398,0.0494,0.0398
argentina_peso_devaluation_2018,FIVE,25,political_transitions_volatility,0.1435,0.001,,0.6673,revenue_market_access,0.008,0.6673,0.0396,0.0371,0.0319,0.0472,0.0398,0.0398,0.0494,0.0398
turkey_lira_crisis_2021,FLUT,25,political_transitions_volatility,0.0603,0.0342,,0.6673,revenue_market_access,0.008,0.6673,0.0396,0.0371,0.0319,0.0472,0.0398,0.0398,0.0494,0.0398
myanmar_coup_2021,FLUT,25,political_transitions_volatility,0.0369,0.2355,,0.6673,revenue_market_access,0.008,0.6673,0.0396,0.0371,0.0319,0.0472,0.0398,0.0398,0.0494,0.0398
hong_kong_protests_2019,FND,25,political_transitions_volatility,0.0864,0.0611,,0.6673,revenue_market_access,0.008,0.6673,0.0396,0.0371,0.0319,0.0472,0.0398,0.0398,0.0494,0.0398
turkey_lira_crisis_2021,FND,25,political_transitions_volatility,0.0801,-0.0942,,0.6673,revenue_market_access,0.008,0.6673,0.0396,0.0371,0.0319,0.0472,0.0398,0.0398,0.0494,0.0398
myanmar_coup_2021,FND,25,political_transitions_volatility,0.1209,0.0481,,0.6673,revenue_market_access,0.008,0.6673,0.0396,0.0371,0.0319,0.0472,0.0398,0.0398,0.0494,0.0398
argentina_peso_devaluation_2018,FND,25,political_transitions_volatility,-0.0502,-0.2579,,0.6673,revenue_market_access,0.008,0.6673,0.0396,0.0371,0.0319,0.0472,0.0398,0.0398,0.0494,0.0398
australia_china_lobster_ban_2020,FNV,15,trade_policy_actions,-0.0396,-0.0563,,0.5369,procurement_supply_chain,0.5369,0.0498,0.0539,0.052,0.0369,0.057,0.0514,0.0514,0.0592,0.0514
us_tariffs_2025_april,FNV,15,trade_policy_actions,0.1488,0.0919,,0.5369,procurement_supply_chain,0.5369,0.0498,0.0539,0.052,0.0369,0.057,0.0514,0.0514,0.0592,0.0514
tiktok_project_texas_2022,FOXA,50,regulatory_sovereignty_shifts,0.0302,0.0352,,0.6852,regulatory_compliance_cost,0.0098,0.0342,0.0402,0.6852,0.0238,0.0468,0.0385,0.0385,0.0444,0.0385
india_fdi_ban_chinese_apps_2020,FOXA,50,regulatory_sovereignty_shifts,-0.045,-0.0833,,0.6852,regulatory_compliance_cost,0.0098,0.0342,0.0402,0.6852,0.0238,0.0468,0.0385,0.0385,0.0444,0.0385
mexico_energy_reform_2021,FOXA,50,regulatory_sovereignty_shifts,0.036,0.0078,,0.6852,regulatory_compliance_cost,0.0098,0.0342,0.0402,0.6852,0.0238,0.0468,0.0385,0.0385,0.0444,0.0385
australia_china_lobster_ban_2020,FRO,10,trade_policy_actions,0.1613,0.1915,,0.5369,procurement_supply_chain,0.5369,0.0498,0.0539,0.052,0.0369,0.057,0.0514,0.0514,0.0592,0.0514
us_tariffs_2025_april,FRO,10,trade_policy_actions,0.0293,0.1972,,0.5369,procurement_supply_chain,0.5369,0.0498,0.0539,0.052,0.0369,0.057,0.0514,0.0514,0.0592,0.0514
china_rare_earth_controls_2023,FRO,10,resource_energy_disruptions,-0.0388,0.0297,,0.5667,procurement_supply_chain,0.5667,0.058,0.0433,0.0534,0.0479,0.0517,0.0439,0.0439,0.0474,0.0439
south_africa_loadshedding_2023,FRO,10,resource_energy_disruptions,0.0534,0.0528,,0.5667,procurement_supply_chain,0.5667,0.058,0.0433,0.0534,0.0479,0.0517,0.0439,0.0439,0.0474,0.0439
fukushima_2011,FRO,10,resource_energy_disruptions,-0.0297,-0.1303,,0.5667,procurement_supply_chain,0.5667,0.058,0.0433,0.0534,0.0479,0.0517,0.0439,0.0439,0.0474,0.0439
australia_china_wine_tariff_2020,FTI,10,trade_policy_actions,0.1449,0.4303,,0.5369,procurement_supply_chain,0.5369,0.0498,0.0539,0.052,0.0369,0.057,0.0514,0.0514,0.0592,0.0514
australia_china_lobster_ban_2020,FTI,10,trade_policy_actions,0.2073,0.6318,,0.5369,procurement_supply_chain,0.5369,0.0498,0.0539,0.052,0.0369,0.057,0.0514,0.0514,0.0592,0.0514
us_tariffs_2025_april,FTI,10,trade_policy_actions,-0.0455,0.1309,,0.5369,procurement_supply_chain,0.5369,0.0498,0.0539,0.052,0.0369,0.057,0.0514,0.0514,0.0592,0.0514
south_africa_loadshedding_2023,FTI,10,resource_energy_disruptions,0.0264,-0.0835,,0.5667,procurement_supply_chain,0.5667,0.058,0.0433,0.0534,0.0479,0.0517,0.0439,0.0439,0.0474,0.0439
tiktok_project_texas_2022,FWONA,50,regulatory_sovereignty_shifts,0.0541,0.0994,,0.6852,regulatory_compliance_cost,0.0098,0.0342,0.0402,0.6852,0.0238,0.0468,0.0385,0.0385,0.0444,0.0385
turkey_lira_crisis_2021,GAP,25,political_transitions_volatility,0.0428,0.0939,,0.6673,revenue_market_access,0.008,0.6673,0.0396,0.0371,0.0319,0.0472,0.0398,0.0398,0.0494,0.0398
myanmar_coup_2021,GAP,25,political_transitions_volatility,0.1058,0.5472,,0.6673,revenue_market_access,0.008,0.6673,0.0396,0.0371,0.0319,0.0472,0.0398,0.0398,0.0494,0.0398
argentina_peso_devaluation_2018,GAP,25,political_transitions_volatility,-0.0401,-0.1077,,0.6673,revenue_market_access,0.008,0.6673,0.0396,0.0371,0.0319,0.0472,0.0398,0.0398,0.0494,0.0398
hong_kong_protests_2019,GELHY,25,political_transitions_volatility,-0.0357,-0.0499,,0.6673,revenue_market_access,0.008,0.6673,0.0396,0.0371,0.0319,0.0472,0.0398,0.0398,0.0494,0.0398
argentina_peso_devaluation_2018,GELHY,25,political_transitions_volatility,-0.0864,-0.1552,,0.6673,revenue_market_access,0.008,0.6673,0.0396,0.0371,0.0319,0.0472,0.0398,0.0398,0.0494,0.0398
australia_china_lobster_ban_2020,GFI,15,trade_policy_actions,-0.0702,-0.2234,,0.5369,procurement_supply_chain,0.5369,0.0498,0.0539,0.052,0.0369,0.057,0.0514,0.0514,0.0592,0.0514
us_tariffs_2025_april,GFI,15,trade_policy_actions,0.1448,0.0227,,0.5369,procurement_supply_chain,0.5369,0.0498,0.0539,0.052,0.0369,0.057,0.0514,0.0514,0.0592,0.0514
china_rare_earth_controls_2023,GFI,15,resource_energy_disruptions,-0.0962,-0.1094,,0.5667,procurement_supply_chain,0.5667,0.058,0.0433,0.0534,0.0479,0.0517,0.0439,0.0439,0.0474,0.0439
south_africa_loadshedding_2023,GFI,15,resource_energy_disruptions,-0.0458,0.2246,,0.5667,procurement_supply_chain,0.5667,0.058,0.0433,0.0534,0.0479,0.0517,0.0439,0.0439,0.0474,0.0439
fukushima_2011,GFI,15,resource_energy_disruptions,-0.0558,0.0247,,0.5667,procurement_supply_chain,0.5667,0.058,0.0433,0.0534,0.0479,0.0517,0.0439,0.0439,0.0474,0.0439
australia_china_wine_tariff_2020,GGB,15,trade_policy_actions,0.0662,0.2284,,0.5369,procurement_supply_chain,0.5369,0.0498,0.0539,0.052,0.0369,0.057,0.0514,0.0514,0.0592,0.0514
australia_china_lobster_ban_2020,GGB,15,trade_policy_actions,-0.0448,0.1671,,0.5369,procurement_supply_chain,0.5369,0.0498,0.0539,0.052,0.0369,0.057,0.0514,0.0514,0.0592,0.0514
tiktok_project_texas_2022,GH,35,regulatory_sovereignty_shifts,0.1961,0.3655,,0.6852,regulatory_compliance_cost,0.0098,0.0342,0.0402,0.6852,0.0238,0.0468,0.0385,0.0385,0.0444,0.0385
india_fdi_ban_chinese_apps_2020,GH,35,regulatory_sovereignty_shifts,0.066,0.0203,,0.6852,regulatory_compliance_cost,0.0098,0.0342,0.0402,0.6852,0.0238,0.0468,0.0385,0.0385,0.0444,0.0385
mexico_energy_reform_2021,GH,35,regulatory_sovereignty_shifts,-0.0296,-0.0345,,0.6852,regulatory_compliance_cost,0.0098,0.0342,0.0402,0.6852,0.0238,0.0468,0.0385,0.0385,0.0444,0.0385
turkey_lira_crisis_2021,GHC,30,political_transitions_volatility,0.0298,0.0382,,0.6673,revenue_market_access,0.008,0.6673,0.0396,0.0371,0.0319,0.0472,0.0398,0.0398,0.0494,0.0398
myanmar_coup_2021,GHC,30,political_transitions_volatility,0.0269,0.0381,,0.6673,revenue_market_access,0.008,0.6673,0.0396,0.0371,0.0319,0.0472,0.0398,0.0398,0.0494,0.0398
hong_kong_protests_2019,GIL,25,political_transitions_volatility,0.0603,0.0801,,0.6673,revenue_market_access,0.008,0.6673,0.0396,0.0371,0.0319,0.0472,0.0398,0.0398,0.0494,0.0398
turkey_lira_crisis_2021,GIL,25,political_transitions_volatility,0.0336,0.006,,0.6673,revenue_market_access,0.008,0.6673,0.0396,0.0371,0.0319,0.0472,0.0398,0.0398,0.0494,0.0398
myanmar_coup_2021,GIL,25,political_transitions_volatility,0.0499,0.2505,,0.6673,revenue_market_access,0.008,0.6673,0.0396,0.0371,0.0319,0.0472,0.0398,0.0398,0.0494,0.0398
argentina_peso_devaluation_2018,GIL,25,political_transitions_volatility,-0.0344,-0.0257,,0.6673,revenue_market_access,0.008,0.6673,0.0396,0.0371,0.0319,0.0472,0.0398,0.0398,0.0494,0.0398
tiktok_project_texas_2022,GILD,35,regulatory_sovereignty_shifts,0.0735,0.0173,,0.6852,regulatory_compliance_cost,0.0098,0.0342,0.0402,0.6852,0.0238,0.0468,0.0385,0.0385,0.0444,0.0385
argentina_peso_devaluation_2018,GIS,30,political_transitions_volatility,0.0418,-0.0451,,0.6673,revenue_market_access,0.008,0.6673,0.0396,0.0371,0.0319,0.0472,0.0398,0.0398,0.0494,0.0398
tiktok_project_texas_2022,GKOS,35,regulatory_sovereignty_shifts,0.0957,0.2249,,0.6852,regulatory_compliance_cost,0.0098,0.0342,0.0402,0.6852,0.0238,0.0468,0.0385,0.0385,0.0444,0.0385
mexico_energy_reform_2021,GKOS,35,regulatory_sovereignty_shifts,-0.0691,0.0451,,0.6852,regulatory_compliance_cost,0.0098,0.0342,0.0402,0.6852,0.0238,0.0468,0.0385,0.0385,0.0444,0.0385
turkey_lira_crisis_2021,GLBE,25,political_transitions_volatility,0.0631,-0.3358,,0.6673,revenue_market_access,0.008,0.6673,0.0396,0.0371,0.0319,0.0472,0.0398,0.0398,0.0494,0.0398
australia_china_wine_tariff_2020,GLNG,10,trade_policy_actions,-0.0612,0.2289,,0.5369,procurement_supply_chain,0.5369,0.0498,0.0539,0.052,0.0369,0.057,0.0514,0.0514,0.0592,0.0514
australia_china_lobster_ban_2020,GLNG,10,trade_policy_actions,0.1458,0.1825,,0.5369,procurement_supply_chain,0.5369,0.0498,0.0539,0.052,0.0369,0.057,0.0514,0.0514,0.0592,0.0514
us_tariffs_2025_april,GLNG,10,trade_policy_actions,0.0632,0.0672,,0.5369,procurement_supply_chain,0.5369,0.0498,0.0539,0.052,0.0369,0.057,0.0514,0.0514,0.0592,0.0514
fukushima_2011,GLNG,10,resource_energy_disruptions,0.2318,0.6427,,0.5667,procurement_supply_chain,0.5667,0.058,0.0433,0.0534,0.0479,0.0517,0.0439,0.0439,0.0474,0.0439
turkey_lira_crisis_2021,GM,25,political_transitions_volatility,0.0412,-0.0198,,0.6673,revenue_market_access,0.008,0.6673,0.0396,0.0371,0.0319,0.0472,0.0398,0.0398,0.0494,0.0398
myanmar_coup_2021,GM,25,political_transitions_volatility,0.1043,0.1089,,0.6673,revenue_market_access,0.008,0.6673,0.0396,0.0371,0.0319,0.0472,0.0398,0.0398,0.0494,0.0398
argentina_peso_devaluation_2018,GM,25,political_transitions_volatility,-0.0572,-0.1162,,0.6673,revenue_market_access,0.008,0.6673,0.0396,0.0371,0.0319,0.0472,0.0398,0.0398,0.0494,0.0398
tiktok_project_texas_2022,GMAB,35,regulatory_sovereignty_shifts,0.1349,0.2197,,0.6852,regulatory_compliance_cost,0.0098,0.0342,0.0402,0.6852,0.0238,0.0468,0.0385,0.0385,0.0444,0.0385
india_fdi_ban_chinese_apps_2020,GMAB,35,regulatory_sovereignty_shifts,0.0536,0.0993,,0.6852,regulatory_compliance_cost,0.0098,0.0342,0.0402,0.6852,0.0238,0.0468,0.0385,0.0385,0.0444,0.0385
hong_kong_protests_2019,GME,25,political_transitions_volatility,0.1355,-0.1853,,0.6673,revenue_market_access,0.008,0.6673,0.0396,0.0371,0.0319,0.0472,0.0398,0.0398,0.0494,0.0398
turkey_lira_crisis_2021,GME,25,political_transitions_volatility,-0.0471,-0.2765,,0.6673,revenue_market_access,0.008,0.6673,0.0396,0.0371,0.0319,0.0472,0.0398,0.0398,0.0494,0.0398
myanmar_coup_2021,GME,25,political_transitions_volatility,-0.7333,-0.0748,,0.6673,revenue_market_access,0.008,0.6673,0.0396,0.0371,0.0319,0.0472,0.0398,0.0398,0.0494,0.0398
argentina_peso_devaluation_2018,GME,25,political_transitions_volatility,0.1878,0.1151,,0.6673,revenue_market_access,0.008,0.6673,0.0396,0.0371,0.0319,0.0472,0.0398,0.0398,0.0494,0.0398
tiktok_project_texas_2022,GMED,35,regulatory_sovereignty_shifts,0.0778,0.1021,,0.6852,regulatory_compliance_cost,0.0098,0.0342,0.0402,0.6852,0.0238,0.0468,0.0385,0.0385,0.0444,0.0385
india_fdi_ban_chinese_apps_2020,GMED,35,regulatory_sovereignty_shifts,-0.0451,0.1405,,0.6852,regulatory_compliance_cost,0.0098,0.0342,0.0402,0.6852,0.0238,0.0468,0.0385,0.0385,0.0444,0.0385
mexico_energy_reform_2021,GMED,35,regulatory_sovereignty_shifts,-0.0371,-0.0659,,0.6852,regulatory_compliance_cost,0.0098,0.0342,0.0402,0.6852,0.0238,0.0468,0.0385,0.0385,0.0444,0.0385
turkey_lira_crisis_2021,GNTX,25,political_transitions_volatility,0.0326,-0.0436,,0.6673,revenue_market_access,0.008,0.6673,0.0396,0.0371,0.0319,0.0472,0.0398,0.0398,0.0494,0.0398
myanmar_coup_2021,GNTX,25,political_transitions_volatility,0.0376,0.0832,,0.6673,revenue_market_access,0.008,0.6673,0.0396,0.0371,0.0319,0.0472,0.0398,0.0398,0.0494,0.0398
hong_kong_protests_2019,GOLF,25,political_transitions_volatility,0.0639,0.0607,,0.6673,revenue_market_access,0.008,0.6673,0.0396,0.0371,0.0319,0.0472,0.0398,0.0398,0.0494,0.0398
myanmar_coup_2021,GOLF,25,political_transitions_volatility,0.1167,0.0138,,0.6673,revenue_market_access,0.008,0.6673,0.0396,0.0371,0.0319,0.0472,0.0398,0.0398,0.0494,0.0398
tiktok_project_texas_2022,GOOGL,50,regulatory_sovereignty_shifts,0.0811,0.0745,,0.6852,regulatory_compliance_cost,0.0098,0.0342,0.0402,0.6852,0.0238,0.0468,0.0385,0.0385,0.0444,0.0385
india_fdi_ban_chinese_apps_2020,GOOGL,50,regulatory_sovereignty_shifts,0.0664,0.0597,,0.6852,regulatory_compliance_cost,0.0098,0.0342,0.0402,0.6852,0.0238,0.0468,0.0385,0.0385,0.0444,0.0385
turkey_lira_crisis_2021,GPC,25,political_transitions_volatility,0.0335,0.0077,,0.6673,revenue_market_access,0.008,0.6673,0.0396,0.0371,0.0319,0.0472,0.0398,0.0398,0.0494,0.0398
myanmar_coup_2021,GPC,25,political_transitions_volatility,0.0939,0.2177,,0.6673,revenue_market_access,0.008,0.6673,0.0396,0.0371,0.0319,0.0472,0.0398,0.0398,0.0494,0.0398
argentina_peso_devaluation_2018,GPC,25,political_transitions_volatility,0.0307,-0.0358,,0.6673,revenue_market_access,0.008,0.6673,0.0396,0.0371,0.0319,0.0472,0.0398,0.0398,0.0494,0.0398
tiktok_project_texas_2022,GRFS,35,regulatory_sovereignty_shifts,0.1115,-0.2835,,0.6852,regulatory_compliance_cost,0.0098,0.0342,0.0402,0.6852,0.0238,0.0468,0.0385,0.0385,0.0444,0.0385
mexico_energy_reform_2021,GRFS,35,regulatory_sovereignty_shifts,-0.0302,-0.196,,0.6852,regulatory_compliance_cost,0.0098,0.0342,0.0402,0.6852,0.0238,0.0468,0.0385,0.0385,0.0444,0.0385
tiktok_project_texas_2022,GSAT,50,regulatory_sovereignty_shifts,0.1008,0.1765,,0.6852,regulatory_compliance_cost,0.0098,0.0342,0.0402,0.6852,0.0238,0.0468,0.0385,0.0385,0.0444,0.0385
india_fdi_ban_chinese_apps_2020,GSAT,50,regulatory_sovereignty_shifts,0.1935,0.2258,,0.6852,regulatory_compliance_cost,0.0098,0.0342,0.0402,0.6852,0.0238,0.0468,0.0385,0.0385,0.0444,0.0385
mexico_energy_reform_2021,GSAT,50,regulatory_sovereignty_shifts,-0.0325,0.0779,,0.6852,regulatory_compliance_cost,0.0098,0.0342,0.0402,0.6852,0.0238,0.0468,0.0385,0.0385,0.0444,0.0385
tiktok_project_texas_2022,GSK,35,regulatory_sovereignty_shifts,0.0589,-0.0022,,0.6852,regulatory_compliance_cost,0.0098,0.0342,0.0402,0.6852,0.0238,0.0468,0.0385,0.0385,0.0444,0.0385
australia_china_wine_tariff_2020,HAL,10,trade_policy_actions,0.1094,0.2636,,0.5369,procurement_supply_chain,0.5369,0.0498,0.0539,0.052,0.0369,0.057,0.0514,0.0514,0.0592,0.0514
australia_china_lobster_ban_2020,HAL,10,trade_policy_actions,0.107,0.5545,,0.5369,procurement_supply_chain,0.5369,0.0498,0.0539,0.052,0.0369,0.057,0.0514,0.0514,0.0592,0.0514
us_tariffs_2025_april,HAL,10,trade_policy_actions,-0.029,-0.0956,,0.5369,procurement_supply_chain,0.5369,0.0498,0.0539,0.052,0.0369,0.057,0.0514,0.0514,0.0592,0.0514
tiktok_project_texas_2022,HALO,35,regulatory_sovereignty_shifts,0.0657,0.0859,,0.6852,regulatory_compliance_cost,0.0098,0.0342,0.0402,0.6852,0.0238,0.0468,0.0385,0.0385,0.0444,0.0385
india_fdi_ban_chinese_apps_2020,HALO,35,regulatory_sovereignty_shifts,0.0763,0.0922,,0.6852,regulatory_compliance_cost,0.0098,0.0342,0.0402,0.6852,0.0238,0.0468,0.0385,0.0385,0.0444,0.0385
mexico_energy_reform_2021,HALO,35,regulatory_sovereignty_shifts,-0.0807,-0.0439,,0.6852,regulatory_compliance_cost,0.0098,0.0342,0.0402,0.6852,0.0238,0.0468,0.0385,0.0385,0.0444,0.0385
australia_china_wine_tariff_2020,HBM,15,trade_policy_actions,0.1263,0.074,,0.5369,procurement_supply_chain,0.5369,0.0498,0.0539,0.052,0.0369,0.057,0.0514,0.0514,0.0592,0.0514
australia_china_lobster_ban_2020,HBM,15,trade_policy_actions,0.0422,0.3373,,0.5369,procurement_supply_chain,0.5369,0.0498,0.0539,0.052,0.0369,0.057,0.0514,0.0514,0.0592,0.0514
us_china_trade_war_2018,HBM,15,trade_policy_actions,-0.0596,-0.0728,,0.5369,procurement_supply_chain,0.5369,0.0498,0.0539,0.052,0.0369,0.057,0.0514,0.0514,0.0592,0.0514
south_africa_loadshedding_2023,HBM,15,resource_energy_disruptions,-0.0302,-0.0875,,0.5667,procurement_supply_chain,0.5667,0.058,0.0433,0.0534,0.0479,0.0517,0.0439,0.0439,0.0474,0.0439
tiktok_project_texas_2022,HCA,35,regulatory_sovereignty_shifts,0.0388,0.2217,,0.6852,regulatory_compliance_cost,0.0098,0.0342,0.0402,0.6852,0.0238,0.0468,0.0385,0.0385,0.0444,0.0385
mexico_energy_reform_2021,HCA,35,regulatory_sovereignty_shifts,-0.0297,-0.0102,,0.6852,regulatory_compliance_cost,0.0098,0.0342,0.0402,0.6852,0.0238,0.0468,0.0385,0.0385,0.0444,0.0385
hong_kong_protests_2019,HD,25,political_transitions_volatility,0.0491,0.08,,0.6673,revenue_market_access,0.008,0.6673,0.0396,0.0371,0.0319,0.0472,0.0398,0.0398,0.0494,0.0398
turkey_lira_crisis_2021,HD,25,political_transitions_volatility,0.0415,-0.0497,,0.6673,revenue_market_access,0.008,0.6673,0.0396,0.0371,0.0319,0.0472,0.0398,0.0398,0.0494,0.0398
myanmar_coup_2021,HD,25,political_transitions_volatility,0.0369,0.051,,0.6673,revenue_market_access,0.008,0.6673,0.0396,0.0371,0.0319,0.0472,0.0398,0.0398,0.0494,0.0398
argentina_peso_devaluation_2018,HD,25,political_transitions_volatility,0.035,-0.0341,,0.6673,revenue_market_access,0.008,0.6673,0.0396,0.0371,0.0319,0.0472,0.0398,0.0398,0.0494,0.0398
australia_china_wine_tariff_2020,HESM,10,trade_policy_actions,0.0658,0.173,,0.5369,procurement_supply_chain,0.5369,0.0498,0.0539,0.052,0.0369,0.057,0.0514,0.0514,0.0592,0.0514
australia_china_lobster_ban_2020,HESM,10,trade_policy_actions,0.0647,0.3116,,0.5369,procurement_supply_chain,0.5369,0.0498,0.0539,0.052,0.0369,0.057,0.0514,0.0514,0.0592,0.0514
tiktok_project_texas_2022,HIMS,35,regulatory_sovereignty_shifts,0.0943,0.4759,,0.6852,regulatory_compliance_cost,0.0098,0.0342,0.0402,0.6852,0.0238,0.0468,0.0385,0.0385,0.0444,0.0385
argentina_peso_devaluation_2018,HKHHY,30,political_transitions_volatility,-0.0353,-0.1213,,0.6673,revenue_market_access,0.008,0.6673,0.0396,0.0371,0.0319,0.0472,0.0398,0.0398,0.0494,0.0398
australia_china_wine_tariff_2020,HL,15,trade_policy_actions,0.0814,0.2735,,0.5369,procurement_supply_chain,0.5369,0.0498,0.0539,0.052,0.0369,0.057,0.0514,0.0514,0.0592,0.0514
australia_china_lobster_ban_2020,HL,15,trade_policy_actions,0.0334,0.1453,,0.5369,procurement_supply_chain,0.5369,0.0498,0.0539,0.052,0.0369,0.057,0.0514,0.0514,0.0592,0.0514
us_china_trade_war_2018,HL,15,trade_policy_actions,0.0338,0.107,,0.5369,procurement_supply_chain,0.5369,0.0498,0.0539,0.052,0.0369,0.057,0.0514,0.0514,0.0592,0.0514
us_tariffs_2025_april,HL,15,trade_policy_actions,0.1345,-0.0492,,0.5369,procurement_supply_chain,0.5369,0.0498,0.0539,0.052,0.0369,0.057,0.0514,0.0514,0.0592,0.0514
china_rare_earth_controls_2023,HL,15,resource_energy_disruptions,-0.0341,-0.2651,,0.5667,procurement_supply_chain,0.5667,0.058,0.0433,0.0534,0.0479,0.0517,0.0439,0.0439,0.0474,0.0439
south_africa_loadshedding_2023,HL,15,resource_energy_disruptions,-0.1056,0.0417,,0.5667,procurement_supply_chain,0.5667,0.058,0.0433,0.0534,0.0479,0.0517,0.0439,0.0439,0.0474,0.0439
fukushima_2011,HL,15,resource_energy_disruptions,-0.0733,0.0311,,0.5667,procurement_supply_chain,0.5667,0.058,0.0433,0.0534,0.0479,0.0517,0.0439,0.0439,0.0474,0.0439
turkey_lira_crisis_2021,HLT,25,political_transitions_volatility,0.1018,0.0339,,0.6673,revenue_market_access,0.008,0.6673,0.0396,0.0371,0.0319,0.0472,0.0398,0.0398,0.0494,0.0398
myanmar_coup_2021,HLT,25,political_transitions_volatility,0.102,0.2162,,0.6673,revenue_market_access,0.008,0.6673,0.0396,0.0371,0.0319,0.0472,0.0398,0.0398,0.0494,0.0398
myanmar_coup_2021,HMC,25,political_transitions_volatility,0.0849,0.1531,,0.6673,revenue_market_access,0.008,0.6673,0.0396,0.0371,0.0319,0.0472,0.0398,0.0398,0.0494,0.0398
argentina_peso_devaluation_2018,HMC,25,political_transitions_volatility,-0.046,-0.088,,0.6673,revenue_market_access,0.008,0.6673,0.0396,0.0371,0.0319,0.0472,0.0398,0.0398,0.0494,0.0398
australia_china_lobster_ban_2020,HMY,15,trade_policy_actions,-0.0474,-0.1347,,0.5369,procurement_supply_chain,0.5369,0.0498,0.0539,0.052,0.0369,0.057,0.0514,0.0514,0.0592,0.0514
us_tariffs_2025_april,HMY,15,trade_policy_actions,0.2338,0.041,,0.5369,procurement_supply_chain,0.5369,0.0498,0.0539,0.052,0.0369,0.057,0.0514,0.0514,0.0592,0.0514
south_africa_loadshedding_2023,HMY,15,resource_energy_disruptions,-0.0387,0.2054,,0.5667,procurement_supply_chain,0.5667,0.058,0.0433,0.0534,0.0479,0.0517,0.0439,0.0439,0.0474,0.0439
fukushima_2011,HMY,15,resource_energy_disruptions,-0.0481,0.2197,,0.5667,procurement_supply_chain,0.5667,0.058,0.0433,0.0534,0.0479,0.0517,0.0439,0.0439,0.0474,0.0439
tiktok_project_texas_2022,HQY,35,regulatory_sovereignty_shifts,-0.026,-0.1585,,0.6852,regulatory_compliance_cost,0.0098,0.0342,0.0402,0.6852,0.0238,0.0468,0.0385,0.0385,0.0444,0.0385
mexico_energy_reform_2021,HQY,35,regulatory_sovereignty_shifts,-0.0316,0.0136,,0.6852,regulatory_compliance_cost,0.0098,0.0342,0.0402,0.6852,0.0238,0.0468,0.0385,0.0385,0.0444,0.0385
hong_kong_protests_2019,HRL,30,political_transitions_volatility,-0.0259,-0.0164,,0.6673,revenue_market_access,0.008,0.6673,0.0396,0.0371,0.0319,0.0472,0.0398,0.0398,0.0494,0.0398
myanmar_coup_2021,HRL,30,political_transitions_volatility,0.0614,0.0279,,0.6673,revenue_market_access,0.008,0.6673,0.0396,0.0371,0.0319,0.0472,0.0398,0.0398,0.0494,0.0398
argentina_peso_devaluation_2018,HRL,30,political_transitions_volatility,0.0711,0.0296,,0.6673,revenue_market_access,0.008,0.6673,0.0396,0.0371,0.0319,0.0472,0.0398,0.0398,0.0494,0.0398
tiktok_project_texas_2022,HSIC,35,regulatory_sovereignty_shifts,0.0558,0.0218,,0.6852,regulatory_compliance_cost,0.0098,0.0342,0.0402,0.6852,0.0238,0.0468,0.0385,0.0385,0.0444,0.0385
myanmar_coup_2021,HSY,30,political_transitions_volatility,0.0291,0.0634,,0.6673,revenue_market_access,0.008,0.6673,0.0396,0.0371,0.0319,0.0472,0.0398,0.0398,0.0494,0.0398
argentina_peso_devaluation_2018,HSY,30,political_transitions_volatility,0.0372,0.0349,,0.6673,revenue_market_access,0.008,0.6673,0.0396,0.0371,0.0319,0.0472,0.0398,0.0398,0.0494,0.0398
turkey_lira_crisis_2021,HTHT,25,political_transitions_volatility,0.0512,0.126,,0.6673,revenue_market_access,0.008,0.6673,0.0396,0.0371,0.0319,0.0472,0.0398,0.0398,0.0494,0.0398
myanmar_coup_2021,HTHT,25,political_transitions_volatility,0.2356,0.2903,,0.6673,revenue_market_access,0.008,0.6673,0.0396,0.0371,0.0319,0.0472,0.0398,0.0398,0.0494,0.0398
argentina_peso_devaluation_2018,HTHT,25,political_transitions_volatility,-0.0705,-0.16,,0.6673,revenue_market_access,0.008,0.6673,0.0396,0.0371,0.0319,0.0472,0.0398,0.0398,0.0494,0.0398
tiktok_project_texas_2022,HUM,35,regulatory_sovereignty_shifts,0.0839,0.1185,,0.6852,regulatory_compliance_cost,0.0098,0.0342,0.0402,0.6852,0.0238,0.0468,0.0385,0.0385,0.0444,0.0385
india_fdi_ban_chinese_apps_2020,HUM,35,regulatory_sovereignty_shifts,0.0325,0.096,,0.6852,regulatory_compliance_cost,0.0098,0.0342,0.0402,0.6852,0.0238,0.0468,0.0385,0.0385,0.0444,0.0385
mexico_energy_reform_2021,HUM,35,regulatory_sovereignty_shifts,0.0542,0.1376,,0.6852,regulatory_compliance_cost,0.0098,0.0342,0.0402,0.6852,0.0238,0.0468,0.0385,0.0385,0.0444,0.0385
australia_china_wine_tariff_2020,IAG,15,trade_policy_actions,0.0509,0.021,,0.5369,procurement_supply_chain,0.5369,0.0498,0.0539,0.052,0.0369,0.057,0.0514,0.0514,0.0592,0.0514
australia_china_lobster_ban_2020,IAG,15,trade_policy_actions,-0.0726,-0.0242,,0.5369,procurement_supply_chain,0.5369,0.0498,0.0539,0.052,0.0369,0.057,0.0514,0.0514,0.0592,0.0514
us_tariffs_2025_april,IAG,15,trade_policy_actions,0.2427,0.0092,,0.5369,procurement_supply_chain,0.5369,0.0498,0.0539,0.052,0.0369,0.057,0.0514,0.0514,0.0592,0.0514
china_rare_earth_controls_2023,IAG,15,resource_energy_disruptions,-0.0453,-0.0604,,0.5667,procurement_supply_chain,0.5667,0.058,0.0433,0.0534,0.0479,0.0517,0.0439,0.0439,0.0474,0.0439
south_africa_loadshedding_2023,IAG,15,resource_energy_disruptions,-0.05,-0.0115,,0.5667,procurement_supply_chain,0.5667,0.058,0.0433,0.0534,0.0479,0.0517,0.0439,0.0439,0.0474,0.0439
turkey_lira_crisis_2021,IBP,25,political_transitions_volatility,0.0605,-0.154,,0.6673,revenue_market_access,0.008,0.6673,0.0396,0.0371,0.0319,0.0472,0.0398,0.0398,0.0494,0.0398
myanmar_coup_2021,IBP,25,political_transitions_volatility,0.0914,0.0235,,0.6673,revenue_market_access,0.008,0.6673,0.0396,0.0371,0.0319,0.0472,0.0398,0.0398,0.0494,0.0398
tiktok_project_texas_2022,IBRX,35,regulatory_sovereignty_shifts,0.2334,0.1767,,0.6852,regulatory_compliance_cost,0.0098,0.0342,0.0402,0.6852,0.0238,0.0468,0.0385,0.0385,0.0444,0.0385
india_fdi_ban_chinese_apps_2020,IBRX,35,regulatory_sovereignty_shifts,0.1331,-0.1266,,0.6852,regulatory_compliance_cost,0.0098,0.0342,0.0402,0.6852,0.0238,0.0468,0.0385,0.0385,0.0444,0.0385
mexico_energy_reform_2021,IBRX,35,regulatory_sovereignty_shifts,-0.1199,-0.2288,,0.6852,regulatory_compliance_cost,0.0098,0.0342,0.0402,0.6852,0.0238,0.0468,0.0385,0.0385,0.0444,0.0385
australia_china_lobster_ban_2020,ICL,15,trade_policy_actions,0.0331,0.3048,,0.5369,procurement_supply_chain,0.5369,0.0498,0.0539,0.052,0.0369,0.057,0.0514,0.0514,0.0592,0.0514
us_tariffs_2025_april,ICL,15,trade_policy_actions,0.0277,0.0326,,0.5369,procurement_supply_chain,0.5369,0.0498,0.0539,0.052,0.0369,0.057,0.0514,0.0514,0.0592,0.0514
south_africa_loadshedding_2023,ICL,15,resource_energy_disruptions,-0.0403,-0.11,,0.5667,procurement_supply_chain,0.5667,0.058,0.0433,0.0534,0.0479,0.0517,0.0439,0.0439,0.0474,0.0439
tiktok_project_texas_2022,ICLR,35,regulatory_sovereignty_shifts,0.0996,0.1404,,0.6852,regulatory_compliance_cost,0.0098,0.0342,0.0402,0.6852,0.0238,0.0468,0.0385,0.0385,0.0444,0.0385
india_fdi_ban_chinese_apps_2020,ICLR,35,regulatory_sovereignty_shifts,0.0578,0.1564,,0.6852,regulatory_compliance_cost,0.0098,0.0342,0.0402,0.6852,0.0238,0.0468,0.0385,0.0385,0.0444,0.0385
tiktok_project_texas_2022,IDXX,35,regulatory_sovereignty_shifts,0.0944,0.2161,,0.6852,regulatory_compliance_cost,0.0098,0.0342,0.0402,0.6852,0.0238,0.0468,0.0385,0.0385,0.0444,0.0385
india_fdi_ban_chinese_apps_2020,IDXX,35,regulatory_sovereignty_shifts,0.0287,0.1407,,0.6852,regulatory_compliance_cost,0.0098,0.0342,0.0402,0.6852,0.0238,0.0468,0.0385,0.0385,0.0444,0.0385
fukushima_2011,IEP,10,resource_energy_disruptions,-0.1136,0.0121,,0.5667,procurement_supply_chain,0.5667,0.058,0.0433,0.0534,0.0479,0.0517,0.0439,0.0439,0.0474,0.0439
australia_china_wine_tariff_2020,IFF,15,trade_policy_actions,0.0277,0.124,,0.5369,procurement_supply_chain,0.5369,0.0498,0.0539,0.052,0.0369,0.057,0.0514,0.0514,0.0592,0.0514
australia_china_lobster_ban_2020,IFF,15,trade_policy_actions,0.0486,0.0456,,0.5369,procurement_supply_chain,0.5369,0.0498,0.0539,0.052,0.0369,0.057,0.0514,0.0514,0.0592,0.0514
us_china_trade_war_2018,IFF,15,trade_policy_actions,0.0328,0.0723,,0.5369,procurement_supply_chain,0.5369,0.0498,0.0539,0.052,0.0369,0.057,0.0514,0.0514,0.0592,0.0514
us_tariffs_2025_april,IFF,15,trade_policy_actions,-0.0262,0.0377,,0.5369,procurement_supply_chain,0.5369,0.0498,0.0539,0.052,0.0369,0.057,0.0514,0.0514,0.0592,0.0514
south_africa_loadshedding_2023,IFF,15,resource_energy_disruptions,0.0513,-0.0685,,0.5667,procurement_supply_chain,0.5667,0.058,0.0433,0.0534,0.0479,0.0517,0.0439,0.0439,0.0474,0.0439
fukushima_2011,IFF,15,resource_energy_disruptions,0.0295,0.0988,,0.5667,procurement_supply_chain,0.5667,0.058,0.0433,0.0534,0.0479,0.0517,0.0439,0.0439,0.0474,0.0439
turkey_lira_crisis_2021,IHG,25,political_transitions_volatility,0.0872,0.1384,,0.6673,revenue_market_access,0.008,0.6673,0.0396,0.0371,0.0319,0.0472,0.0398,0.0398,0.0494,0.0398
myanmar_coup_2021,IHG,25,political_transitions_volatility,0.0959,0.1435,,0.6673,revenue_market_access,0.008,0.6673,0.0396,0.0371,0.0319,0.0472,0.0398,0.0398,0.0494,0.0398
argentina_peso_devaluation_2018,IHG,25,political_transitions_volatility,-0.0407,-0.0973,,0.6673,revenue_market_access,0.008,0.6673,0.0396,0.0371,0.0319,0.0472,0.0398,0.0398,0.0494,0.0398
tiktok_project_texas_2022,ILMN,35,regulatory_sovereignty_shifts,0.0324,0.1701,,0.6852,regulatory_compliance_cost,0.0098,0.0342,0.0402,0.6852,0.0238,0.0468,0.0385,0.0385,0.0444,0.0385
india_fdi_ban_chinese_apps_2020,ILMN,35,regulatory_sovereignty_shifts,0.0271,-0.0582,,0.6852,regulatory_compliance_cost,0.0098,0.0342,0.0402,0.6852,0.0238,0.0468,0.0385,0.0385,0.0444,0.0385
mexico_energy_reform_2021,ILMN,35,regulatory_sovereignty_shifts,0.0384,-0.0288,,0.6852,regulatory_compliance_cost,0.0098,0.0342,0.0402,0.6852,0.0238,0.0468,0.0385,0.0385,0.0444,0.0385
australia_china_lobster_ban_2020,IMO,10,trade_policy_actions,0.1766,0.3411,,0.5369,procurement_supply_chain,0.5369,0.0498,0.0539,0.052,0.0369,0.057,0.0514,0.0514,0.0592,0.0514
us_tariffs_2025_april,IMO,10,trade_policy_actions,-0.0379,0.1022,,0.5369,procurement_supply_chain,0.5369,0.0498,0.0539,0.052,0.0369,0.057,0.0514,0.0514,0.0592,0.0514
tiktok_project_texas_2022,IMVT,35,regulatory_sovereignty_shifts,0.1866,0.1086,,0.6852,regulatory_compliance_cost,0.0098,0.0342,0.0402,0.6852,0.0238,0.0468,0.0385,0.0385,0.0444,0.0385
tiktok_project_texas_2022,INCY,35,regulatory_sovereignty_shifts,0.0854,0.0184,,0.6852,regulatory_compliance_cost,0.0098,0.0342,0.0402,0.6852,0.0238,0.0468,0.0385,0.0385,0.0444,0.0385
india_fdi_ban_chinese_apps_2020,INCY,35,regulatory_sovereignty_shifts,0.0602,-0.0927,,0.6852,regulatory_compliance_cost,0.0098,0.0342,0.0402,0.6852,0.0238,0.0468,0.0385,0.0385,0.0444,0.0385
mexico_energy_reform_2021,INCY,35,regulatory_sovereignty_shifts,-0.034,-0.0381,,0.6852,regulatory_compliance_cost,0.0098,0.0342,0.0402,0.6852,0.0238,0.0468,0.0385,0.0385,0.0444,0.0385
myanmar_coup_2021,INGR,30,political_transitions_volatility,0.1523,0.2383,,0.6673,revenue_market_access,0.008,0.6673,0.0396,0.0371,0.0319,0.0472,0.0398,0.0398,0.0494,0.0398
tiktok_project_texas_2022,INSM,35,regulatory_sovereignty_shifts,0.1329,0.1286,,0.6852,regulatory_compliance_cost,0.0098,0.0342,0.0402,0.6852,0.0238,0.0468,0.0385,0.0385,0.0444,0.0385
india_fdi_ban_chinese_apps_2020,INSM,35,regulatory_sovereignty_shifts,0.0294,0.0756,,0.6852,regulatory_compliance_cost,0.0098,0.0342,0.0402,0.6852,0.0238,0.0468,0.0385,0.0385,0.0444,0.0385
mexico_energy_reform_2021,INSM,35,regulatory_sovereignty_shifts,0.0394,0.1636,,0.6852,regulatory_compliance_cost,0.0098,0.0342,0.0402,0.6852,0.0238,0.0468,0.0385,0.0385,0.0444,0.0385
tiktok_project_texas_2022,IONS,35,regulatory_sovereignty_shifts,0.1157,0.0545,,0.6852,regulatory_compliance_cost,0.0098,0.0342,0.0402,0.6852,0.0238,0.0468,0.0385,0.0385,0.0444,0.0385
india_fdi_ban_chinese_apps_2020,IONS,35,regulatory_sovereignty_shifts,0.0335,-0.1007,,0.6852,regulatory_compliance_cost,0.0098,0.0342,0.0402,0.6852,0.0238,0.0468,0.0385,0.0385,0.0444,0.0385
hong_kong_protests_2019,IP,25,political_transitions_volatility,-0.0556,-0.032,,0.6673,revenue_market_access,0.008,0.6673,0.0396,0.0371,0.0319,0.0472,0.0398,0.0398,0.0494,0.0398
myanmar_coup_2021,IP,25,political_transitions_volatility,-0.0392,0.0767,,0.6673,revenue_market_access,0.008,0.6673,0.0396,0.0371,0.0319,0.0472,0.0398,0.0398,0.0494,0.0398
tiktok_project_texas_2022,IQV,35,regulatory_sovereignty_shifts,0.0993,0.1851,,0.6852,regulatory_compliance_cost,0.0098,0.0342,0.0402,0.6852,0.0238,0.0468,0.0385,0.0385,0.0444,0.0385
india_fdi_ban_chinese_apps_2020,IQV,35,regulatory_sovereignty_shifts,0.0321,0.1584,,0.6852,regulatory_compliance_cost,0.0098,0.0342,0.0402,0.6852,0.0238,0.0468,0.0385,0.0385,0.0444,0.0385
tiktok_project_texas_2022,ISRG,35,regulatory_sovereignty_shifts,0.0826,0.2416,,0.6852,regulatory_compliance_cost,0.0098,0.0342,0.0402,0.6852,0.0238,0.0468,0.0385,0.0385,0.0444,0.0385
india_fdi_ban_chinese_apps_2020,ISRG,35,regulatory_sovereignty_shifts,0.039,0.2189,,0.6852,regulatory_compliance_cost,0.0098,0.0342,0.0402,0.6852,0.0238,0.0468,0.0385,0.0385,0.0444,0.0385
tiktok_project_texas_2022,JAZZ,35,regulatory_sovereignty_shifts,0.0964,0.0689,,0.6852,regulatory_compliance_cost,0.0098,0.0342,0.0402,0.6852,0.0238,0.0468,0.0385,0.0385,0.0444,0.0385
mexico_energy_reform_2021,JAZZ,35,regulatory_sovereignty_shifts,0.0462,0.0736,,0.6852,regulatory_compliance_cost,0.0098,0.0342,0.0402,0.6852,0.0238,0.0468,0.0385,0.0385,0.0444,0.0385
turkey_lira_crisis_2021,JD,25,political_transitions_volatility,-0.0469,0.0569,,0.6673,revenue_market_access,0.008,0.6673,0.0396,0.0371,0.0319,0.0472,0.0398,0.0398,0.0494,0.0398
myanmar_coup_2021,JD,25,political_transitions_volatility,0.0362,-0.0604,,0.6673,revenue_market_access,0.008,0.6673,0.0396,0.0371,0.0319,0.0472,0.0398,0.0398,0.0494,0.0398
argentina_peso_devaluation_2018,JD,25,political_transitions_volatility,-0.1306,-0.2113,,0.6673,revenue_market_access,0.008,0.6673,0.0396,0.0371,0.0319,0.0472,0.0398,0.0398,0.0494,0.0398
australia_china_wine_tariff_2020,JHX,15,trade_policy_actions,-0.0338,-0.0331,,0.5369,procurement_supply_chain,0.5369,0.0498,0.0539,0.052,0.0369,0.057,0.0514,0.0514,0.0592,0.0514
us_china_trade_war_2018,JHX,15,trade_policy_actions,0.0389,0.0343,,0.5369,procurement_supply_chain,0.5369,0.0498,0.0539,0.052,0.0369,0.057,0.0514,0.0514,0.0592,0.0514
us_tariffs_2025_april,JHX,15,trade_policy_actions,-0.0737,0.0241,,0.5369,procurement_supply_chain,0.5369,0.0498,0.0539,0.052,0.0369,0.057,0.0514,0.0514,0.0592,0.0514
china_rare_earth_controls_2023,JHX,15,resource_energy_disruptions,0.0279,0.0369,,0.5667,procurement_supply_chain,0.5667,0.058,0.0433,0.0534,0.0479,0.0517,0.0439,0.0439,0.0474,0.0439
tiktok_project_texas_2022,JNJ,35,regulatory_sovereignty_shifts,0.0747,0.0204,,0.6852,regulatory_compliance_cost,0.0098,0.0342,0.0402,0.6852,0.0238,0.0468,0.0385,0.0385,0.0444,0.0385
india_fdi_ban_chinese_apps_2020,JNJ,35,regulatory_sovereignty_shifts,0.0274,0.057,,0.6852,regulatory_compliance_cost,0.0098,0.0342,0.0402,0.6852,0.0238,0.0468,0.0385,0.0385,0.0444,0.0385
hong_kong_protests_2019,KDP,30,political_transitions_volatility,0.06,-0.0169,,0.6673,revenue_market_access,0.008,0.6673,0.0396,0.0371,0.0319,0.0472,0.0398,0.0398,0.0494,0.0398
australia_china_lobster_ban_2020,KGC,15,trade_policy_actions,-0.0584,-0.1119,,0.5369,procurement_supply_chain,0.5369,0.0498,0.0539,0.052,0.0369,0.057,0.0514,0.0514,0.0592,0.0514
us_china_trade_war_2018,KGC,15,trade_policy_actions,0.0882,0.1102,,0.5369,procurement_supply_chain,0.5369,0.0498,0.0539,0.052,0.0369,0.057,0.0514,0.0514,0.0592,0.0514
us_tariffs_2025_april,KGC,15,trade_policy_actions,0.1544,0.1121,,0.5369,procurement_supply_chain,0.5369,0.0498,0.0539,0.052,0.0369,0.057,0.0514,0.0514,0.0592,0.0514
south_africa_loadshedding_2023,KGC,15,resource_energy_disruptions,-0.0753,0.0343,,0.5667,procurement_supply_chain,0.5667,0.058,0.0433,0.0534,0.0479,0.0517,0.0439,0.0439,0.0474,0.0439
fukushima_2011,KGC,15,resource_energy_disruptions,-0.0404,-0.0052,,0.5667,procurement_supply_chain,0.5667,0.058,0.0433,0.0534,0.0479,0.0517,0.0439,0.0439,0.0474,0.0439
hong_kong_protests_2019,KHC,30,political_transitions_volatility,0.0498,0.1117,,0.6673,revenue_market_access,0.008,0.6673,0.0396,0.0371,0.0319,0.0472,0.0398,0.0398,0.0494,0.0398
argentina_peso_devaluation_2018,KHC,30,political_transitions_volatility,-0.028,-0.0684,,0.6673,revenue_market_access,0.008,0.6673,0.0396,0.0371,0.0319,0.0472,0.0398,0.0398,0.0494,0.0398
australia_china_lobster_ban_2020,KMI,10,trade_policy_actions,0.0751,0.2177,,0.5369,procurement_supply_chain,0.5369,0.0498,0.0539,0.052,0.0369,0.057,0.0514,0.0514,0.0592,0.0514
us_tariffs_2025_april,KMI,10,trade_policy_actions,0.0267,0.0529,,0.5369,procurement_supply_chain,0.5369,0.0498,0.0539,0.052,0.0369,0.057,0.0514,0.0514,0.0592,0.0514
hong_kong_protests_2019,KMX,25,political_transitions_volatility,0.0498,0.0795,,0.6673,revenue_market_access,0.008,0.6673,0.0396,0.0371,0.0319,0.0472,0.0398,0.0398,0.0494,0.0398
turkey_lira_crisis_2021,KMX,25,political_transitions_volatility,-0.0731,-0.1933,,0.6673,revenue_market_access,0.008,0.6673,0.0396,0.0371,0.0319,0.0472,0.0398,0.0398,0.0494,0.0398
myanmar_coup_2021,KMX,25,political_transitions_volatility,0.085,0.1215,,0.6673,revenue_market_access,0.008,0.6673,0.0396,0.0371,0.0319,0.0472,0.0398,0.0398,0.0494,0.0398
myanmar_coup_2021,KO,30,political_transitions_volatility,0.0297,0.0653,,0.6673,revenue_market_access,0.008,0.6673,0.0396,0.0371,0.0319,0.0472,0.0398,0.0398,0.0494,0.0398
turkey_lira_crisis_2021,KOF,30,political_transitions_volatility,0.0361,0.0025,,0.6673,revenue_market_access,0.008,0.6673,0.0396,0.0371,0.0319,0.0472,0.0398,0.0398,0.0494,0.0398
argentina_peso_devaluation_2018,KR,30,political_transitions_volatility,0.0428,-0.1327,,0.6673,revenue_market_access,0.008,0.6673,0.0396,0.0371,0.0319,0.0472,0.0398,0.0398,0.0494,0.0398
tiktok_project_texas_2022,KRYS,35,regulatory_sovereignty_shifts,0.2268,0.2975,,0.6852,regulatory_compliance_cost,0.0098,0.0342,0.0402,0.6852,0.0238,0.0468,0.0385,0.0385,0.0444,0.0385
mexico_energy_reform_2021,KRYS,35,regulatory_sovereignty_shifts,-0.0425,-0.1186,,0.6852,regulatory_compliance_cost,0.0098,0.0342,0.0402,0.6852,0.0238,0.0468,0.0385,0.0385,0.0444,0.0385
tiktok_project_texas_2022,KT,50,regulatory_sovereignty_shifts,0.0376,0.0253,,0.6852,regulatory_compliance_cost,0.0098,0.0342,0.0402,0.6852,0.0238,0.0468,0.0385,0.0385,0.0444,0.0385
mexico_energy_reform_2021,KT,50,regulatory_sovereignty_shifts,-0.0439,-0.0256,,0.6852,regulatory_compliance_cost,0.0098,0.0342,0.0402,0.6852,0.0238,0.0468,0.0385,0.0385,0.0444,0.0385
tiktok_project_texas_2022,KYMR,35,regulatory_sovereignty_shifts,0.3145,0.4426,,0.6852,regulatory_compliance_cost,0.0098,0.0342,0.0402,0.6852,0.0238,0.0468,0.0385,0.0385,0.0444,0.0385
mexico_energy_reform_2021,KYMR,35,regulatory_sovereignty_shifts,-0.0767,0.0443,,0.6852,regulatory_compliance_cost,0.0098,0.0342,0.0402,0.6852,0.0238,0.0468,0.0385,0.0385,0.0444,0.0385
turkey_lira_crisis_2021,LAD,25,political_transitions_volatility,0.0295,0.0338,,0.6673,revenue_market_access,0.008,0.6673,0.0396,0.0371,0.0319,0.0472,0.0398,0.0398,0.0494,0.0398
myanmar_coup_2021,LAD,25,political_transitions_volatility,0.125,0.2049,,0.6673,revenue_market_access,0.008,0.6673,0.0396,0.0371,0.0319,0.0472,0.0398,0.0398,0.0494,0.0398
argentina_peso_devaluation_2018,LAD,25,political_transitions_volatility,-0.0481,-0.1361,,0.6673,revenue_market_access,0.008,0.6673,0.0396,0.0371,0.0319,0.0472,0.0398,0.0398,0.0494,0.0398
tiktok_project_texas_2022,LBRDA,50,regulatory_sovereignty_shifts,0.0603,0.0167,,0.6852,regulatory_compliance_cost,0.0098,0.0342,0.0402,0.6852,0.0238,0.0468,0.0385,0.0385,0.0444,0.0385
india_fdi_ban_chinese_apps_2020,LBRDA,50,regulatory_sovereignty_shifts,0.0261,0.132,,0.6852,regulatory_compliance_cost,0.0098,0.0342,0.0402,0.6852,0.0238,0.0468,0.0385,0.0385,0.0444,0.0385
mexico_energy_reform_2021,LBRDA,50,regulatory_sovereignty_shifts,-0.0375,-0.036,,0.6852,regulatory_compliance_cost,0.0098,0.0342,0.0402,0.6852,0.0238,0.0468,0.0385,0.0385,0.0444,0.0385
australia_china_wine_tariff_2020,LBRT,10,trade_policy_actions,0.0757,0.2524,,0.5369,procurement_supply_chain,0.5369,0.0498,0.0539,0.052,0.0369,0.057,0.0514,0.0514,0.0592,0.0514
australia_china_lobster_ban_2020,LBRT,10,trade_policy_actions,0.1172,0.5119,,0.5369,procurement_supply_chain,0.5369,0.0498,0.0539,0.052,0.0369,0.057,0.0514,0.0514,0.0592,0.0514
us_china_trade_war_2018,LBRT,10,trade_policy_actions,-0.0679,0.0889,,0.5369,procurement_supply_chain,0.5369,0.0498,0.0539,0.052,0.0369,0.057,0.0514,0.0514,0.0592,0.0514
south_africa_loadshedding_2023,LBRT,10,resource_energy_disruptions,0.0805,-0.1958,,0.5667,procurement_supply_chain,0.5667,0.058,0.0433,0.0534,0.0479,0.0517,0.0439,0.0439,0.0474,0.0439
turkey_lira_crisis_2021,LEA,25,political_transitions_volatility,0.0572,-0.0211,,0.6673,revenue_market_access,0.008,0.6673,0.0396,0.0371,0.0319,0.0472,0.0398,0.0398,0.0494,0.0398
argentina_peso_devaluation_2018,LEA,25,political_transitions_volatility,-0.0368,-0.1822,,0.6673,revenue_market_access,0.008,0.6673,0.0396,0.0371,0.0319,0.0472,0.0398,0.0398,0.0494,0.0398
turkey_lira_crisis_2021,LEN,25,political_transitions_volatility,0.0721,-0.0924,,0.6673,revenue_market_access,0.008,0.6673,0.0396,0.0371,0.0319,0.0472,0.0398,0.0398,0.0494,0.0398
myanmar_coup_2021,LEN,25,political_transitions_volatility,0.1307,0.0534,,0.6673,revenue_market_access,0.008,0.6673,0.0396,0.0371,0.0319,0.0472,0.0398,0.0398,0.0494,0.0398
argentina_peso_devaluation_2018,LEN,25,political_transitions_volatility,-0.0253,-0.1676,,0.6673,revenue_market_access,0.008,0.6673,0.0396,0.0371,0.0319,0.0472,0.0398,0.0398,0.0494,0.0398
hong_kong_protests_2019,LEVI,25,political_transitions_volatility,0.041,-0.1178,,0.6673,revenue_market_access,0.008,0.6673,0.0396,0.0371,0.0319,0.0472,0.0398,0.0398,0.0494,0.0398
turkey_lira_crisis_2021,LEVI,25,political_transitions_volatility,0.038,-0.0417,,0.6673,revenue_market_access,0.008,0.6673,0.0396,0.0371,0.0319,0.0472,0.0398,0.0398,0.0494,0.0398
tiktok_project_texas_2022,LH,35,regulatory_sovereignty_shifts,0.0667,0.1161,,0.6852,regulatory_compliance_cost,0.0098,0.0342,0.0402,0.6852,0.0238,0.0468,0.0385,0.0385,0.0444,0.0385
india_fdi_ban_chinese_apps_2020,LH,35,regulatory_sovereignty_shifts,0.0684,0.1487,,0.6852,regulatory_compliance_cost,0.0098,0.0342,0.0402,0.6852,0.0238,0.0468,0.0385,0.0385,0.0444,0.0385
myanmar_coup_2021,LI,25,political_transitions_volatility,-0.0524,-0.1935,,0.6673,revenue_market_access,0.008,0.6673,0.0396,0.0371,0.0319,0.0472,0.0398,0.0398,0.0494,0.0398
australia_china_lobster_ban_2020,LIN,15,trade_policy_actions,0.1194,0.0725,,0.5369,procurement_supply_chain,0.5369,0.0498,0.0539,0.052,0.0369,0.057,0.0514,0.0514,0.0592,0.0514
south_africa_loadshedding_2023,LIN,15,resource_energy_disruptions,-0.0273,0.0405,,0.5667,procurement_supply_chain,0.5667,0.058,0.0433,0.0534,0.0479,0.0517,0.0439,0.0439,0.0474,0.0439
hong_kong_protests_2019,LKNCY,25,political_transitions_volatility,0.1148,0.2322,,0.6673,revenue_market_access,0.008,0.6673,0.0396,0.0371,0.0319,0.0472,0.0398,0.0398,0.0494,0.0398
myanmar_coup_2021,LKNCY,25,political_transitions_volatility,-0.2922,-0.2037,,0.6673,revenue_market_access,0.008,0.6673,0.0396,0.0371,0.0319,0.0472,0.0398,0.0398,0.0494,0.0398
turkey_lira_crisis_2021,LKQ,25,political_transitions_volatility,0.052,-0.0004,,0.6673,revenue_market_access,0.008,0.6673,0.0396,0.0371,0.0319,0.0472,0.0398,0.0398,0.0494,0.0398
myanmar_coup_2021,LKQ,25,political_transitions_volatility,0.0634,0.2027,,0.6673,revenue_market_access,0.008,0.6673,0.0396,0.0371,0.0319,0.0472,0.0398,0.0398,0.0494,0.0398
argentina_peso_devaluation_2018,LKQ,25,political_transitions_volatility,-0.0306,-0.1689,,0.6673,revenue_market_access,0.008,0.6673,0.0396,0.0371,0.0319,0.0472,0.0398,0.0398,0.0494,0.0398
tiktok_project_texas_2022,LLY,35,regulatory_sovereignty_shifts,0.125,0.1007,,0.6852,regulatory_compliance_cost,0.0098,0.0342,0.0402,0.6852,0.0238,0.0468,0.0385,0.0385,0.0444,0.0385
australia_china_lobster_ban_2020,LNG,10,trade_policy_actions,0.0725,0.2297,,0.5369,procurement_supply_chain,0.5369,0.0498,0.0539,0.052,0.0369,0.057,0.0514,0.0514,0.0592,0.0514
us_china_trade_war_2018,LNG,10,trade_policy_actions,0.0275,0.2007,,0.5369,procurement_supply_chain,0.5369,0.0498,0.0539,0.052,0.0369,0.057,0.0514,0.0514,0.0592,0.0514
us_tariffs_2025_april,LNG,10,trade_policy_actions,0.0442,0.0512,,0.5369,procurement_supply_chain,0.5369,0.0498,0.0539,0.052,0.0369,0.057,0.0514,0.0514,0.0592,0.0514
fukushima_2011,LNG,10,resource_energy_disruptions,0.1048,0.1917,,0.5667,procurement_supply_chain,0.5667,0.058,0.0433,0.0534,0.0479,0.0517,0.0439,0.0439,0.0474,0.0439
tiktok_project_texas_2022,LNTH,35,regulatory_sovereignty_shifts,0.0843,0.254,,0.6852,regulatory_compliance_cost,0.0098,0.0342,0.0402,0.6852,0.0238,0.0468,0.0385,0.0385,0.0444,0.0385
mexico_energy_reform_2021,LNTH,35,regulatory_sovereignty_shifts,-0.0827,0.1767,,0.6852,regulatory_compliance_cost,0.0098,0.0342,0.0402,0.6852,0.0238,0.0468,0.0385,0.0385,0.0444,0.0385
hong_kong_protests_2019,LOW,25,political_transitions_volatility,0.0343,0.0661,,0.6673,revenue_market_access,0.008,0.6673,0.0396,0.0371,0.0319,0.0472,0.0398,0.0398,0.0494,0.0398
myanmar_coup_2021,LOW,25,political_transitions_volatility,0.0967,0.0732,,0.6673,revenue_market_access,0.008,0.6673,0.0396,0.0371,0.0319,0.0472,0.0398,0.0398,0.0494,0.0398
turkey_lira_crisis_2021,LTH,25,political_transitions_volatility,0.0945,-0.0602,,0.6673,revenue_market_access,0.008,0.6673,0.0396,0.0371,0.0319,0.0472,0.0398,0.0398,0.0494,0.0398
hong_kong_protests_2019,LULU,25,political_transitions_volatility,0.0629,0.0961,,0.6673,revenue_market_access,0.008,0.6673,0.0396,0.0371,0.0319,0.0472,0.0398,0.0398,0.0494,0.0398
turkey_lira_crisis_2021,LULU,25,political_transitions_volatility,0.0418,-0.1033,,0.6673,revenue_market_access,0.008,0.6673,0.0396,0.0371,0.0319,0.0472,0.0398,0.0398,0.0494,0.0398
argentina_peso_devaluation_2018,LULU,25,political_transitions_volatility,0.1009,0.049,,0.6673,revenue_market_access,0.008,0.6673,0.0396,0.0371,0.0319,0.0472,0.0398,0.0398,0.0494,0.0398
tiktok_project_texas_2022,LUMN,50,regulatory_sovereignty_shifts,0.0943,0.0366,,0.6852,regulatory_compliance_cost,0.0098,0.0342,0.0402,0.6852,0.0238,0.0468,0.0385,0.0385,0.0444,0.0385
turkey_lira_crisis_2021,LVS,25,political_transitions_volatility,0.0686,0.2599,,0.6673,revenue_market_access,0.008,0.6673,0.0396,0.0371,0.0319,0.0472,0.0398,0.0398,0.0494,0.0398
myanmar_coup_2021,LVS,25,political_transitions_volatility,0.127,0.324,,0.6673,revenue_market_access,0.008,0.6673,0.0396,0.0371,0.0319,0.0472,0.0398,0.0398,0.0494,0.0398
argentina_peso_devaluation_2018,LVS,25,political_transitions_volatility,-0.0775,-0.1349,,0.6673,revenue_market_access,0.008,0.6673,0.0396,0.0371,0.0319,0.0472,0.0398,0.0398,0.0494,0.0398
turkey_lira_crisis_2021,LW,30,political_transitions_volatility,0.0639,0.1129,,0.6673,revenue_market_access,0.008,0.6673,0.0396,0.0371,0.0319,0.0472,0.0398,0.0398,0.0494,0.0398
myanmar_coup_2021,LW,30,political_transitions_volatility,0.0575,0.0654,,0.6673,revenue_market_access,0.008,0.6673,0.0396,0.0371,0.0319,0.0472,0.0398,0.0398,0.0494,0.0398
australia_china_lobster_ban_2020,LYB,15,trade_policy_actions,0.1168,0.2372,,0.5369,procurement_supply_chain,0.5369,0.0498,0.0539,0.052,0.0369,0.057,0.0514,0.0514,0.0592,0.0514
us_tariffs_2025_april,LYB,15,trade_policy_actions,-0.065,-0.0585,,0.5369,procurement_supply_chain,0.5369,0.0498,0.0539,0.052,0.0369,0.057,0.0514,0.0514,0.0592,0.0514
hong_kong_protests_2019,M,25,political_transitions_volatility,0.0822,0.1261,,0.6673,revenue_market_access,0.008,0.6673,0.0396,0.0371,0.0319,0.0472,0.0398,0.0398,0.0494,0.0398
turkey_lira_crisis_2021,M,25,political_transitions_volatility,0.0513,0.0672,,0.6673,revenue_market_access,0.008,0.6673,0.0396,0.0371,0.0319,0.0472,0.0398,0.0398,0.0494,0.0398
myanmar_coup_2021,M,25,political_transitions_volatility,0.0551,0.3685,,0.6673,revenue_market_access,0.008,0.6673,0.0396,0.0371,0.0319,0.0472,0.0398,0.0398,0.0494,0.0398
turkey_lira_crisis_2021,MAR,25,political_transitions_volatility,0.11,0.0854,,0.6673,revenue_market_access,0.008,0.6673,0.0396,0.0371,0.0319,0.0472,0.0398,0.0398,0.0494,0.0398
myanmar_coup_2021,MAR,25,political_transitions_volatility,0.0963,0.2792,,0.6673,revenue_market_access,0.008,0.6673,0.0396,0.0371,0.0319,0.0472,0.0398,0.0398,0.0494,0.0398
tiktok_project_texas_2022,MASI,35,regulatory_sovereignty_shifts,0.1206,0.1675,,0.6852,regulatory_compliance_cost,0.0098,0.0342,0.0402,0.6852,0.0238,0.0468,0.0385,0.0385,0.0444,0.0385
india_fdi_ban_chinese_apps_2020,MASI,35,regulatory_sovereignty_shifts,0.0644,-0.0466,,0.6852,regulatory_compliance_cost,0.0098,0.0342,0.0402,0.6852,0.0238,0.0468,0.0385,0.0385,0.0444,0.0385
turkey_lira_crisis_2021,MBRFY,30,political_transitions_volatility,0.0647,0.0844,,0.6673,revenue_market_access,0.008,0.6673,0.0396,0.0371,0.0319,0.0472,0.0398,0.0398,0.0494,0.0398
myanmar_coup_2021,MBRFY,30,political_transitions_volatility,0.0541,0.1313,,0.6673,revenue_market_access,0.008,0.6673,0.0396,0.0371,0.0319,0.0472,0.0398,0.0398,0.0494,0.0398
argentina_peso_devaluation_2018,MBRFY,30,political_transitions_volatility,-0.0423,-0.007,,0.6673,revenue_market_access,0.008,0.6673,0.0396,0.0371,0.0319,0.0472,0.0398,0.0398,0.0494,0.0398
tiktok_project_texas_2022,MCK,35,regulatory_sovereignty_shifts,0.0854,0.1148,,0.6852,regulatory_compliance_cost,0.0098,0.0342,0.0402,0.6852,0.0238,0.0468,0.0385,0.0385,0.0444,0.0385
india_fdi_ban_chinese_apps_2020,MCK,35,regulatory_sovereignty_shifts,-0.0393,-0.003,,0.6852,regulatory_compliance_cost,0.0098,0.0342,0.0402,0.6852,0.0238,0.0468,0.0385,0.0385,0.0444,0.0385
tiktok_project_texas_2022,MDGL,35,regulatory_sovereignty_shifts,0.071,-0.1263,,0.6852,regulatory_compliance_cost,0.0098,0.0342,0.0402,0.6852,0.0238,0.0468,0.0385,0.0385,0.0444,0.0385
india_fdi_ban_chinese_apps_2020,MDGL,35,regulatory_sovereignty_shifts,0.0558,0.0128,,0.6852,regulatory_compliance_cost,0.0098,0.0342,0.0402,0.6852,0.0238,0.0468,0.0385,0.0385,0.0444,0.0385
tiktok_project_texas_2022,MDT,35,regulatory_sovereignty_shifts,0.0334,0.0647,,0.6852,regulatory_compliance_cost,0.0098,0.0342,0.0402,0.6852,0.0238,0.0468,0.0385,0.0385,0.0444,0.0385
tiktok_project_texas_2022,MEDP,35,regulatory_sovereignty_shifts,0.1354,0.2012,,0.6852,regulatory_compliance_cost,0.0098,0.0342,0.0402,0.6852,0.0238,0.0468,0.0385,0.0385,0.0444,0.0385
india_fdi_ban_chinese_apps_2020,MEDP,35,regulatory_sovereignty_shifts,0.0859,0.3751,,0.6852,regulatory_compliance_cost,0.0098,0.0342,0.0402,0.6852,0.0238,0.0468,0.0385,0.0385,0.0444,0.0385
mexico_energy_reform_2021,MEDP,35,regulatory_sovereignty_shifts,-0.0349,0.1341,,0.6852,regulatory_compliance_cost,0.0098,0.0342,0.0402,0.6852,0.0238,0.0468,0.0385,0.0385,0.0444,0.0385
turkey_lira_crisis_2021,MELI,25,political_transitions_volatility,0.0939,-0.0416,,0.6673,revenue_market_access,0.008,0.6673,0.0396,0.0371,0.0319,0.0472,0.0398,0.0398,0.0494,0.0398
argentina_peso_devaluation_2018,MELI,25,political_transitions_volatility,-0.0401,-0.108,,0.6673,revenue_market_access,0.008,0.6673,0.0396,0.0371,0.0319,0.0472,0.0398,0.0398,0.0494,0.0398
tiktok_project_texas_2022,META,50,regulatory_sovereignty_shifts,0.0351,-0.0217,,0.6852,regulatory_compliance_cost,0.0098,0.0342,0.0402,0.6852,0.0238,0.0468,0.0385,0.0385,0.0444,0.0385
india_fdi_ban_chinese_apps_2020,META,50,regulatory_sovereignty_shifts,0.0916,0.1609,,0.6852,regulatory_compliance_cost,0.0098,0.0342,0.0402,0.6852,0.0238,0.0468,0.0385,0.0385,0.0444,0.0385
mexico_energy_reform_2021,META,50,regulatory_sovereignty_shifts,-0.0378,-0.0062,,0.6852,regulatory_compliance_cost,0.0098,0.0342,0.0402,0.6852,0.0238,0.0468,0.0385,0.0385,0.0444,0.0385
hong_kong_protests_2019,MGA,25,political_transitions_volatility,0.0353,0.1111,,0.6673,revenue_market_access,0.008,0.6673,0.0396,0.0371,0.0319,0.0472,0.0398,0.0398,0.0494,0.0398
turkey_lira_crisis_2021,MGA,25,political_transitions_volatility,0.0377,0.0586,,0.6673,revenue_market_access,0.008,0.6673,0.0396,0.0371,0.0319,0.0472,0.0398,0.0398,0.0494,0.0398
myanmar_coup_2021,MGA,25,political_transitions_volatility,0.0755,0.2728,,0.6673,revenue_market_access,0.008,0.6673,0.0396,0.0371,0.0319,0.0472,0.0398,0.0398,0.0494,0.0398
argentina_peso_devaluation_2018,MGA,25,political_transitions_volatility,-0.0657,-0.1424,,0.6673,revenue_market_access,0.008,0.6673,0.0396,0.0371,0.0319,0.0472,0.0398,0.0398,0.0494,0.0398
hong_kong_protests_2019,MGM,25,political_transitions_volatility,0.0483,0.1111,,0.6673,revenue_market_access,0.008,0.6673,0.0396,0.0371,0.0319,0.0472,0.0398,0.0398,0.0494,0.0398
turkey_lira_crisis_2021,MGM,25,political_transitions_volatility,0.0693,0.0445,,0.6673,revenue_market_access,0.008,0.6673,0.0396,0.0371,0.0319,0.0472,0.0398,0.0398,0.0494,0.0398
myanmar_coup_2021,MGM,25,political_transitions_volatility,0.2163,0.3636,,0.6673,revenue_market_access,0.008,0.6673,0.0396,0.0371,0.0319,0.0472,0.0398,0.0398,0.0494,0.0398
argentina_peso_devaluation_2018,MGM,25,political_transitions_volatility,-0.0696,-0.0801,,0.6673,revenue_market_access,0.008,0.6673,0.0396,0.0371,0.0319,0.0472,0.0398,0.0398,0.0494,0.0398
australia_china_wine_tariff_2020,MGY,10,trade_policy_actions,0.0586,0.28,,0.5369,procurement_supply_chain,0.5369,0.0498,0.0539,0.052,0.0369,0.057,0.0514,0.0514,0.0592,0.0514
australia_china_lobster_ban_2020,MGY,10,trade_policy_actions,0.1599,0.7005,,0.5369,procurement_supply_chain,0.5369,0.0498,0.0539,0.052,0.0369,0.057,0.0514,0.0514,0.0592,0.0514
us_tariffs_2025_april,MGY,10,trade_policy_actions,-0.0629,-0.0113,,0.5369,procurement_supply_chain,0.5369,0.0498,0.0539,0.052,0.0369,0.057,0.0514,0.0514,0.0592,0.0514
myanmar_coup_2021,MHK,25,political_transitions_volatility,0.0497,0.2538,,0.6673,revenue_market_access,0.008,0.6673,0.0396,0.0371,0.0319,0.0472,0.0398,0.0398,0.0494,0.0398
tiktok_project_texas_2022,MIRM,35,regulatory_sovereignty_shifts,-0.0536,0.1038,,0.6852,regulatory_compliance_cost,0.0098,0.0342,0.0402,0.6852,0.0238,0.0468,0.0385,0.0385,0.0444,0.0385
mexico_energy_reform_2021,MIRM,35,regulatory_sovereignty_shifts,-0.138,-0.1793,,0.6852,regulatory_compliance_cost,0.0098,0.0342,0.0402,0.6852,0.0238,0.0468,0.0385,0.0385,0.0444,0.0385
argentina_peso_devaluation_2018,MKC,30,political_transitions_volatility,0.0561,0.0782,,0.6673,revenue_market_access,0.008,0.6673,0.0396,0.0371,0.0319,0.0472,0.0398,0.0398,0.0494,0.0398
australia_china_wine_tariff_2020,MLM,15,trade_policy_actions,0.0536,0.1641,,0.5369,procurement_supply_chain,0.5369,0.0498,0.0539,0.052,0.0369,0.057,0.0514,0.0514,0.0592,0.0514
australia_china_lobster_ban_2020,MLM,15,trade_policy_actions,-0.0367,-0.0484,,0.5369,procurement_supply_chain,0.5369,0.0498,0.0539,0.052,0.0369,0.057,0.0514,0.0514,0.0592,0.0514
us_china_trade_war_2018,MLM,15,trade_policy_actions,0.0277,0.0114,,0.5369,procurement_supply_chain,0.5369,0.0498,0.0539,0.052,0.0369,0.057,0.0514,0.0514,0.0592,0.0514
south_africa_loadshedding_2023,MLM,15,resource_energy_disruptions,0.0444,-0.0447,,0.5667,procurement_supply_chain,0.5667,0.058,0.0433,0.0534,0.0479,0.0517,0.0439,0.0439,0.0474,0.0439
hong_kong_protests_2019,MNST,30,political_transitions_volatility,-0.0607,-0.0276,,0.6673,revenue_market_access,0.008,0.6673,0.0396,0.0371,0.0319,0.0472,0.0398,0.0398,0.0494,0.0398
turkey_lira_crisis_2021,MNST,30,political_transitions_volatility,0.0347,-0.0562,,0.6673,revenue_market_access,0.008,0.6673,0.0396,0.0371,0.0319,0.0472,0.0398,0.0398,0.0494,0.0398
myanmar_coup_2021,MNST,30,political_transitions_volatility,0.0298,0.0129,,0.6673,revenue_market_access,0.008,0.6673,0.0396,0.0371,0.0319,0.0472,0.0398,0.0398,0.0494,0.0398
myanmar_coup_2021,MO,30,political_transitions_volatility,0.054,0.2127,,0.6673,revenue_market_access,0.008,0.6673,0.0396,0.0371,0.0319,0.0472,0.0398,0.0398,0.0494,0.0398
argentina_peso_devaluation_2018,MO,30,political_transitions_volatility,0.0383,0.0366,,0.6673,revenue_market_access,0.008,0.6673,0.0396,0.0371,0.0319,0.0472,0.0398,0.0398,0.0494,0.0398
hong_kong_protests_2019,MOD,25,political_transitions_volatility,-0.0484,0.0256,,0.6673,revenue_market_access,0.008,0.6673,0.0396,0.0371,0.0319,0.0472,0.0398,0.0398,0.0494,0.0398
myanmar_coup_2021,MOD,25,political_transitions_volatility,0.1464,0.1642,,0.6673,revenue_market_access,0.008,0.6673,0.0396,0.0371,0.0319,0.0472,0.0398,0.0398,0.0494,0.0398
argentina_peso_devaluation_2018,MOD,25,political_transitions_volatility,-0.0522,-0.2475,,0.6673,revenue_market_access,0.008,0.6673,0.0396,0.0371,0.0319,0.0472,0.0398,0.0398,0.0494,0.0398
tiktok_project_texas_2022,MOH,35,regulatory_sovereignty_shifts,0.0906,0.2991,,0.6852,regulatory_compliance_cost,0.0098,0.0342,0.0402,0.6852,0.0238,0.0468,0.0385,0.0385,0.0444,0.0385
india_fdi_ban_chinese_apps_2020,MOH,35,regulatory_sovereignty_shifts,0.0631,0.0816,,0.6852,regulatory_compliance_cost,0.0098,0.0342,0.0402,0.6852,0.0238,0.0468,0.0385,0.0385,0.0444,0.0385
mexico_energy_reform_2021,MOH,35,regulatory_sovereignty_shifts,0.0336,0.1536,,0.6852,regulatory_compliance_cost,0.0098,0.0342,0.0402,0.6852,0.0238,0.0468,0.0385,0.0385,0.0444,0.0385
australia_china_lobster_ban_2020,MOS,15,trade_policy_actions,0.025,0.3189,,0.5369,procurement_supply_chain,0.5369,0.0498,0.0539,0.052,0.0369,0.057,0.0514,0.0514,0.0592,0.0514
us_tariffs_2025_april,MOS,15,trade_policy_actions,0.0928,0.4186,,0.5369,procurement_supply_chain,0.5369,0.0498,0.0539,0.052,0.0369,0.057,0.0514,0.0514,0.0592,0.0514
australia_china_wine_tariff_2020,MP,15,trade_policy_actions,0.0622,0.5974,,0.5369,procurement_supply_chain,0.5369,0.0498,0.0539,0.052,0.0369,0.057,0.0514,0.0514,0.0592,0.0514
australia_china_lobster_ban_2020,MP,15,trade_policy_actions,0.082,1.4634,,0.5369,procurement_supply_chain,0.5369,0.0498,0.0539,0.052,0.0369,0.057,0.0514,0.0514,0.0592,0.0514
us_tariffs_2025_april,MP,15,trade_policy_actions,0.1583,-0.1567,,0.5369,procurement_supply_chain,0.5369,0.0498,0.0539,0.052,0.0369,0.057,0.0514,0.0514,0.0592,0.0514
south_africa_loadshedding_2023,MP,15,resource_energy_disruptions,0.0679,-0.1779,,0.5667,procurement_supply_chain,0.5667,0.058,0.0433,0.0534,0.0479,0.0517,0.0439,0.0439,0.0474,0.0439
australia_china_wine_tariff_2020,MPC,10,trade_policy_actions,0.036,0.1004,,0.5369,procurement_supply_chain,0.5369,0.0498,0.0539,0.052,0.0369,0.057,0.0514,0.0514,0.0592,0.0514
australia_china_lobster_ban_2020,MPC,10,trade_policy_actions,0.1796,0.3241,,0.5369,procurement_supply_chain,0.5369,0.0498,0.0539,0.052,0.0369,0.057,0.0514,0.0514,0.0592,0.0514
us_tariffs_2025_april,MPC,10,trade_policy_actions,-0.0559,0.2159,,0.5369,procurement_supply_chain,0.5369,0.0498,0.0539,0.052,0.0369,0.057,0.0514,0.0514,0.0592,0.0514
china_rare_earth_controls_2023,MPC,10,resource_energy_disruptions,-0.0282,0.0916,,0.5667,procurement_supply_chain,0.5667,0.058,0.0433,0.0534,0.0479,0.0517,0.0439,0.0439,0.0474,0.0439
south_africa_loadshedding_2023,MPC,10,resource_energy_disruptions,0.0539,0.0389,,0.5667,procurement_supply_chain,0.5667,0.058,0.0433,0.0534,0.0479,0.0517,0.0439,0.0439,0.0474,0.0439
australia_china_wine_tariff_2020,MPLX,10,trade_policy_actions,0.0623,0.1473,,0.5369,procurement_supply_chain,0.5369,0.0498,0.0539,0.052,0.0369,0.057,0.0514,0.0514,0.0592,0.0514
australia_china_lobster_ban_2020,MPLX,10,trade_policy_actions,0.0958,0.291,,0.5369,procurement_supply_chain,0.5369,0.0498,0.0539,0.052,0.0369,0.057,0.0514,0.0514,0.0592,0.0514
us_tariffs_2025_april,MPLX,10,trade_policy_actions,0.0404,0.0629,,0.5369,procurement_supply_chain,0.5369,0.0498,0.0539,0.052,0.0369,0.057,0.0514,0.0514,0.0592,0.0514
tiktok_project_texas_2022,MRK,35,regulatory_sovereignty_shifts,0.1157,0.0353,,0.6852,regulatory_compliance_cost,0.0098,0.0342,0.0402,0.6852,0.0238,0.0468,0.0385,0.0385,0.0444,0.0385
india_fdi_ban_chinese_apps_2020,MRK,35,regulatory_sovereignty_shifts,0.0342,0.0629,,0.6852,regulatory_compliance_cost,0.0098,0.0342,0.0402,0.6852,0.0238,0.0468,0.0385,0.0385,0.0444,0.0385
tiktok_project_texas_2022,MRNA,35,regulatory_sovereignty_shifts,0.1354,0.256,,0.6852,regulatory_compliance_cost,0.0098,0.0342,0.0402,0.6852,0.0238,0.0468,0.0385,0.0385,0.0444,0.0385
mexico_energy_reform_2021,MRNA,35,regulatory_sovereignty_shifts,-0.1061,-0.3222,,0.6852,regulatory_compliance_cost,0.0098,0.0342,0.0402,0.6852,0.0238,0.0468,0.0385,0.0385,0.0444,0.0385
australia_china_wine_tariff_2020,MT,15,trade_policy_actions,0.1641,0.3414,,0.5369,procurement_supply_chain,0.5369,0.0498,0.0539,0.052,0.0369,0.057,0.0514,0.0514,0.0592,0.0514
australia_china_lobster_ban_2020,MT,15,trade_policy_actions,0.0892,0.6051,,0.5369,procurement_supply_chain,0.5369,0.0498,0.0539,0.052,0.0369,0.057,0.0514,0.0514,0.0592,0.0514
south_africa_loadshedding_2023,MT,15,resource_energy_disruptions,0.0521,-0.0384,,0.5667,procurement_supply_chain,0.5667,0.058,0.0433,0.0534,0.0479,0.0517,0.0439,0.0439,0.0474,0.0439
tiktok_project_texas_2022,MTD,35,regulatory_sovereignty_shifts,0.0423,0.2209,,0.6852,regulatory_compliance_cost,0.0098,0.0342,0.0402,0.6852,0.0238,0.0468,0.0385,0.0385,0.0444,0.0385
india_fdi_ban_chinese_apps_2020,MTD,35,regulatory_sovereignty_shifts,0.0431,0.2063,,0.6852,regulatory_compliance_cost,0.0098,0.0342,0.0402,0.6852,0.0238,0.0468,0.0385,0.0385,0.0444,0.0385
australia_china_wine_tariff_2020,MTDR,10,trade_policy_actions,0.0701,0.5009,,0.5369,procurement_supply_chain,0.5369,0.0498,0.0539,0.052,0.0369,0.057,0.0514,0.0514,0.0592,0.0514
australia_china_lobster_ban_2020,MTDR,10,trade_policy_actions,0.1601,0.6512,,0.5369,procurement_supply_chain,0.5369,0.0498,0.0539,0.052,0.0369,0.057,0.0514,0.0514,0.0592,0.0514
us_tariffs_2025_april,MTDR,10,trade_policy_actions,-0.0558,0.0335,,0.5369,procurement_supply_chain,0.5369,0.0498,0.0539,0.052,0.0369,0.057,0.0514,0.0514,0.0592,0.0514
australia_china_wine_tariff_2020,MUR,10,trade_policy_actions,0.1185,0.3815,,0.5369,procurement_supply_chain,0.5369,0.0498,0.0539,0.052,0.0369,0.057,0.0514,0.0514,0.0592,0.0514
australia_china_lobster_ban_2020,MUR,10,trade_policy_actions,0.13,0.6382,,0.5369,procurement_supply_chain,0.5369,0.0498,0.0539,0.052,0.0369,0.057,0.0514,0.0514,0.0592,0.0514
us_tariffs_2025_april,MUR,10,trade_policy_actions,-0.1117,-0.0808,,0.5369,procurement_supply_chain,0.5369,0.0498,0.0539,0.052,0.0369,0.057,0.0514,0.0514,0.0592,0.0514
south_africa_loadshedding_2023,MUR,10,resource_energy_disruptions,0.0289,-0.1512,,0.5667,procurement_supply_chain,0.5667,0.058,0.0433,0.0534,0.0479,0.0517,0.0439,0.0439,0.0474,0.0439
myanmar_coup_2021,MUSA,25,political_transitions_volatility,0.0367,0.0658,,0.6673,revenue_market_access,0.008,0.6673,0.0396,0.0371,0.0319,0.0472,0.0398,0.0398,0.0494,0.0398
tiktok_project_texas_2022,NBIX,35,regulatory_sovereignty_shifts,0.0713,-0.0064,,0.6852,regulatory_compliance_cost,0.0098,0.0342,0.0402,0.6852,0.0238,0.0468,0.0385,0.0385,0.0444,0.0385
mexico_energy_reform_2021,NBIX,35,regulatory_sovereignty_shifts,0.0258,-0.1327,,0.6852,regulatory_compliance_cost,0.0098,0.0342,0.0402,0.6852,0.0238,0.0468,0.0385,0.0385,0.0444,0.0385
turkey_lira_crisis_2021,NCLH,25,political_transitions_volatility,0.089,0.063,,0.6673,revenue_market_access,0.008,0.6673,0.0396,0.0371,0.0319,0.0472,0.0398,0.0398,0.0494,0.0398
myanmar_coup_2021,NCLH,25,political_transitions_volatility,0.1165,0.3438,,0.6673,revenue_market_access,0.008,0.6673,0.0396,0.0371,0.0319,0.0472,0.0398,0.0398,0.0494,0.0398
turkey_lira_crisis_2021,NCLTY,25,political_transitions_volatility,-0.0951,-0.1274,,0.6673,revenue_market_access,0.008,0.6673,0.0396,0.0371,0.0319,0.0472,0.0398,0.0398,0.0494,0.0398
us_tariffs_2025_april,NE,10,trade_policy_actions,-0.0835,0.0972,,0.5369,procurement_supply_chain,0.5369,0.0498,0.0539,0.052,0.0369,0.057,0.0514,0.0514,0.0592,0.0514
china_rare_earth_controls_2023,NE,10,resource_energy_disruptions,0.0391,-0.057,,0.5667,procurement_supply_chain,0.5667,0.058,0.0433,0.0534,0.0479,0.0517,0.0439,0.0439,0.0474,0.0439
australia_china_lobster_ban_2020,NEM,15,trade_policy_actions,-0.0267,-0.0904,,0.5369,procurement_supply_chain,0.5369,0.0498,0.0539,0.052,0.0369,0.057,0.0514,0.0514,0.0592,0.0514
us_china_trade_war_2018,NEM,15,trade_policy_actions,0.0388,0.0542,,0.5369,procurement_supply_chain,0.5369,0.0498,0.0539,0.052,0.0369,0.057,0.0514,0.0514,0.0592,0.0514
us_tariffs_2025_april,NEM,15,trade_policy_actions,0.1477,0.08,,0.5369,procurement_supply_chain,0.5369,0.0498,0.0539,0.052,0.0369,0.057,0.0514,0.0514,0.0592,0.0514
south_africa_loadshedding_2023,NEM,15,resource_energy_disruptions,-0.0364,0.0301,,0.5667,procurement_supply_chain,0.5667,0.058,0.0433,0.0534,0.0479,0.0517,0.0439,0.0439,0.0474,0.0439
australia_china_wine_tariff_2020,NEU,15,trade_policy_actions,0.0352,0.1586,,0.5369,procurement_supply_chain,0.5369,0.0498,0.0539,0.052,0.0369,0.057,0.0514,0.0514,0.0592,0.0514
australia_china_lobster_ban_2020,NEU,15,trade_policy_actions,0.0663,0.0948,,0.5369,procurement_supply_chain,0.5369,0.0498,0.0539,0.052,0.0369,0.057,0.0514,0.0514,0.0592,0.0514
fukushima_2011,NEU,15,resource_energy_disruptions,0.1025,0.3424,,0.5667,procurement_supply_chain,0.5667,0.058,0.0433,0.0534,0.0479,0.0517,0.0439,0.0439,0.0474,0.0439
us_china_trade_war_2018,NFG,10,trade_policy_actions,0.0296,0.0523,,0.5369,procurement_supply_chain,0.5369,0.0498,0.0539,0.052,0.0369,0.057,0.0514,0.0514,0.0592,0.0514
us_tariffs_2025_april,NFG,10,trade_policy_actions,0.0554,0.0798,,0.5369,procurement_supply_chain,0.5369,0.0498,0.0539,0.052,0.0369,0.057,0.0514,0.0514,0.0592,0.0514
tiktok_project_texas_2022,NFLX,50,regulatory_sovereignty_shifts,0.0777,0.2616,,0.6852,regulatory_compliance_cost,0.0098,0.0342,0.0402,0.6852,0.0238,0.0468,0.0385,0.0385,0.0444,0.0385
india_fdi_ban_chinese_apps_2020,NFLX,50,regulatory_sovereignty_shifts,0.1027,0.044,,0.6852,regulatory_compliance_cost,0.0098,0.0342,0.0402,0.6852,0.0238,0.0468,0.0385,0.0385,0.0444,0.0385
mexico_energy_reform_2021,NFLX,50,regulatory_sovereignty_shifts,0.0318,0.1133,,0.6852,regulatory_compliance_cost,0.0098,0.0342,0.0402,0.6852,0.0238,0.0468,0.0385,0.0385,0.0444,0.0385
hong_kong_protests_2019,NIO,25,political_transitions_volatility,-0.1087,0.2536,,0.6673,revenue_market_access,0.008,0.6673,0.0396,0.0371,0.0319,0.0472,0.0398,0.0398,0.0494,0.0398
myanmar_coup_2021,NIO,25,political_transitions_volatility,0.0365,-0.2335,,0.6673,revenue_market_access,0.008,0.6673,0.0396,0.0371,0.0319,0.0472,0.0398,0.0398,0.0494,0.0398
turkey_lira_crisis_2021,NKE,25,political_transitions_volatility,0.0385,-0.0814,,0.6673,revenue_market_access,0.008,0.6673,0.0396,0.0371,0.0319,0.0472,0.0398,0.0398,0.0494,0.0398
myanmar_coup_2021,NKE,25,political_transitions_volatility,0.0567,0.068,,0.6673,revenue_market_access,0.008,0.6673,0.0396,0.0371,0.0319,0.0472,0.0398,0.0398,0.0494,0.0398
australia_china_wine_tariff_2020,NOV,10,trade_policy_actions,0.1065,0.2167,,0.5369,procurement_supply_chain,0.5369,0.0498,0.0539,0.052,0.0369,0.057,0.0514,0.0514,0.0592,0.0514
australia_china_lobster_ban_2020,NOV,10,trade_policy_actions,0.2139,0.5369,,0.5369,procurement_supply_chain,0.5369,0.0498,0.0539,0.052,0.0369,0.057,0.0514,0.0514,0.0592,0.0514
us_tariffs_2025_april,NOV,10,trade_policy_actions,-0.0564,-0.047,,0.5369,procurement_supply_chain,0.5369,0.0498,0.0539,0.052,0.0369,0.057,0.0514,0.0514,0.0592,0.0514
tiktok_project_texas_2022,NTES,50,regulatory_sovereignty_shifts,0.0291,-0.0276,,0.6852,regulatory_compliance_cost,0.0098,0.0342,0.0402,0.6852,0.0238,0.0468,0.0385,0.0385,0.0444,0.0385
india_fdi_ban_chinese_apps_2020,NTES,50,regulatory_sovereignty_shifts,0.0269,0.0506,,0.6852,regulatory_compliance_cost,0.0098,0.0342,0.0402,0.6852,0.0238,0.0468,0.0385,0.0385,0.0444,0.0385
mexico_energy_reform_2021,NTES,50,regulatory_sovereignty_shifts,0.1494,0.3264,,0.6852,regulatory_compliance_cost,0.0098,0.0342,0.0402,0.6852,0.0238,0.0468,0.0385,0.0385,0.0444,0.0385
australia_china_wine_tariff_2020,NTR,15,trade_policy_actions,0.0251,0.1126,,0.5369,procurement_supply_chain,0.5369,0.0498,0.0539,0.052,0.0369,0.057,0.0514,0.0514,0.0592,0.0514
australia_china_lobster_ban_2020,NTR,15,trade_policy_actions,0.0992,0.2583,,0.5369,procurement_supply_chain,0.5369,0.0498,0.0539,0.052,0.0369,0.057,0.0514,0.0514,0.0592,0.0514
us_tariffs_2025_april,NTR,15,trade_policy_actions,0.1004,0.2165,,0.5369,procurement_supply_chain,0.5369,0.0498,0.0539,0.052,0.0369,0.057,0.0514,0.0514,0.0592,0.0514
tiktok_project_texas_2022,NTRA,35,regulatory_sovereignty_shifts,0.1843,0.479,,0.6852,regulatory_compliance_cost,0.0098,0.0342,0.0402,0.6852,0.0238,0.0468,0.0385,0.0385,0.0444,0.0385
australia_china_lobster_ban_2020,NUE,15,trade_policy_actions,0.0346,0.1277,,0.5369,procurement_supply_chain,0.5369,0.0498,0.0539,0.052,0.0369,0.057,0.0514,0.0514,0.0592,0.0514
us_tariffs_2025_april,NUE,15,trade_policy_actions,-0.0567,-0.0416,,0.5369,procurement_supply_chain,0.5369,0.0498,0.0539,0.052,0.0369,0.057,0.0514,0.0514,0.0592,0.0514
south_africa_loadshedding_2023,NUE,15,resource_energy_disruptions,0.0381,-0.0913,,0.5667,procurement_supply_chain,0.5667,0.058,0.0433,0.0534,0.0479,0.0517,0.0439,0.0439,0.0474,0.0439
fukushima_2011,NUE,15,resource_energy_disruptions,-0.0365,-0.0347,,0.5667,procurement_supply_chain,0.5667,0.058,0.0433,0.0534,0.0479,0.0517,0.0439,0.0439,0.0474,0.0439
tiktok_project_texas_2022,NUVL,35,regulatory_sovereignty_shifts,0.3483,0.4172,,0.6852,regulatory_compliance_cost,0.0098,0.0342,0.0402,0.6852,0.0238,0.0468,0.0385,0.0385,0.0444,0.0385
mexico_energy_reform_2021,NUVL,35,regulatory_sovereignty_shifts,-0.2466,0.0406,,0.6852,regulatory_compliance_cost,0.0098,0.0342,0.0402,0.6852,0.0238,0.0468,0.0385,0.0385,0.0444,0.0385
tiktok_project_texas_2022,NVO,35,regulatory_sovereignty_shifts,0.0692,0.0841,,0.6852,regulatory_compliance_cost,0.0098,0.0342,0.0402,0.6852,0.0238,0.0468,0.0385,0.0385,0.0444,0.0385
mexico_energy_reform_2021,NVO,35,regulatory_sovereignty_shifts,0.0261,0.1796,,0.6852,regulatory_compliance_cost,0.0098,0.0342,0.0402,0.6852,0.0238,0.0468,0.0385,0.0385,0.0444,0.0385
turkey_lira_crisis_2021,NVR,25,political_transitions_volatility,0.0325,-0.0482,,0.6673,revenue_market_access,0.008,0.6673,0.0396,0.0371,0.0319,0.0472,0.0398,0.0398,0.0494,0.0398
myanmar_coup_2021,NVR,25,political_transitions_volatility,0.0466,0.0219,,0.6673,revenue_market_access,0.008,0.6673,0.0396,0.0371,0.0319,0.0472,0.0398,0.0398,0.0494,0.0398
argentina_peso_devaluation_2018,NVR,25,political_transitions_volatility,-0.027,-0.1616,,0.6673,revenue_market_access,0.008,0.6673,0.0396,0.0371,0.0319,0.0472,0.0398,0.0398,0.0494,0.0398
tiktok_project_texas_2022,NVS,35,regulatory_sovereignty_shifts,0.0521,0.0493,,0.6852,regulatory_compliance_cost,0.0098,0.0342,0.0402,0.6852,0.0238,0.0468,0.0385,0.0385,0.0444,0.0385
india_fdi_ban_chinese_apps_2020,NWSA,50,regulatory_sovereignty_shifts,0.03,0.2781,,0.6852,regulatory_compliance_cost,0.0098,0.0342,0.0402,0.6852,0.0238,0.0468,0.0385,0.0385,0.0444,0.0385
australia_china_wine_tariff_2020,NXE,10,trade_policy_actions,0.173,0.4703,,0.5369,procurement_supply_chain,0.5369,0.0498,0.0539,0.052,0.0369,0.057,0.0514,0.0514,0.0592,0.0514
australia_china_lobster_ban_2020,NXE,10,trade_policy_actions,0.1006,0.5444,,0.5369,procurement_supply_chain,0.5369,0.0498,0.0539,0.052,0.0369,0.057,0.0514,0.0514,0.0592,0.0514
us_china_trade_war_2018,NXE,10,trade_policy_actions,-0.1827,-0.024,,0.5369,procurement_supply_chain,0.5369,0.0498,0.0539,0.052,0.0369,0.057,0.0514,0.0514,0.0592,0.0514
tiktok_project_texas_2022,NXST,50,regulatory_sovereignty_shifts,0.0413,0.1692,,0.6852,regulatory_compliance_cost,0.0098,0.0342,0.0402,0.6852,0.0238,0.0468,0.0385,0.0385,0.0444,0.0385
mexico_energy_reform_2021,NYT,50,regulatory_sovereignty_shifts,0.0702,-0.0332,,0.6852,regulatory_compliance_cost,0.0098,0.0342,0.0402,0.6852,0.0238,0.0468,0.0385,0.0385,0.0444,0.0385
australia_china_wine_tariff_2020,OGC,15,trade_policy_actions,0.1172,0.4297,,0.5369,procurement_supply_chain,0.5369,0.0498,0.0539,0.052,0.0369,0.057,0.0514,0.0514,0.0592,0.0514
us_tariffs_2025_april,OGC,15,trade_policy_actions,0.156,0.3089,,0.5369,procurement_supply_chain,0.5369,0.0498,0.0539,0.052,0.0369,0.057,0.0514,0.0514,0.0592,0.0514
china_rare_earth_controls_2023,OGC,15,resource_energy_disruptions,-0.0448,-0.01,,0.5667,procurement_supply_chain,0.5667,0.058,0.0433,0.0534,0.0479,0.0517,0.0439,0.0439,0.0474,0.0439
australia_china_wine_tariff_2020,OKE,10,trade_policy_actions,0.0913,0.1687,,0.5369,procurement_supply_chain,0.5369,0.0498,0.0539,0.052,0.0369,0.057,0.0514,0.0514,0.0592,0.0514
australia_china_lobster_ban_2020,OKE,10,trade_policy_actions,0.1252,0.4056,,0.5369,procurement_supply_chain,0.5369,0.0498,0.0539,0.052,0.0369,0.057,0.0514,0.0514,0.0592,0.0514
hong_kong_protests_2019,OLLI,30,political_transitions_volatility,-0.0293,-0.0903,,0.6673,revenue_market_access,0.008,0.6673,0.0396,0.0371,0.0319,0.0472,0.0398,0.0398,0.0494,0.0398
argentina_peso_devaluation_2018,OLLI,30,political_transitions_volatility,0.0825,0.0295,,0.6673,revenue_market_access,0.008,0.6673,0.0396,0.0371,0.0319,0.0472,0.0398,0.0398,0.0494,0.0398
tiktok_project_texas_2022,OMC,50,regulatory_sovereignty_shifts,0.0261,0.096,,0.6852,regulatory_compliance_cost,0.0098,0.0342,0.0402,0.6852,0.0238,0.0468,0.0385,0.0385,0.0444,0.0385
india_fdi_ban_chinese_apps_2020,OMC,50,regulatory_sovereignty_shifts,0.0262,0.0267,,0.6852,regulatory_compliance_cost,0.0098,0.0342,0.0402,0.6852,0.0238,0.0468,0.0385,0.0385,0.0444,0.0385
tiktok_project_texas_2022,ONC,35,regulatory_sovereignty_shifts,0.2961,0.2551,,0.6852,regulatory_compliance_cost,0.0098,0.0342,0.0402,0.6852,0.0238,0.0468,0.0385,0.0385,0.0444,0.0385
india_fdi_ban_chinese_apps_2020,ONC,35,regulatory_sovereignty_shifts,0.0391,0.107,,0.6852,regulatory_compliance_cost,0.0098,0.0342,0.0402,0.6852,0.0238,0.0468,0.0385,0.0385,0.0444,0.0385
australia_china_wine_tariff_2020,OR,15,trade_policy_actions,0.0315,0.1503,,0.5369,procurement_supply_chain,0.5369,0.0498,0.0539,0.052,0.0369,0.057,0.0514,0.0514,0.0592,0.0514
australia_china_lobster_ban_2020,OR,15,trade_policy_actions,-0.0401,0.0068,,0.5369,procurement_supply_chain,0.5369,0.0498,0.0539,0.052,0.0369,0.057,0.0514,0.0514,0.0592,0.0514
us_tariffs_2025_april,OR,15,trade_policy_actions,0.1622,0.218,,0.5369,procurement_supply_chain,0.5369,0.0498,0.0539,0.052,0.0369,0.057,0.0514,0.0514,0.0592,0.0514
australia_china_wine_tariff_2020,ORLA,15,trade_policy_actions,0.1373,0.0705,,0.5369,procurement_supply_chain,0.5369,0.0498,0.0539,0.052,0.0369,0.057,0.0514,0.0514,0.0592,0.0514
us_tariffs_2025_april,ORLA,15,trade_policy_actions,0.2284,0.0808,,0.5369,procurement_supply_chain,0.5369,0.0498,0.0539,0.052,0.0369,0.057,0.0514,0.0514,0.0592,0.0514
china_rare_earth_controls_2023,ORLA,15,resource_energy_disruptions,-0.0269,0.0569,,0.5667,procurement_supply_chain,0.5667,0.058,0.0433,0.0534,0.0479,0.0517,0.0439,0.0439,0.0474,0.0439
myanmar_coup_2021,ORLY,25,political_transitions_volatility,0.0366,0.1085,,0.6673,revenue_market_access,0.008,0.6673,0.0396,0.0371,0.0319,0.0472,0.0398,0.0398,0.0494,0.0398
argentina_peso_devaluation_2018,ORLY,25,political_transitions_volatility,0.0503,0.0304,,0.6673,revenue_market_access,0.008,0.6673,0.0396,0.0371,0.0319,0.0472,0.0398,0.0398,0.0494,0.0398
tiktok_project_texas_2022,OSCR,35,regulatory_sovereignty_shifts,0.0341,0.2545,,0.6852,regulatory_compliance_cost,0.0098,0.0342,0.0402,0.6852,0.0238,0.0468,0.0385,0.0385,0.0444,0.0385
mexico_energy_reform_2021,OSCR,35,regulatory_sovereignty_shifts,-0.1609,-0.3099,,0.6852,regulatory_compliance_cost,0.0098,0.0342,0.0402,0.6852,0.0238,0.0468,0.0385,0.0385,0.0444,0.0385
australia_china_wine_tariff_2020,OVV,10,trade_policy_actions,0.093,0.3014,,0.5369,procurement_supply_chain,0.5369,0.0498,0.0539,0.052,0.0369,0.057,0.0514,0.0514,0.0592,0.0514
australia_china_lobster_ban_2020,OVV,10,trade_policy_actions,0.1644,0.5233,,0.5369,procurement_supply_chain,0.5369,0.0498,0.0539,0.052,0.0369,0.057,0.0514,0.0514,0.0592,0.0514
us_china_trade_war_2018,OVV,10,trade_policy_actions,-0.0709,0.1115,,0.5369,procurement_supply_chain,0.5369,0.0498,0.0539,0.052,0.0369,0.057,0.0514,0.0514,0.0592,0.0514
us_tariffs_2025_april,OVV,10,trade_policy_actions,-0.0798,-0.0083,,0.5369,procurement_supply_chain,0.5369,0.0498,0.0539,0.052,0.0369,0.057,0.0514,0.0514,0.0592,0.0514
fukushima_2011,OVV,10,resource_energy_disruptions,0.111,0.0501,,0.5667,procurement_supply_chain,0.5667,0.058,0.0433,0.0534,0.0479,0.0517,0.0439,0.0439,0.0474,0.0439
australia_china_wine_tariff_2020,OXY,10,trade_policy_actions,0.1226,0.3667,,0.5369,procurement_supply_chain,0.5369,0.0498,0.0539,0.052,0.0369,0.057,0.0514,0.0514,0.0592,0.0514
australia_china_lobster_ban_2020,OXY,10,trade_policy_actions,0.2776,1.0083,,0.5369,procurement_supply_chain,0.5369,0.0498,0.0539,0.052,0.0369,0.057,0.0514,0.0514,0.0592,0.0514
us_tariffs_2025_april,OXY,10,trade_policy_actions,-0.0442,0.0211,,0.5369,procurement_supply_chain,0.5369,0.0498,0.0539,0.052,0.0369,0.057,0.0514,0.0514,0.0592,0.0514
australia_china_wine_tariff_2020,PAA,10,trade_policy_actions,0.1691,0.2295,,0.5369,procurement_supply_chain,0.5369,0.0498,0.0539,0.052,0.0369,0.057,0.0514,0.0514,0.0592,0.0514
australia_china_lobster_ban_2020,PAA,10,trade_policy_actions,0.1492,0.3349,,0.5369,procurement_supply_chain,0.5369,0.0498,0.0539,0.052,0.0369,0.057,0.0514,0.0514,0.0592,0.0514
south_africa_loadshedding_2023,PAA,10,resource_energy_disruptions,0.0543,-0.0783,,0.5667,procurement_supply_chain,0.5667,0.058,0.0433,0.0534,0.0479,0.0517,0.0439,0.0439,0.0474,0.0439
australia_china_wine_tariff_2020,PAAS,15,trade_policy_actions,0.0501,0.1683,,0.5369,procurement_supply_chain,0.5369,0.0498,0.0539,0.052,0.0369,0.057,0.0514,0.0514,0.0592,0.0514
australia_china_lobster_ban_2020,PAAS,15,trade_policy_actions,-0.0386,-0.0492,,0.5369,procurement_supply_chain,0.5369,0.0498,0.0539,0.052,0.0369,0.057,0.0514,0.0514,0.0592,0.0514
us_china_trade_war_2018,PAAS,15,trade_policy_actions,0.0306,0.0568,,0.5369,procurement_supply_chain,0.5369,0.0498,0.0539,0.052,0.0369,0.057,0.0514,0.0514,0.0592,0.0514
us_tariffs_2025_april,PAAS,15,trade_policy_actions,0.1479,-0.0187,,0.5369,procurement_supply_chain,0.5369,0.0498,0.0539,0.052,0.0369,0.057,0.0514,0.0514,0.0592,0.0514
fukushima_2011,PAAS,15,resource_energy_disruptions,-0.0345,-0.0031,,0.5667,procurement_supply_chain,0.5667,0.058,0.0433,0.0534,0.0479,0.0517,0.0439,0.0439,0.0474,0.0439
hong_kong_protests_2019,PAG,25,political_transitions_volatility,0.0307,0.0423,,0.6673,revenue_market_access,0.008,0.6673,0.0396,0.0371,0.0319,0.0472,0.0398,0.0398,0.0494,0.0398
turkey_lira_crisis_2021,PAG,25,political_transitions_volatility,0.034,0.0192,,0.6673,revenue_market_access,0.008,0.6673,0.0396,0.0371,0.0319,0.0472,0.0398,0.0398,0.0494,0.0398
myanmar_coup_2021,PAG,25,political_transitions_volatility,0.0897,0.3923,,0.6673,revenue_market_access,0.008,0.6673,0.0396,0.0371,0.0319,0.0472,0.0398,0.0398,0.0494,0.0398
australia_china_lobster_ban_2020,PBA,10,trade_policy_actions,0.105,0.2214,,0.5369,procurement_supply_chain,0.5369,0.0498,0.0539,0.052,0.0369,0.057,0.0514,0.0514,0.0592,0.0514
us_tariffs_2025_april,PBA,10,trade_policy_actions,0.0369,0.0302,,0.5369,procurement_supply_chain,0.5369,0.0498,0.0539,0.052,0.0369,0.057,0.0514,0.0514,0.0592,0.0514
australia_china_wine_tariff_2020,PBF,10,trade_policy_actions,0.0506,-0.043,,0.5369,procurement_supply_chain,0.5369,0.0498,0.0539,0.052,0.0369,0.057,0.0514,0.0514,0.0592,0.0514
australia_china_lobster_ban_2020,PBF,10,trade_policy_actions,0.3063,0.332,,0.5369,procurement_supply_chain,0.5369,0.0498,0.0539,0.052,0.0369,0.057,0.0514,0.0514,0.0592,0.0514
us_tariffs_2025_april,PBF,10,trade_policy_actions,-0.0932,0.2742,,0.5369,procurement_supply_chain,0.5369,0.0498,0.0539,0.052,0.0369,0.057,0.0514,0.0514,0.0592,0.0514
china_rare_earth_controls_2023,PBF,10,resource_energy_disruptions,-0.0274,0.104,,0.5667,procurement_supply_chain,0.5667,0.058,0.0433,0.0534,0.0479,0.0517,0.0439,0.0439,0.0474,0.0439
south_africa_loadshedding_2023,PBF,10,resource_energy_disruptions,0.1314,0.0369,,0.5667,procurement_supply_chain,0.5667,0.058,0.0433,0.0534,0.0479,0.0517,0.0439,0.0439,0.0474,0.0439
australia_china_wine_tariff_2020,PBR,10,trade_policy_actions,0.0986,0.1791,,0.5369,procurement_supply_chain,0.5369,0.0498,0.0539,0.052,0.0369,0.057,0.0514,0.0514,0.0592,0.0514
australia_china_lobster_ban_2020,PBR,10,trade_policy_actions,0.2776,0.641,,0.5369,procurement_supply_chain,0.5369,0.0498,0.0539,0.052,0.0369,0.057,0.0514,0.0514,0.0592,0.0514
us_tariffs_2025_april,PBR,10,trade_policy_actions,-0.0811,-0.0103,,0.5369,procurement_supply_chain,0.5369,0.0498,0.0539,0.052,0.0369,0.057,0.0514,0.0514,0.0592,0.0514
china_rare_earth_controls_2023,PBR,10,resource_energy_disruptions,0.0263,0.1073,,0.5667,procurement_supply_chain,0.5667,0.058,0.0433,0.0534,0.0479,0.0517,0.0439,0.0439,0.0474,0.0439
south_africa_loadshedding_2023,PBR,10,resource_energy_disruptions,0.0534,-0.1222,,0.5667,procurement_supply_chain,0.5667,0.058,0.0433,0.0534,0.0479,0.0517,0.0439,0.0439,0.0474,0.0439
india_fdi_ban_chinese_apps_2020,PCVX,35,regulatory_sovereignty_shifts,-0.0779,0.2013,,0.6852,regulatory_compliance_cost,0.0098,0.0342,0.0402,0.6852,0.0238,0.0468,0.0385,0.0385,0.0444,0.0385
mexico_energy_reform_2021,PCVX,35,regulatory_sovereignty_shifts,-0.0793,0.0084,,0.6852,regulatory_compliance_cost,0.0098,0.0342,0.0402,0.6852,0.0238,0.0468,0.0385,0.0385,0.0444,0.0385
hong_kong_protests_2019,PDD,25,political_transitions_volatility,0.041,0.0612,,0.6673,revenue_market_access,0.008,0.6673,0.0396,0.0371,0.0319,0.0472,0.0398,0.0398,0.0494,0.0398
myanmar_coup_2021,PDD,25,political_transitions_volatility,0.0822,-0.0751,,0.6673,revenue_market_access,0.008,0.6673,0.0396,0.0371,0.0319,0.0472,0.0398,0.0398,0.0494,0.0398
argentina_peso_devaluation_2018,PDD,25,political_transitions_volatility,0.0878,0.2018,,0.6673,revenue_market_access,0.008,0.6673,0.0396,0.0371,0.0319,0.0472,0.0398,0.0398,0.0494,0.0398
tiktok_project_texas_2022,PEN,35,regulatory_sovereignty_shifts,0.1034,0.2191,,0.6852,regulatory_compliance_cost,0.0098,0.0342,0.0402,0.6852,0.0238,0.0468,0.0385,0.0385,0.0444,0.0385
india_fdi_ban_chinese_apps_2020,PEN,35,regulatory_sovereignty_shifts,0.109,0.3511,,0.6852,regulatory_compliance_cost,0.0098,0.0342,0.0402,0.6852,0.0238,0.0468,0.0385,0.0385,0.0444,0.0385
mexico_energy_reform_2021,PEN,35,regulatory_sovereignty_shifts,-0.0299,0.0137,,0.6852,regulatory_compliance_cost,0.0098,0.0342,0.0402,0.6852,0.0238,0.0468,0.0385,0.0385,0.0444,0.0385
tiktok_project_texas_2022,PFE,35,regulatory_sovereignty_shifts,0.115,0.0762,,0.6852,regulatory_compliance_cost,0.0098,0.0342,0.0402,0.6852,0.0238,0.0468,0.0385,0.0385,0.0444,0.0385
india_fdi_ban_chinese_apps_2020,PFE,35,regulatory_sovereignty_shifts,0.0426,0.1691,,0.6852,regulatory_compliance_cost,0.0098,0.0342,0.0402,0.6852,0.0238,0.0468,0.0385,0.0385,0.0444,0.0385
turkey_lira_crisis_2021,PFGC,30,political_transitions_volatility,0.0682,0.0095,,0.6673,revenue_market_access,0.008,0.6673,0.0396,0.0371,0.0319,0.0472,0.0398,0.0398,0.0494,0.0398
myanmar_coup_2021,PFGC,30,political_transitions_volatility,0.1156,0.143,,0.6673,revenue_market_access,0.008,0.6673,0.0396,0.0371,0.0319,0.0472,0.0398,0.0398,0.0494,0.0398
turkey_lira_crisis_2021,PG,30,political_transitions_volatility,0.0286,0.02,,0.6673,revenue_market_access,0.008,0.6673,0.0396,0.0371,0.0319,0.0472,0.0398,0.0398,0.0494,0.0398
tiktok_project_texas_2022,PHG,35,regulatory_sovereignty_shifts,0.0562,-0.0538,,0.6852,regulatory_compliance_cost,0.0098,0.0342,0.0402,0.6852,0.0238,0.0468,0.0385,0.0385,0.0444,0.0385
turkey_lira_crisis_2021,PHM,25,political_transitions_volatility,0.0453,0.004,,0.6673,revenue_market_access,0.008,0.6673,0.0396,0.0371,0.0319,0.0472,0.0398,0.0398,0.0494,0.0398
myanmar_coup_2021,PHM,25,political_transitions_volatility,0.1003,0.0996,,0.6673,revenue_market_access,0.008,0.6673,0.0396,0.0371,0.0319,0.0472,0.0398,0.0398,0.0494,0.0398
argentina_peso_devaluation_2018,PHM,25,political_transitions_volatility,-0.0362,-0.1771,,0.6673,revenue_market_access,0.008,0.6673,0.0396,0.0371,0.0319,0.0472,0.0398,0.0398,0.0494,0.0398
tiktok_project_texas_2022,PINS,50,regulatory_sovereignty_shifts,0.1403,0.2272,,0.6852,regulatory_compliance_cost,0.0098,0.0342,0.0402,0.6852,0.0238,0.0468,0.0385,0.0385,0.0444,0.0385
india_fdi_ban_chinese_apps_2020,PINS,50,regulatory_sovereignty_shifts,0.1729,0.5608,,0.6852,regulatory_compliance_cost,0.0098,0.0342,0.0402,0.6852,0.0238,0.0468,0.0385,0.0385,0.0444,0.0385
australia_china_wine_tariff_2020,PKX,15,trade_policy_actions,0.1172,0.1656,,0.5369,procurement_supply_chain,0.5369,0.0498,0.0539,0.052,0.0369,0.057,0.0514,0.0514,0.0592,0.0514
australia_china_lobster_ban_2020,PKX,15,trade_policy_actions,0.0873,0.2766,,0.5369,procurement_supply_chain,0.5369,0.0498,0.0539,0.052,0.0369,0.057,0.0514,0.0514,0.0592,0.0514
south_africa_loadshedding_2023,PKX,15,resource_energy_disruptions,0.0705,0.0305,,0.5667,procurement_supply_chain,0.5667,0.058,0.0433,0.0534,0.0479,0.0517,0.0439,0.0439,0.0474,0.0439
fukushima_2011,PKX,15,resource_energy_disruptions,0.0919,0.0592,,0.5667,procurement_supply_chain,0.5667,0.058,0.0433,0.0534,0.0479,0.0517,0.0439,0.0439,0.0474,0.0439
hong_kong_protests_2019,PLNT,25,political_transitions_volatility,0.0377,-0.0439,,0.6673,revenue_market_access,0.008,0.6673,0.0396,0.0371,0.0319,0.0472,0.0398,0.0398,0.0494,0.0398
turkey_lira_crisis_2021,PLNT,25,political_transitions_volatility,0.1199,0.0866,,0.6673,revenue_market_access,0.008,0.6673,0.0396,0.0371,0.0319,0.0472,0.0398,0.0398,0.0494,0.0398
myanmar_coup_2021,PLNT,25,political_transitions_volatility,0.071,0.1174,,0.6673,revenue_market_access,0.008,0.6673,0.0396,0.0371,0.0319,0.0472,0.0398,0.0398,0.0494,0.0398
myanmar_coup_2021,PM,30,political_transitions_volatility,0.0877,0.1156,,0.6673,revenue_market_access,0.008,0.6673,0.0396,0.0371,0.0319,0.0472,0.0398,0.0398,0.0494,0.0398
hong_kong_protests_2019,PNDRY,25,political_transitions_volatility,-0.0433,0.1152,,0.6673,revenue_market_access,0.008,0.6673,0.0396,0.0371,0.0319,0.0472,0.0398,0.0398,0.0494,0.0398
turkey_lira_crisis_2021,PNDRY,25,political_transitions_volatility,0.0688,-0.0311,,0.6673,revenue_market_access,0.008,0.6673,0.0396,0.0371,0.0319,0.0472,0.0398,0.0398,0.0494,0.0398
myanmar_coup_2021,PNDRY,25,political_transitions_volatility,0.0874,0.1182,,0.6673,revenue_market_access,0.008,0.6673,0.0396,0.0371,0.0319,0.0472,0.0398,0.0398,0.0494,0.0398
tiktok_project_texas_2022,PODD,35,regulatory_sovereignty_shifts,0.1365,0.2802,,0.6852,regulatory_compliance_cost,0.0098,0.0342,0.0402,0.6852,0.0238,0.0468,0.0385,0.0385,0.0444,0.0385
india_fdi_ban_chinese_apps_2020,PODD,35,regulatory_sovereignty_shifts,0.1025,0.0635,,0.6852,regulatory_compliance_cost,0.0098,0.0342,0.0402,0.6852,0.0238,0.0468,0.0385,0.0385,0.0444,0.0385
myanmar_coup_2021,POST,30,political_transitions_volatility,0.046,0.1156,,0.6673,revenue_market_access,0.008,0.6673,0.0396,0.0371,0.0319,0.0472,0.0398,0.0398,0.0494,0.0398
hong_kong_protests_2019,PPC,30,political_transitions_volatility,-0.0644,0.0026,,0.6673,revenue_market_access,0.008,0.6673,0.0396,0.0371,0.0319,0.0472,0.0398,0.0398,0.0494,0.0398
myanmar_coup_2021,PPC,30,political_transitions_volatility,0.1555,0.2561,,0.6673,revenue_market_access,0.008,0.6673,0.0396,0.0371,0.0319,0.0472,0.0398,0.0398,0.0494,0.0398
australia_china_lobster_ban_2020,PPG,15,trade_policy_actions,0.0476,0.0481,,0.5369,procurement_supply_chain,0.5369,0.0498,0.0539,0.052,0.0369,0.057,0.0514,0.0514,0.0592,0.0514
us_tariffs_2025_april,PPG,15,trade_policy_actions,-0.0455,0.0853,,0.5369,procurement_supply_chain,0.5369,0.0498,0.0539,0.052,0.0369,0.057,0.0514,0.0514,0.0592,0.0514
australia_china_wine_tariff_2020,PR,10,trade_policy_actions,0.1935,0.9032,,0.5369,procurement_supply_chain,0.5369,0.0498,0.0539,0.052,0.0369,0.057,0.0514,0.0514,0.0592,0.0514
australia_china_lobster_ban_2020,PR,10,trade_policy_actions,0.1064,1.5487,,0.5369,procurement_supply_chain,0.5369,0.0498,0.0539,0.052,0.0369,0.057,0.0514,0.0514,0.0592,0.0514
us_tariffs_2025_april,PR,10,trade_policy_actions,-0.032,0.0816,,0.5369,procurement_supply_chain,0.5369,0.0498,0.0539,0.052,0.0369,0.057,0.0514,0.0514,0.0592,0.0514
south_africa_loadshedding_2023,PR,10,resource_energy_disruptions,0.0383,-0.0302,,0.5667,procurement_supply_chain,0.5667,0.058,0.0433,0.0534,0.0479,0.0517,0.0439,0.0439,0.0474,0.0439
tiktok_project_texas_2022,PRAX,35,regulatory_sovereignty_shifts,0.1923,0.4856,,0.6852,regulatory_compliance_cost,0.0098,0.0342,0.0402,0.6852,0.0238,0.0468,0.0385,0.0385,0.0444,0.0385
mexico_energy_reform_2021,PRAX,35,regulatory_sovereignty_shifts,0.0275,0.0534,,0.6852,regulatory_compliance_cost,0.0098,0.0342,0.0402,0.6852,0.0238,0.0468,0.0385,0.0385,0.0444,0.0385
china_rare_earth_controls_2023,PRM,15,resource_energy_disruptions,0.0407,0.1109,,0.5667,procurement_supply_chain,0.5667,0.058,0.0433,0.0534,0.0479,0.0517,0.0439,0.0439,0.0474,0.0439
hong_kong_protests_2019,PRMB,30,political_transitions_volatility,0.046,-0.0694,,0.6673,revenue_market_access,0.008,0.6673,0.0396,0.0371,0.0319,0.0472,0.0398,0.0398,0.0494,0.0398
myanmar_coup_2021,PRMB,30,political_transitions_volatility,0.1137,0.0383,,0.6673,revenue_market_access,0.008,0.6673,0.0396,0.0371,0.0319,0.0472,0.0398,0.0398,0.0494,0.0398
tiktok_project_texas_2022,PSKY,50,regulatory_sovereignty_shifts,0.0578,-0.0037,,0.6852,regulatory_compliance_cost,0.0098,0.0342,0.0402,0.6852,0.0238,0.0468,0.0385,0.0385,0.0444,0.0385
hong_kong_protests_2019,PSMT,30,political_transitions_volatility,0.037,0.2276,,0.6673,revenue_market_access,0.008,0.6673,0.0396,0.0371,0.0319,0.0472,0.0398,0.0398,0.0494,0.0398
myanmar_coup_2021,PSMT,30,political_transitions_volatility,0.0855,0.0395,,0.6673,revenue_market_access,0.008,0.6673,0.0396,0.0371,0.0319,0.0472,0.0398,0.0398,0.0494,0.0398
tiktok_project_texas_2022,PSO,50,regulatory_sovereignty_shifts,0.0462,0.1364,,0.6852,regulatory_compliance_cost,0.0098,0.0342,0.0402,0.6852,0.0238,0.0468,0.0385,0.0385,0.0444,0.0385
australia_china_wine_tariff_2020,PSX,10,trade_policy_actions,0.0627,0.1305,,0.5369,procurement_supply_chain,0.5369,0.0498,0.0539,0.052,0.0369,0.057,0.0514,0.0514,0.0592,0.0514
australia_china_lobster_ban_2020,PSX,10,trade_policy_actions,0.2235,0.4381,,0.5369,procurement_supply_chain,0.5369,0.0498,0.0539,0.052,0.0369,0.057,0.0514,0.0514,0.0592,0.0514
us_tariffs_2025_april,PSX,10,trade_policy_actions,-0.0636,0.1061,,0.5369,procurement_supply_chain,0.5369,0.0498,0.0539,0.052,0.0369,0.057,0.0514,0.0514,0.0592,0.0514
south_africa_loadshedding_2023,PSX,10,resource_energy_disruptions,0.0275,-0.0728,,0.5667,procurement_supply_chain,0.5667,0.058,0.0433,0.0534,0.0479,0.0517,0.0439,0.0439,0.0474,0.0439
china_rare_earth_controls_2023,PTCAY,15,resource_energy_disruptions,0.2729,0.2729,,0.5667,procurement_supply_chain,0.5667,0.058,0.0433,0.0534,0.0479,0.0517,0.0439,0.0439,0.0474,0.0439
tiktok_project_texas_2022,PTCT,35,regulatory_sovereignty_shifts,0.4097,0.6508,,0.6852,regulatory_compliance_cost,0.0098,0.0342,0.0402,0.6852,0.0238,0.0468,0.0385,0.0385,0.0444,0.0385
india_fdi_ban_chinese_apps_2020,PTCT,35,regulatory_sovereignty_shifts,0.0863,-0.0521,,0.6852,regulatory_compliance_cost,0.0098,0.0342,0.0402,0.6852,0.0238,0.0468,0.0385,0.0385,0.0444,0.0385
mexico_energy_reform_2021,PTCT,35,regulatory_sovereignty_shifts,-0.0265,0.0469,,0.6852,regulatory_compliance_cost,0.0098,0.0342,0.0402,0.6852,0.0238,0.0468,0.0385,0.0385,0.0444,0.0385
tiktok_project_texas_2022,PTGX,35,regulatory_sovereignty_shifts,0.1603,0.3524,,0.6852,regulatory_compliance_cost,0.0098,0.0342,0.0402,0.6852,0.0238,0.0468,0.0385,0.0385,0.0444,0.0385
india_fdi_ban_chinese_apps_2020,PTGX,35,regulatory_sovereignty_shifts,0.0552,-0.0247,,0.6852,regulatory_compliance_cost,0.0098,0.0342,0.0402,0.6852,0.0238,0.0468,0.0385,0.0385,0.0444,0.0385
turkey_lira_crisis_2021,PVH,25,political_transitions_volatility,0.0522,-0.0072,,0.6673,revenue_market_access,0.008,0.6673,0.0396,0.0371,0.0319,0.0472,0.0398,0.0398,0.0494,0.0398
myanmar_coup_2021,PVH,25,political_transitions_volatility,0.1551,0.2856,,0.6673,revenue_market_access,0.008,0.6673,0.0396,0.0371,0.0319,0.0472,0.0398,0.0398,0.0494,0.0398
argentina_peso_devaluation_2018,PVH,25,political_transitions_volatility,-0.0644,-0.1103,,0.6673,revenue_market_access,0.008,0.6673,0.0396,0.0371,0.0319,0.0472,0.0398,0.0398,0.0494,0.0398
tiktok_project_texas_2022,QGEN,35,regulatory_sovereignty_shifts,0.0755,0.1309,,0.6852,regulatory_compliance_cost,0.0098,0.0342,0.0402,0.6852,0.0238,0.0468,0.0385,0.0385,0.0444,0.0385
turkey_lira_crisis_2021,QSR,25,political_transitions_volatility,0.0548,-0.0083,,0.6673,revenue_market_access,0.008,0.6673,0.0396,0.0371,0.0319,0.0472,0.0398,0.0398,0.0494,0.0398
hong_kong_protests_2019,RACE,25,political_transitions_volatility,0.0253,0.1203,,0.6673,revenue_market_access,0.008,0.6673,0.0396,0.0371,0.0319,0.0472,0.0398,0.0398,0.0494,0.0398
myanmar_coup_2021,RACE,25,political_transitions_volatility,-0.0383,-0.0939,,0.6673,revenue_market_access,0.008,0.6673,0.0396,0.0371,0.0319,0.0472,0.0398,0.0398,0.0494,0.0398
argentina_peso_devaluation_2018,RACE,25,political_transitions_volatility,-0.0457,-0.1251,,0.6673,revenue_market_access,0.008,0.6673,0.0396,0.0371,0.0319,0.0472,0.0398,0.0398,0.0494,0.0398
tiktok_project_texas_2022,RBLX,50,regulatory_sovereignty_shifts,0.3372,0.6855,,0.6852,regulatory_compliance_cost,0.0098,0.0342,0.0402,0.6852,0.0238,0.0468,0.0385,0.0385,0.0444,0.0385
mexico_energy_reform_2021,RBLX,50,regulatory_sovereignty_shifts,-0.0681,0.4232,,0.6852,regulatory_compliance_cost,0.0098,0.0342,0.0402,0.6852,0.0238,0.0468,0.0385,0.0385,0.0444,0.0385
tiktok_project_texas_2022,RCI,50,regulatory_sovereignty_shifts,0.0596,-0.0117,,0.6852,regulatory_compliance_cost,0.0098,0.0342,0.0402,0.6852,0.0238,0.0468,0.0385,0.0385,0.0444,0.0385
turkey_lira_crisis_2021,RCL,25,political_transitions_volatility,0.0836,0.1218,,0.6673,revenue_market_access,0.008,0.6673,0.0396,0.0371,0.0319,0.0472,0.0398,0.0398,0.0494,0.0398
myanmar_coup_2021,RCL,25,political_transitions_volatility,0.0753,0.3615,,0.6673,revenue_market_access,0.008,0.6673,0.0396,0.0371,0.0319,0.0472,0.0398,0.0398,0.0494,0.0398
tiktok_project_texas_2022,RDY,35,regulatory_sovereignty_shifts,0.0459,-0.0204,,0.6852,regulatory_compliance_cost,0.0098,0.0342,0.0402,0.6852,0.0238,0.0468,0.0385,0.0385,0.0444,0.0385
india_fdi_ban_chinese_apps_2020,RDY,35,regulatory_sovereignty_shifts,-0.0298,0.1626,,0.6852,regulatory_compliance_cost,0.0098,0.0342,0.0402,0.6852,0.0238,0.0468,0.0385,0.0385,0.0444,0.0385
mexico_energy_reform_2021,RDY,35,regulatory_sovereignty_shifts,-0.0303,-0.0191,,0.6852,regulatory_compliance_cost,0.0098,0.0342,0.0402,0.6852,0.0238,0.0468,0.0385,0.0385,0.0444,0.0385
tiktok_project_texas_2022,REGN,35,regulatory_sovereignty_shifts,0.0369,-0.0103,,0.6852,regulatory_compliance_cost,0.0098,0.0342,0.0402,0.6852,0.0238,0.0468,0.0385,0.0385,0.0444,0.0385
india_fdi_ban_chinese_apps_2020,REGN,35,regulatory_sovereignty_shifts,0.0491,-0.0197,,0.6852,regulatory_compliance_cost,0.0098,0.0342,0.0402,0.6852,0.0238,0.0468,0.0385,0.0385,0.0444,0.0385
mexico_energy_reform_2021,REGN,35,regulatory_sovereignty_shifts,-0.0364,0.1058,,0.6852,regulatory_compliance_cost,0.0098,0.0342,0.0402,0.6852,0.0238,0.0468,0.0385,0.0385,0.0444,0.0385
tiktok_project_texas_2022,RGC,35,regulatory_sovereignty_shifts,-0.3184,-0.2319,,0.6852,regulatory_compliance_cost,0.0098,0.0342,0.0402,0.6852,0.0238,0.0468,0.0385,0.0385,0.0444,0.0385
mexico_energy_reform_2021,RGC,35,regulatory_sovereignty_shifts,-0.1626,0.1017,,0.6852,regulatory_compliance_cost,0.0098,0.0342,0.0402,0.6852,0.0238,0.0468,0.0385,0.0385,0.0444,0.0385
tiktok_project_texas_2022,RGEN,35,regulatory_sovereignty_shifts,0.155,0.6629,,0.6852,regulatory_compliance_cost,0.0098,0.0342,0.0402,0.6852,0.0238,0.0468,0.0385,0.0385,0.0444,0.0385
india_fdi_ban_chinese_apps_2020,RGEN,35,regulatory_sovereignty_shifts,0.0424,0.1924,,0.6852,regulatory_compliance_cost,0.0098,0.0342,0.0402,0.6852,0.0238,0.0468,0.0385,0.0385,0.0444,0.0385
mexico_energy_reform_2021,RGEN,35,regulatory_sovereignty_shifts,-0.081,-0.082,,0.6852,regulatory_compliance_cost,0.0098,0.0342,0.0402,0.6852,0.0238,0.0468,0.0385,0.0385,0.0444,0.0385
australia_china_lobster_ban_2020,RGLD,15,trade_policy_actions,-0.0356,-0.0925,,0.5369,procurement_supply_chain,0.5369,0.0498,0.0539,0.052,0.0369,0.057,0.0514,0.0514,0.0592,0.0514
us_tariffs_2025_april,RGLD,15,trade_policy_actions,0.1332,0.0741,,0.5369,procurement_supply_chain,0.5369,0.0498,0.0539,0.052,0.0369,0.057,0.0514,0.0514,0.0592,0.0514
fukushima_2011,RGLD,15,resource_energy_disruptions,0.0296,0.2213,,0.5667,procurement_supply_chain,0.5667,0.058,0.0433,0.0534,0.0479,0.0517,0.0439,0.0439,0.0474,0.0439
australia_china_wine_tariff_2020,RIG,10,trade_policy_actions,0.0433,0.5721,,0.5369,procurement_supply_chain,0.5369,0.0498,0.0539,0.052,0.0369,0.057,0.0514,0.0514,0.0592,0.0514
australia_china_lobster_ban_2020,RIG,10,trade_policy_actions,0.2644,1.7816,,0.5369,procurement_supply_chain,0.5369,0.0498,0.0539,0.052,0.0369,0.057,0.0514,0.0514,0.0592,0.0514
us_tariffs_2025_april,RIG,10,trade_policy_actions,-0.1037,0.0,,0.5369,procurement_supply_chain,0.5369,0.0498,0.0539,0.052,0.0369,0.057,0.0514,0.0514,0.0592,0.0514
fukushima_2011,RIG,10,resource_energy_disruptions,-0.0252,-0.0879,,0.5667,procurement_supply_chain,0.5667,0.058,0.0433,0.0534,0.0479,0.0517,0.0439,0.0439,0.0474,0.0439
australia_china_wine_tariff_2020,RIO,15,trade_policy_actions,0.1192,0.2721,,0.5369,procurement_supply_chain,0.5369,0.0498,0.0539,0.052,0.0369,0.057,0.0514,0.0514,0.0592,0.0514
australia_china_lobster_ban_2020,RIO,15,trade_policy_actions,0.0661,0.2904,,0.5369,procurement_supply_chain,0.5369,0.0498,0.0539,0.052,0.0369,0.057,0.0514,0.0514,0.0592,0.0514
us_tariffs_2025_april,RIO,15,trade_policy_actions,0.0279,0.0991,,0.5369,procurement_supply_chain,0.5369,0.0498,0.0539,0.052,0.0369,0.057,0.0514,0.0514,0.0592,0.0514
turkey_lira_crisis_2021,RIVN,25,political_transitions_volatility,0.0961,-0.2874,,0.6673,revenue_market_access,0.008,0.6673,0.0396,0.0371,0.0319,0.0472,0.0398,0.0398,0.0494,0.0398
myanmar_coup_2021,RL,25,political_transitions_volatility,0.0754,0.1881,,0.6673,revenue_market_access,0.008,0.6673,0.0396,0.0371,0.0319,0.0472,0.0398,0.0398,0.0494,0.0398
tiktok_project_texas_2022,RMD,35,regulatory_sovereignty_shifts,0.0762,0.2113,,0.6852,regulatory_compliance_cost,0.0098,0.0342,0.0402,0.6852,0.0238,0.0468,0.0385,0.0385,0.0444,0.0385
mexico_energy_reform_2021,RMD,35,regulatory_sovereignty_shifts,-0.0317,-0.0266,,0.6852,regulatory_compliance_cost,0.0098,0.0342,0.0402,0.6852,0.0238,0.0468,0.0385,0.0385,0.0444,0.0385
tiktok_project_texas_2022,ROIV,35,regulatory_sovereignty_shifts,0.0685,-0.1553,,0.6852,regulatory_compliance_cost,0.0098,0.0342,0.0402,0.6852,0.0238,0.0468,0.0385,0.0385,0.0444,0.0385
mexico_energy_reform_2021,ROIV,35,regulatory_sovereignty_shifts,-0.3144,-0.1016,,0.6852,regulatory_compliance_cost,0.0098,0.0342,0.0402,0.6852,0.0238,0.0468,0.0385,0.0385,0.0444,0.0385
tiktok_project_texas_2022,ROKU,50,regulatory_sovereignty_shifts,0.1496,-0.0814,,0.6852,regulatory_compliance_cost,0.0098,0.0342,0.0402,0.6852,0.0238,0.0468,0.0385,0.0385,0.0444,0.0385
india_fdi_ban_chinese_apps_2020,ROKU,50,regulatory_sovereignty_shifts,0.1336,0.2726,,0.6852,regulatory_compliance_cost,0.0098,0.0342,0.0402,0.6852,0.0238,0.0468,0.0385,0.0385,0.0444,0.0385
mexico_energy_reform_2021,ROKU,50,regulatory_sovereignty_shifts,0.0283,-0.1243,,0.6852,regulatory_compliance_cost,0.0098,0.0342,0.0402,0.6852,0.0238,0.0468,0.0385,0.0385,0.0444,0.0385
hong_kong_protests_2019,ROL,25,political_transitions_volatility,-0.0262,-0.0088,,0.6673,revenue_market_access,0.008,0.6673,0.0396,0.0371,0.0319,0.0472,0.0398,0.0398,0.0494,0.0398
myanmar_coup_2021,ROL,25,political_transitions_volatility,0.0279,-0.0875,,0.6673,revenue_market_access,0.008,0.6673,0.0396,0.0371,0.0319,0.0472,0.0398,0.0398,0.0494,0.0398
hong_kong_protests_2019,ROST,25,political_transitions_volatility,0.0256,0.0728,,0.6673,revenue_market_access,0.008,0.6673,0.0396,0.0371,0.0319,0.0472,0.0398,0.0398,0.0494,0.0398
turkey_lira_crisis_2021,ROST,25,political_transitions_volatility,0.0398,-0.0882,,0.6673,revenue_market_access,0.008,0.6673,0.0396,0.0371,0.0319,0.0472,0.0398,0.0398,0.0494,0.0398
myanmar_coup_2021,ROST,25,political_transitions_volatility,0.0734,0.1002,,0.6673,revenue_market_access,0.008,0.6673,0.0396,0.0371,0.0319,0.0472,0.0398,0.0398,0.0494,0.0398
tiktok_project_texas_2022,RPRX,35,regulatory_sovereignty_shifts,0.0884,0.0793,,0.6852,regulatory_compliance_cost,0.0098,0.0342,0.0402,0.6852,0.0238,0.0468,0.0385,0.0385,0.0444,0.0385
india_fdi_ban_chinese_apps_2020,RPRX,35,regulatory_sovereignty_shifts,-0.0345,-0.0607,,0.6852,regulatory_compliance_cost,0.0098,0.0342,0.0402,0.6852,0.0238,0.0468,0.0385,0.0385,0.0444,0.0385
australia_china_wine_tariff_2020,RRC,10,trade_policy_actions,-0.0463,0.1774,,0.5369,procurement_supply_chain,0.5369,0.0498,0.0539,0.052,0.0369,0.057,0.0514,0.0514,0.0592,0.0514
australia_china_lobster_ban_2020,RRC,10,trade_policy_actions,0.0959,0.0818,,0.5369,procurement_supply_chain,0.5369,0.0498,0.0539,0.052,0.0369,0.057,0.0514,0.0514,0.0592,0.0514
us_china_trade_war_2018,RRC,10,trade_policy_actions,-0.039,-0.0998,,0.5369,procurement_supply_chain,0.5369,0.0498,0.0539,0.052,0.0369,0.057,0.0514,0.0514,0.0592,0.0514
south_africa_loadshedding_2023,RRC,10,resource_energy_disruptions,0.0343,0.0019,,0.5667,procurement_supply_chain,0.5667,0.058,0.0433,0.0534,0.0479,0.0517,0.0439,0.0439,0.0474,0.0439
fukushima_2011,RRC,10,resource_energy_disruptions,0.079,0.0951,,0.5667,procurement_supply_chain,0.5667,0.058,0.0433,0.0534,0.0479,0.0517,0.0439,0.0439,0.0474,0.0439
hong_kong_protests_2019,RRR,25,political_transitions_volatility,0.0683,-0.0147,,0.6673,revenue_market_access,0.008,0.6673,0.0396,0.0371,0.0319,0.0472,0.0398,0.0398,0.0494,0.0398
turkey_lira_crisis_2021,RRR,25,political_transitions_volatility,0.0939,-0.0901,,0.6673,revenue_market_access,0.008,0.6673,0.0396,0.0371,0.0319,0.0472,0.0398,0.0398,0.0494,0.0398
myanmar_coup_2021,RRR,25,political_transitions_volatility,0.1969,0.4837,,0.6673,revenue_market_access,0.008,0.6673,0.0396,0.0371,0.0319,0.0472,0.0398,0.0398,0.0494,0.0398
argentina_peso_devaluation_2018,RRR,25,political_transitions_volatility,-0.0868,-0.244,,0.6673,revenue_market_access,0.008,0.6673,0.0396,0.0371,0.0319,0.0472,0.0398,0.0398,0.0494,0.0398
australia_china_lobster_ban_2020,RS,15,trade_policy_actions,0.0663,0.0822,,0.5369,procurement_supply_chain,0.5369,0.0498,0.0539,0.052,0.0369,0.057,0.0514,0.0514,0.0592,0.0514
south_africa_loadshedding_2023,RS,15,resource_energy_disruptions,0.0707,0.115,,0.5667,procurement_supply_chain,0.5667,0.058,0.0433,0.0534,0.0479,0.0517,0.0439,0.0439,0.0474,0.0439
turkey_lira_crisis_2021,RSI,25,political_transitions_volatility,0.0531,-0.3206,,0.6673,revenue_market_access,0.008,0.6673,0.0396,0.0371,0.0319,0.0472,0.0398,0.0398,0.0494,0.0398
myanmar_coup_2021,RSI,25,political_transitions_volatility,0.1169,0.0567,,0.6673,revenue_market_access,0.008,0.6673,0.0396,0.0371,0.0319,0.0472,0.0398,0.0398,0.0494,0.0398
australia_china_wine_tariff_2020,RTNTF,15,trade_policy_actions,-0.0291,0.2756,,0.5369,procurement_supply_chain,0.5369,0.0498,0.0539,0.052,0.0369,0.057,0.0514,0.0514,0.0592,0.0514
us_china_trade_war_2018,RTNTF,15,trade_policy_actions,-0.0456,0.0368,,0.5369,procurement_supply_chain,0.5369,0.0498,0.0539,0.052,0.0369,0.057,0.0514,0.0514,0.0592,0.0514
fukushima_2011,RTNTF,15,resource_energy_disruptions,-0.0321,0.1307,,0.5667,procurement_supply_chain,0.5667,0.058,0.0433,0.0534,0.0479,0.0517,0.0439,0.0439,0.0474,0.0439
turkey_lira_crisis_2021,RUSHA,25,political_transitions_volatility,0.0411,0.0127,,0.6673,revenue_market_access,0.008,0.6673,0.0396,0.0371,0.0319,0.0472,0.0398,0.0398,0.0494,0.0398
myanmar_coup_2021,RUSHA,25,political_transitions_volatility,0.03,0.1629,,0.6673,revenue_market_access,0.008,0.6673,0.0396,0.0371,0.0319,0.0472,0.0398,0.0398,0.0494,0.0398
argentina_peso_devaluation_2018,RUSHA,25,political_transitions_volatility,-0.0513,-0.1529,,0.6673,revenue_market_access,0.008,0.6673,0.0396,0.0371,0.0319,0.0472,0.0398,0.0398,0.0494,0.0398
tiktok_project_texas_2022,RVMD,35,regulatory_sovereignty_shifts,0.0272,0.131,,0.6852,regulatory_compliance_cost,0.0098,0.0342,0.0402,0.6852,0.0238,0.0468,0.0385,0.0385,0.0444,0.0385
india_fdi_ban_chinese_apps_2020,RVMD,35,regulatory_sovereignty_shifts,-0.1463,-0.0825,,0.6852,regulatory_compliance_cost,0.0098,0.0342,0.0402,0.6852,0.0238,0.0468,0.0385,0.0385,0.0444,0.0385
mexico_energy_reform_2021,RVMD,35,regulatory_sovereignty_shifts,-0.046,0.1274,,0.6852,regulatory_compliance_cost,0.0098,0.0342,0.0402,0.6852,0.0238,0.0468,0.0385,0.0385,0.0444,0.0385
tiktok_project_texas_2022,RVTY,35,regulatory_sovereignty_shifts,0.0746,0.1428,,0.6852,regulatory_compliance_cost,0.0098,0.0342,0.0402,0.6852,0.0238,0.0468,0.0385,0.0385,0.0444,0.0385
india_fdi_ban_chinese_apps_2020,RVTY,35,regulatory_sovereignty_shifts,0.0409,0.2304,,0.6852,regulatory_compliance_cost,0.0098,0.0342,0.0402,0.6852,0.0238,0.0468,0.0385,0.0385,0.0444,0.0385
tiktok_project_texas_2022,RYTM,35,regulatory_sovereignty_shifts,0.1878,2.5964,,0.6852,regulatory_compliance_cost,0.0098,0.0342,0.0402,0.6852,0.0238,0.0468,0.0385,0.0385,0.0444,0.0385
mexico_energy_reform_2021,RYTM,35,regulatory_sovereignty_shifts,-0.1215,0.0061,,0.6852,regulatory_compliance_cost,0.0098,0.0342,0.0402,0.6852,0.0238,0.0468,0.0385,0.0385,0.0444,0.0385
india_fdi_ban_chinese_apps_2020,SATS,50,regulatory_sovereignty_shifts,-0.0905,0.1299,,0.6852,regulatory_compliance_cost,0.0098,0.0342,0.0402,0.6852,0.0238,0.0468,0.0385,0.0385,0.0444,0.0385
australia_china_wine_tariff_2020,SBSW,15,trade_policy_actions,0.0584,0.1926,,0.5369,procurement_supply_chain,0.5369,0.0498,0.0539,0.052,0.0369,0.057,0.0514,0.0514,0.0592,0.0514
australia_china_lobster_ban_2020,SBSW,15,trade_policy_actions,0.0301,0.135,,0.5369,procurement_supply_chain,0.5369,0.0498,0.0539,0.052,0.0369,0.057,0.0514,0.0514,0.0592,0.0514
us_tariffs_2025_april,SBSW,15,trade_policy_actions,0.2827,0.5681,,0.5369,procurement_supply_chain,0.5369,0.0498,0.0539,0.052,0.0369,0.057,0.0514,0.0514,0.0592,0.0514
turkey_lira_crisis_2021,SBUX,25,political_transitions_volatility,0.0515,-0.0909,,0.6673,revenue_market_access,0.008,0.6673,0.0396,0.0371,0.0319,0.0472,0.0398,0.0398,0.0494,0.0398
myanmar_coup_2021,SBUX,25,political_transitions_volatility,0.0779,0.1342,,0.6673,revenue_market_access,0.008,0.6673,0.0396,0.0371,0.0319,0.0472,0.0398,0.0398,0.0494,0.0398
argentina_peso_devaluation_2018,SBUX,25,political_transitions_volatility,0.0331,0.0631,,0.6673,revenue_market_access,0.008,0.6673,0.0396,0.0371,0.0319,0.0472,0.0398,0.0398,0.0494,0.0398
south_africa_loadshedding_2023,SCCO,15,resource_energy_disruptions,0.0361,-0.0301,,0.5667,procurement_supply_chain,0.5667,0.058,0.0433,0.0534,0.0479,0.0517,0.0439,0.0439,0.0474,0.0439
turkey_lira_crisis_2021,SCI,25,political_transitions_volatility,0.047,-0.0887,,0.6673,revenue_market_access,0.008,0.6673,0.0396,0.0371,0.0319,0.0472,0.0398,0.0398,0.0494,0.0398
myanmar_coup_2021,SCI,25,political_transitions_volatility,0.0359,-0.0214,,0.6673,revenue_market_access,0.008,0.6673,0.0396,0.0371,0.0319,0.0472,0.0398,0.0398,0.0494,0.0398
hong_kong_protests_2019,SE,25,political_transitions_volatility,-0.0292,0.1368,,0.6673,revenue_market_access,0.008,0.6673,0.0396,0.0371,0.0319,0.0472,0.0398,0.0398,0.0494,0.0398
turkey_lira_crisis_2021,SE,25,political_transitions_volatility,0.032,-0.2531,,0.6673,revenue_market_access,0.008,0.6673,0.0396,0.0371,0.0319,0.0472,0.0398,0.0398,0.0494,0.0398
myanmar_coup_2021,SE,25,political_transitions_volatility,0.1282,-0.0003,,0.6673,revenue_market_access,0.008,0.6673,0.0396,0.0371,0.0319,0.0472,0.0398,0.0398,0.0494,0.0398
argentina_peso_devaluation_2018,SE,25,political_transitions_volatility,-0.0281,-0.08,,0.6673,revenue_market_access,0.008,0.6673,0.0396,0.0371,0.0319,0.0472,0.0398,0.0398,0.0494,0.0398
australia_china_wine_tariff_2020,SEI,10,trade_policy_actions,0.1007,0.4317,,0.5369,procurement_supply_chain,0.5369,0.0498,0.0539,0.052,0.0369,0.057,0.0514,0.0514,0.0592,0.0514
australia_china_lobster_ban_2020,SEI,10,trade_policy_actions,0.1107,0.6007,,0.5369,procurement_supply_chain,0.5369,0.0498,0.0539,0.052,0.0369,0.057,0.0514,0.0514,0.0592,0.0514
us_tariffs_2025_april,SEI,10,trade_policy_actions,-0.0647,0.3068,,0.5369,procurement_supply_chain,0.5369,0.0498,0.0539,0.052,0.0369,0.057,0.0514,0.0514,0.0592,0.0514
china_rare_earth_controls_2023,SEI,10,resource_energy_disruptions,-0.0257,-0.0783,,0.5667,procurement_supply_chain,0.5667,0.058,0.0433,0.0534,0.0479,0.0517,0.0439,0.0439,0.0474,0.0439
south_africa_loadshedding_2023,SEI,10,resource_energy_disruptions,0.0296,-0.1858,,0.5667,procurement_supply_chain,0.5667,0.058,0.0433,0.0534,0.0479,0.0517,0.0439,0.0439,0.0474,0.0439
argentina_peso_devaluation_2018,SFM,30,political_transitions_volatility,0.1259,0.0647,,0.6673,revenue_market_access,0.008,0.6673,0.0396,0.0371,0.0319,0.0472,0.0398,0.0398,0.0494,0.0398
hong_kong_protests_2019,SGI,25,political_transitions_volatility,0.0382,0.1528,,0.6673,revenue_market_access,0.008,0.6673,0.0396,0.0371,0.0319,0.0472,0.0398,0.0398,0.0494,0.0398
turkey_lira_crisis_2021,SGI,25,political_transitions_volatility,0.0298,-0.1207,,0.6673,revenue_market_access,0.008,0.6673,0.0396,0.0371,0.0319,0.0472,0.0398,0.0398,0.0494,0.0398
myanmar_coup_2021,SGI,25,political_transitions_volatility,0.0746,0.411,,0.6673,revenue_market_access,0.008,0.6673,0.0396,0.0371,0.0319,0.0472,0.0398,0.0398,0.0494,0.0398
argentina_peso_devaluation_2018,SGI,25,political_transitions_volatility,-0.0513,-0.1485,,0.6673,revenue_market_access,0.008,0.6673,0.0396,0.0371,0.0319,0.0472,0.0398,0.0398,0.0494,0.0398
australia_china_wine_tariff_2020,SHEL,10,trade_policy_actions,0.054,0.1356,,0.5369,procurement_supply_chain,0.5369,0.0498,0.0539,0.052,0.0369,0.057,0.0514,0.0514,0.0592,0.0514
australia_china_lobster_ban_2020,SHEL,10,trade_policy_actions,0.182,0.423,,0.5369,procurement_supply_chain,0.5369,0.0498,0.0539,0.052,0.0369,0.057,0.0514,0.0514,0.0592,0.0514
south_africa_loadshedding_2023,SHEL,10,resource_energy_disruptions,0.0449,-0.0788,,0.5667,procurement_supply_chain,0.5667,0.058,0.0433,0.0534,0.0479,0.0517,0.0439,0.0439,0.0474,0.0439
australia_china_wine_tariff_2020,SHW,15,trade_policy_actions,-0.0406,0.0046,,0.5369,procurement_supply_chain,0.5369,0.0498,0.0539,0.052,0.0369,0.057,0.0514,0.0514,0.0592,0.0514
australia_china_wine_tariff_2020,SIM,15,trade_policy_actions,0.0588,0.3355,,0.5369,procurement_supply_chain,0.5369,0.0498,0.0539,0.052,0.0369,0.057,0.0514,0.0514,0.0592,0.0514
australia_china_lobster_ban_2020,SIM,15,trade_policy_actions,0.1082,0.0683,,0.5369,procurement_supply_chain,0.5369,0.0498,0.0539,0.052,0.0369,0.057,0.0514,0.0514,0.0592,0.0514
us_china_trade_war_2018,SIM,15,trade_policy_actions,-0.0431,0.0284,,0.5369,procurement_supply_chain,0.5369,0.0498,0.0539,0.052,0.0369,0.057,0.0514,0.0514,0.0592,0.0514
us_tariffs_2025_april,SIM,15,trade_policy_actions,-0.0849,-0.0117,,0.5369,procurement_supply_chain,0.5369,0.0498,0.0539,0.052,0.0369,0.057,0.0514,0.0514,0.0592,0.0514
south_africa_loadshedding_2023,SIM,15,resource_energy_disruptions,0.0876,0.0517,,0.5667,procurement_supply_chain,0.5667,0.058,0.0433,0.0534,0.0479,0.0517,0.0439,0.0439,0.0474,0.0439
tiktok_project_texas_2022,SIRI,50,regulatory_sovereignty_shifts,0.0701,0.1436,,0.6852,regulatory_compliance_cost,0.0098,0.0342,0.0402,0.6852,0.0238,0.0468,0.0385,0.0385,0.0444,0.0385
argentina_peso_devaluation_2018,SJM,30,political_transitions_volatility,0.0637,0.0018,,0.6673,revenue_market_access,0.008,0.6673,0.0396,0.0371,0.0319,0.0472,0.0398,0.0398,0.0494,0.0398
tiktok_project_texas_2022,SKM,50,regulatory_sovereignty_shifts,0.0512,0.0177,,0.6852,regulatory_compliance_cost,0.0098,0.0342,0.0402,0.6852,0.0238,0.0468,0.0385,0.0385,0.0444,0.0385
india_fdi_ban_chinese_apps_2020,SKM,50,regulatory_sovereignty_shifts,0.0524,0.1645,,0.6852,regulatory_compliance_cost,0.0098,0.0342,0.0402,0.6852,0.0238,0.0468,0.0385,0.0385,0.0444,0.0385
mexico_energy_reform_2021,SKM,50,regulatory_sovereignty_shifts,-0.0792,-0.0153,,0.6852,regulatory_compliance_cost,0.0098,0.0342,0.0402,0.6852,0.0238,0.0468,0.0385,0.0385,0.0444,0.0385
australia_china_wine_tariff_2020,SLB,10,trade_policy_actions,0.0782,0.2019,,0.5369,procurement_supply_chain,0.5369,0.0498,0.0539,0.052,0.0369,0.057,0.0514,0.0514,0.0592,0.0514
australia_china_lobster_ban_2020,SLB,10,trade_policy_actions,0.1618,0.458,,0.5369,procurement_supply_chain,0.5369,0.0498,0.0539,0.052,0.0369,0.057,0.0514,0.0514,0.0592,0.0514
us_tariffs_2025_april,SLB,10,trade_policy_actions,-0.0509,-0.062,,0.5369,procurement_supply_chain,0.5369,0.0498,0.0539,0.052,0.0369,0.057,0.0514,0.0514,0.0592,0.0514
south_africa_loadshedding_2023,SLB,10,resource_energy_disruptions,0.036,-0.1722,,0.5667,procurement_supply_chain,0.5667,0.058,0.0433,0.0534,0.0479,0.0517,0.0439,0.0439,0.0474,0.0439
australia_china_wine_tariff_2020,SM,10,trade_policy_actions,0.0727,1.2841,,0.5369,procurement_supply_chain,0.5369,0.0498,0.0539,0.052,0.0369,0.057,0.0514,0.0514,0.0592,0.0514
australia_china_lobster_ban_2020,SM,10,trade_policy_actions,0.2337,2.1685,,0.5369,procurement_supply_chain,0.5369,0.0498,0.0539,0.052,0.0369,0.057,0.0514,0.0514,0.0592,0.0514
us_china_trade_war_2018,SM,10,trade_policy_actions,-0.0317,0.2729,,0.5369,procurement_supply_chain,0.5369,0.0498,0.0539,0.052,0.0369,0.057,0.0514,0.0514,0.0592,0.0514
us_tariffs_2025_april,SM,10,trade_policy_actions,-0.0934,-0.05,,0.5369,procurement_supply_chain,0.5369,0.0498,0.0539,0.052,0.0369,0.057,0.0514,0.0514,0.0592,0.0514
fukushima_2011,SM,10,resource_energy_disruptions,0.0273,0.0607,,0.5667,procurement_supply_chain,0.5667,0.058,0.0433,0.0534,0.0479,0.0517,0.0439,0.0439,0.0474,0.0439
tiktok_project_texas_2022,SMMT,35,regulatory_sovereignty_shifts,0.0408,-0.0102,,0.6852,regulatory_compliance_cost,0.0098,0.0342,0.0402,0.6852,0.0238,0.0468,0.0385,0.0385,0.0444,0.0385
india_fdi_ban_chinese_apps_2020,SMMT,35,regulatory_sovereignty_shifts,0.0954,0.1645,,0.6852,regulatory_compliance_cost,0.0098,0.0342,0.0402,0.6852,0.0238,0.0468,0.0385,0.0385,0.0444,0.0385
mexico_energy_reform_2021,SMMT,35,regulatory_sovereignty_shifts,-0.0254,0.0568,,0.6852,regulatory_compliance_cost,0.0098,0.0342,0.0402,0.6852,0.0238,0.0468,0.0385,0.0385,0.0444,0.0385
tiktok_project_texas_2022,SNAP,50,regulatory_sovereignty_shifts,0.1723,-0.2053,,0.6852,regulatory_compliance_cost,0.0098,0.0342,0.0402,0.6852,0.0238,0.0468,0.0385,0.0385,0.0444,0.0385
india_fdi_ban_chinese_apps_2020,SNAP,50,regulatory_sovereignty_shifts,0.0745,-0.0645,,0.6852,regulatory_compliance_cost,0.0098,0.0342,0.0402,0.6852,0.0238,0.0468,0.0385,0.0385,0.0444,0.0385
tiktok_project_texas_2022,SNN,35,regulatory_sovereignty_shifts,0.0271,-0.1036,,0.6852,regulatory_compliance_cost,0.0098,0.0342,0.0402,0.6852,0.0238,0.0468,0.0385,0.0385,0.0444,0.0385
india_fdi_ban_chinese_apps_2020,SNN,35,regulatory_sovereignty_shifts,0.0409,0.0794,,0.6852,regulatory_compliance_cost,0.0098,0.0342,0.0402,0.6852,0.0238,0.0468,0.0385,0.0385,0.0444,0.0385
mexico_energy_reform_2021,SNN,35,regulatory_sovereignty_shifts,-0.0276,0.0119,,0.6852,regulatory_compliance_cost,0.0098,0.0342,0.0402,0.6852,0.0238,0.0468,0.0385,0.0385,0.0444,0.0385
tiktok_project_texas_2022,SNY,35,regulatory_sovereignty_shifts,0.0691,-0.0081,,0.6852,regulatory_compliance_cost,0.0098,0.0342,0.0402,0.6852,0.0238,0.0468,0.0385,0.0385,0.0444,0.0385
turkey_lira_crisis_2021,SON,25,political_transitions_volatility,-0.0283,-0.0169,,0.6673,revenue_market_access,0.008,0.6673,0.0396,0.0371,0.0319,0.0472,0.0398,0.0398,0.0494,0.0398
myanmar_coup_2021,SON,25,political_transitions_volatility,0.0385,0.0861,,0.6673,revenue_market_access,0.008,0.6673,0.0396,0.0371,0.0319,0.0472,0.0398,0.0398,0.0494,0.0398
tiktok_project_texas_2022,SPOT,50,regulatory_sovereignty_shifts,0.0705,0.1685,,0.6852,regulatory_compliance_cost,0.0098,0.0342,0.0402,0.6852,0.0238,0.0468,0.0385,0.0385,0.0444,0.0385
australia_china_lobster_ban_2020,SQM,15,trade_policy_actions,0.11,0.2316,,0.5369,procurement_supply_chain,0.5369,0.0498,0.0539,0.052,0.0369,0.057,0.0514,0.0514,0.0592,0.0514
us_china_trade_war_2018,SQM,15,trade_policy_actions,0.0498,0.1738,,0.5369,procurement_supply_chain,0.5369,0.0498,0.0539,0.052,0.0369,0.057,0.0514,0.0514,0.0592,0.0514
us_tariffs_2025_april,SQM,15,trade_policy_actions,-0.0259,-0.062,,0.5369,procurement_supply_chain,0.5369,0.0498,0.0539,0.052,0.0369,0.057,0.0514,0.0514,0.0592,0.0514
china_rare_earth_controls_2023,SQM,15,resource_energy_disruptions,0.0292,-0.3075,,0.5667,procurement_supply_chain,0.5667,0.058,0.0433,0.0534,0.0479,0.0517,0.0439,0.0439,0.0474,0.0439
south_africa_loadshedding_2023,SQM,15,resource_energy_disruptions,0.0415,-0.1189,,0.5667,procurement_supply_chain,0.5667,0.058,0.0433,0.0534,0.0479,0.0517,0.0439,0.0439,0.0474,0.0439
tiktok_project_texas_2022,SRRK,35,regulatory_sovereignty_shifts,0.3618,0.2041,,0.6852,regulatory_compliance_cost,0.0098,0.0342,0.0402,0.6852,0.0238,0.0468,0.0385,0.0385,0.0444,0.0385
india_fdi_ban_chinese_apps_2020,SRRK,35,regulatory_sovereignty_shifts,-0.0606,-0.2949,,0.6852,regulatory_compliance_cost,0.0098,0.0342,0.0402,0.6852,0.0238,0.0468,0.0385,0.0385,0.0444,0.0385
mexico_energy_reform_2021,SRRK,35,regulatory_sovereignty_shifts,-0.1403,0.0994,,0.6852,regulatory_compliance_cost,0.0098,0.0342,0.0402,0.6852,0.0238,0.0468,0.0385,0.0385,0.0444,0.0385
australia_china_wine_tariff_2020,SSD,15,trade_policy_actions,-0.0308,0.096,,0.5369,procurement_supply_chain,0.5369,0.0498,0.0539,0.052,0.0369,0.057,0.0514,0.0514,0.0592,0.0514
us_tariffs_2025_april,SSD,15,trade_policy_actions,-0.0316,0.0292,,0.5369,procurement_supply_chain,0.5369,0.0498,0.0539,0.052,0.0369,0.057,0.0514,0.0514,0.0592,0.0514
australia_china_wine_tariff_2020,SSL,15,trade_policy_actions,0.0493,0.3122,,0.5369,procurement_supply_chain,0.5369,0.0498,0.0539,0.052,0.0369,0.057,0.0514,0.0514,0.0592,0.0514
australia_china_lobster_ban_2020,SSL,15,trade_policy_actions,0.1574,0.5033,,0.5369,procurement_supply_chain,0.5369,0.0498,0.0539,0.052,0.0369,0.057,0.0514,0.0514,0.0592,0.0514
us_tariffs_2025_april,SSL,15,trade_policy_actions,0.0615,0.3785,,0.5369,procurement_supply_chain,0.5369,0.0498,0.0539,0.052,0.0369,0.057,0.0514,0.0514,0.0592,0.0514
australia_china_wine_tariff_2020,SSRM,15,trade_policy_actions,0.0997,0.0334,,0.5369,procurement_supply_chain,0.5369,0.0498,0.0539,0.052,0.0369,0.057,0.0514,0.0514,0.0592,0.0514
australia_china_lobster_ban_2020,SSRM,15,trade_policy_actions,-0.0466,-0.0031,,0.5369,procurement_supply_chain,0.5369,0.0498,0.0539,0.052,0.0369,0.057,0.0514,0.0514,0.0592,0.0514
us_china_trade_war_2018,SSRM,15,trade_policy_actions,0.0323,0.1043,,0.5369,procurement_supply_chain,0.5369,0.0498,0.0539,0.052,0.0369,0.057,0.0514,0.0514,0.0592,0.0514
us_tariffs_2025_april,SSRM,15,trade_policy_actions,0.0947,0.1127,,0.5369,procurement_supply_chain,0.5369,0.0498,0.0539,0.052,0.0369,0.057,0.0514,0.0514,0.0592,0.0514
south_africa_loadshedding_2023,SSRM,15,resource_energy_disruptions,-0.1072,-0.0759,,0.5667,procurement_supply_chain,0.5667,0.058,0.0433,0.0534,0.0479,0.0517,0.0439,0.0439,0.0474,0.0439
fukushima_2011,SSRM,15,resource_energy_disruptions,-0.0259,0.2368,,0.5667,procurement_supply_chain,0.5667,0.058,0.0433,0.0534,0.0479,0.0517,0.0439,0.0439,0.0474,0.0439
tiktok_project_texas_2022,STE,35,regulatory_sovereignty_shifts,0.0779,0.1642,,0.6852,regulatory_compliance_cost,0.0098,0.0342,0.0402,0.6852,0.0238,0.0468,0.0385,0.0385,0.0444,0.0385
mexico_energy_reform_2021,STE,35,regulatory_sovereignty_shifts,0.0573,0.1154,,0.6852,regulatory_compliance_cost,0.0098,0.0342,0.0402,0.6852,0.0238,0.0468,0.0385,0.0385,0.0444,0.0385
turkey_lira_crisis_2021,STLA,25,political_transitions_volatility,0.0448,0.0733,,0.6673,revenue_market_access,0.008,0.6673,0.0396,0.0371,0.0319,0.0472,0.0398,0.0398,0.0494,0.0398
myanmar_coup_2021,STLA,25,political_transitions_volatility,0.0715,0.1443,,0.6673,revenue_market_access,0.008,0.6673,0.0396,0.0371,0.0319,0.0472,0.0398,0.0398,0.0494,0.0398
argentina_peso_devaluation_2018,STLA,25,political_transitions_volatility,-0.0406,-0.0643,,0.6673,revenue_market_access,0.008,0.6673,0.0396,0.0371,0.0319,0.0472,0.0398,0.0398,0.0494,0.0398
australia_china_wine_tariff_2020,STLD,15,trade_policy_actions,0.0316,0.1174,,0.5369,procurement_supply_chain,0.5369,0.0498,0.0539,0.052,0.0369,0.057,0.0514,0.0514,0.0592,0.0514
australia_china_lobster_ban_2020,STLD,15,trade_policy_actions,0.0492,0.1856,,0.5369,procurement_supply_chain,0.5369,0.0498,0.0539,0.052,0.0369,0.057,0.0514,0.0514,0.0592,0.0514
us_china_trade_war_2018,STLD,15,trade_policy_actions,0.0348,0.0807,,0.5369,procurement_supply_chain,0.5369,0.0498,0.0539,0.052,0.0369,0.057,0.0514,0.0514,0.0592,0.0514
us_tariffs_2025_april,STLD,15,trade_policy_actions,-0.0444,0.059,,0.5369,procurement_supply_chain,0.5369,0.0498,0.0539,0.052,0.0369,0.057,0.0514,0.0514,0.0592,0.0514
south_africa_loadshedding_2023,STLD,15,resource_energy_disruptions,0.0398,-0.1068,,0.5667,procurement_supply_chain,0.5667,0.058,0.0433,0.0534,0.0479,0.0517,0.0439,0.0439,0.0474,0.0439
myanmar_coup_2021,STZ,30,political_transitions_volatility,0.0666,0.0759,,0.6673,revenue_market_access,0.008,0.6673,0.0396,0.0371,0.0319,0.0472,0.0398,0.0398,0.0494,0.0398
australia_china_wine_tariff_2020,SU,10,trade_policy_actions,0.053,0.1057,,0.5369,procurement_supply_chain,0.5369,0.0498,0.0539,0.052,0.0369,0.057,0.0514,0.0514,0.0592,0.0514
australia_china_lobster_ban_2020,SU,10,trade_policy_actions,0.2286,0.4874,,0.5369,procurement_supply_chain,0.5369,0.0498,0.0539,0.052,0.0369,0.057,0.0514,0.0514,0.0592,0.0514
us_china_trade_war_2018,SU,10,trade_policy_actions,0.0416,0.1577,,0.5369,procurement_supply_chain,0.5369,0.0498,0.0539,0.052,0.0369,0.057,0.0514,0.0514,0.0592,0.0514
south_africa_loadshedding_2023,SU,10,resource_energy_disruptions,0.0282,-0.1123,,0.5667,procurement_supply_chain,0.5667,0.058,0.0433,0.0534,0.0479,0.0517,0.0439,0.0439,0.0474,0.0439
australia_china_lobster_ban_2020,SUN,10,trade_policy_actions,0.0521,0.1705,,0.5369,procurement_supply_chain,0.5369,0.0498,0.0539,0.052,0.0369,0.057,0.0514,0.0514,0.0592,0.0514
us_tariffs_2025_april,SUN,10,trade_policy_actions,0.0726,0.0542,,0.5369,procurement_supply_chain,0.5369,0.0498,0.0539,0.052,0.0369,0.057,0.0514,0.0514,0.0592,0.0514
australia_china_lobster_ban_2020,SUZ,15,trade_policy_actions,-0.0319,0.1791,,0.5369,procurement_supply_chain,0.5369,0.0498,0.0539,0.052,0.0369,0.057,0.0514,0.0514,0.0592,0.0514
us_china_trade_war_2018,SUZ,15,trade_policy_actions,0.0327,0.2184,,0.5369,procurement_supply_chain,0.5369,0.0498,0.0539,0.052,0.0369,0.057,0.0514,0.0514,0.0592,0.0514
south_africa_loadshedding_2023,SUZ,15,resource_energy_disruptions,0.0421,-0.0797,,0.5667,procurement_supply_chain,0.5667,0.058,0.0433,0.0534,0.0479,0.0517,0.0439,0.0439,0.0474,0.0439
hong_kong_protests_2019,SW,25,political_transitions_volatility,0.0285,0.0997,,0.6673,revenue_market_access,0.008,0.6673,0.0396,0.0371,0.0319,0.0472,0.0398,0.0398,0.0494,0.0398
turkey_lira_crisis_2021,SW,25,political_transitions_volatility,0.1053,0.0605,,0.6673,revenue_market_access,0.008,0.6673,0.0396,0.0371,0.0319,0.0472,0.0398,0.0398,0.0494,0.0398
myanmar_coup_2021,SW,25,political_transitions_volatility,0.0863,0.0069,,0.6673,revenue_market_access,0.008,0.6673,0.0396,0.0371,0.0319,0.0472,0.0398,0.0398,0.0494,0.0398
tiktok_project_texas_2022,SYK,35,regulatory_sovereignty_shifts,0.0466,0.1026,,0.6852,regulatory_compliance_cost,0.0098,0.0342,0.0402,0.6852,0.0238,0.0468,0.0385,0.0385,0.0444,0.0385
tiktok_project_texas_2022,SYRE,35,regulatory_sovereignty_shifts,-0.0985,-0.4123,,0.6852,regulatory_compliance_cost,0.0098,0.0342,0.0402,0.6852,0.0238,0.0468,0.0385,0.0385,0.0444,0.0385
mexico_energy_reform_2021,SYRE,35,regulatory_sovereignty_shifts,-0.0512,-0.1415,,0.6852,regulatory_compliance_cost,0.0098,0.0342,0.0402,0.6852,0.0238,0.0468,0.0385,0.0385,0.0444,0.0385
turkey_lira_crisis_2021,SYY,30,political_transitions_volatility,0.0749,0.1084,,0.6673,revenue_market_access,0.008,0.6673,0.0396,0.0371,0.0319,0.0472,0.0398,0.0398,0.0494,0.0398
myanmar_coup_2021,SYY,30,political_transitions_volatility,0.0748,0.1241,,0.6673,revenue_market_access,0.008,0.6673,0.0396,0.0371,0.0319,0.0472,0.0398,0.0398,0.0494,0.0398
tiktok_project_texas_2022,T,50,regulatory_sovereignty_shifts,0.0722,-0.04,,0.6852,regulatory_compliance_cost,0.0098,0.0342,0.0402,0.6852,0.0238,0.0468,0.0385,0.0385,0.0444,0.0385
tiktok_project_texas_2022,TAK,35,regulatory_sovereignty_shifts,0.0716,0.0655,,0.6852,regulatory_compliance_cost,0.0098,0.0342,0.0402,0.6852,0.0238,0.0468,0.0385,0.0385,0.0444,0.0385
india_fdi_ban_chinese_apps_2020,TAK,35,regulatory_sovereignty_shifts,-0.0342,0.021,,0.6852,regulatory_compliance_cost,0.0098,0.0342,0.0402,0.6852,0.0238,0.0468,0.0385,0.0385,0.0444,0.0385
mexico_energy_reform_2021,TAK,35,regulatory_sovereignty_shifts,-0.1311,-0.1207,,0.6852,regulatory_compliance_cost,0.0098,0.0342,0.0402,0.6852,0.0238,0.0468,0.0385,0.0385,0.0444,0.0385
hong_kong_protests_2019,TAL,30,political_transitions_volatility,0.0417,0.0559,,0.6673,revenue_market_access,0.008,0.6673,0.0396,0.0371,0.0319,0.0472,0.0398,0.0398,0.0494,0.0398
turkey_lira_crisis_2021,TAL,30,political_transitions_volatility,-0.0476,-0.3262,,0.6673,revenue_market_access,0.008,0.6673,0.0396,0.0371,0.0319,0.0472,0.0398,0.0398,0.0494,0.0398
myanmar_coup_2021,TAL,30,political_transitions_volatility,0.0433,-0.0819,,0.6673,revenue_market_access,0.008,0.6673,0.0396,0.0371,0.0319,0.0472,0.0398,0.0398,0.0494,0.0398
argentina_peso_devaluation_2018,TAL,30,political_transitions_volatility,-0.087,-0.2297,,0.6673,revenue_market_access,0.008,0.6673,0.0396,0.0371,0.0319,0.0472,0.0398,0.0398,0.0494,0.0398
hong_kong_protests_2019,TAP,30,political_transitions_volatility,-0.0581,-0.0118,,0.6673,revenue_market_access,0.008,0.6673,0.0396,0.0371,0.0319,0.0472,0.0398,0.0398,0.0494,0.0398
argentina_peso_devaluation_2018,TAP,30,political_transitions_volatility,-0.0471,-0.1136,,0.6673,revenue_market_access,0.008,0.6673,0.0396,0.0371,0.0319,0.0472,0.0398,0.0398,0.0494,0.0398
turkey_lira_crisis_2021,TCOM,25,political_transitions_volatility,0.0311,0.1837,,0.6673,revenue_market_access,0.008,0.6673,0.0396,0.0371,0.0319,0.0472,0.0398,0.0398,0.0494,0.0398
myanmar_coup_2021,TCOM,25,political_transitions_volatility,0.1364,0.4308,,0.6673,revenue_market_access,0.008,0.6673,0.0396,0.0371,0.0319,0.0472,0.0398,0.0398,0.0494,0.0398
argentina_peso_devaluation_2018,TCOM,25,political_transitions_volatility,-0.0406,-0.0128,,0.6673,revenue_market_access,0.008,0.6673,0.0396,0.0371,0.0319,0.0472,0.0398,0.0398,0.0494,0.0398
tiktok_project_texas_2022,TDS,50,regulatory_sovereignty_shifts,0.0702,0.0306,,0.6852,regulatory_compliance_cost,0.0098,0.0342,0.0402,0.6852,0.0238,0.0468,0.0385,0.0385,0.0444,0.0385
tiktok_project_texas_2022,TECH,35,regulatory_sovereignty_shifts,0.0801,0.183,,0.6852,regulatory_compliance_cost,0.0098,0.0342,0.0402,0.6852,0.0238,0.0468,0.0385,0.0385,0.0444,0.0385
india_fdi_ban_chinese_apps_2020,TECH,35,regulatory_sovereignty_shifts,0.051,0.0316,,0.6852,regulatory_compliance_cost,0.0098,0.0342,0.0402,0.6852,0.0238,0.0468,0.0385,0.0385,0.0444,0.0385
mexico_energy_reform_2021,TECH,35,regulatory_sovereignty_shifts,-0.0288,0.0223,,0.6852,regulatory_compliance_cost,0.0098,0.0342,0.0402,0.6852,0.0238,0.0468,0.0385,0.0385,0.0444,0.0385
australia_china_wine_tariff_2020,TECK,15,trade_policy_actions,0.1769,0.2289,,0.5369,procurement_supply_chain,0.5369,0.0498,0.0539,0.052,0.0369,0.057,0.0514,0.0514,0.0592,0.0514
australia_china_lobster_ban_2020,TECK,15,trade_policy_actions,0.1046,0.3672,,0.5369,procurement_supply_chain,0.5369,0.0498,0.0539,0.052,0.0369,0.057,0.0514,0.0514,0.0592,0.0514
south_africa_loadshedding_2023,TECK,15,resource_energy_disruptions,0.0445,-0.1538,,0.5667,procurement_supply_chain,0.5667,0.058,0.0433,0.0534,0.0479,0.0517,0.0439,0.0439,0.0474,0.0439
fukushima_2011,TECK,15,resource_energy_disruptions,0.0337,0.0612,,0.5667,procurement_supply_chain,0.5667,0.058,0.0433,0.0534,0.0479,0.0517,0.0439,0.0439,0.0474,0.0439
tiktok_project_texas_2022,TELNY,50,regulatory_sovereignty_shifts,0.0493,-0.0744,,0.6852,regulatory_compliance_cost,0.0098,0.0342,0.0402,0.6852,0.0238,0.0468,0.0385,0.0385,0.0444,0.0385
mexico_energy_reform_2021,TELNY,50,regulatory_sovereignty_shifts,-0.0314,-0.0583,,0.6852,regulatory_compliance_cost,0.0098,0.0342,0.0402,0.6852,0.0238,0.0468,0.0385,0.0385,0.0444,0.0385
tiktok_project_texas_2022,TERN,35,regulatory_sovereignty_shifts,0.1875,-0.026,,0.6852,regulatory_compliance_cost,0.0098,0.0342,0.0402,0.6852,0.0238,0.0468,0.0385,0.0385,0.0444,0.0385
mexico_energy_reform_2021,TERN,35,regulatory_sovereignty_shifts,-0.0391,-0.1678,,0.6852,regulatory_compliance_cost,0.0098,0.0342,0.0402,0.6852,0.0238,0.0468,0.0385,0.0385,0.0444,0.0385
tiktok_project_texas_2022,TEVA,35,regulatory_sovereignty_shifts,0.0649,0.275,,0.6852,regulatory_compliance_cost,0.0098,0.0342,0.0402,0.6852,0.0238,0.0468,0.0385,0.0385,0.0444,0.0385
india_fdi_ban_chinese_apps_2020,TEVA,35,regulatory_sovereignty_shifts,-0.0796,-0.0378,,0.6852,regulatory_compliance_cost,0.0098,0.0342,0.0402,0.6852,0.0238,0.0468,0.0385,0.0385,0.0444,0.0385
mexico_energy_reform_2021,TEVA,35,regulatory_sovereignty_shifts,0.0474,-0.0196,,0.6852,regulatory_compliance_cost,0.0098,0.0342,0.0402,0.6852,0.0238,0.0468,0.0385,0.0385,0.0444,0.0385
us_tariffs_2025_april,TFPM,15,trade_policy_actions,0.1102,0.0634,,0.5369,procurement_supply_chain,0.5369,0.0498,0.0539,0.052,0.0369,0.057,0.0514,0.0514,0.0592,0.0514
tiktok_project_texas_2022,TFX,35,regulatory_sovereignty_shifts,0.0597,0.0242,,0.6852,regulatory_compliance_cost,0.0098,0.0342,0.0402,0.6852,0.0238,0.0468,0.0385,0.0385,0.0444,0.0385
mexico_energy_reform_2021,TFX,35,regulatory_sovereignty_shifts,-0.0531,-0.1117,,0.6852,regulatory_compliance_cost,0.0098,0.0342,0.0402,0.6852,0.0238,0.0468,0.0385,0.0385,0.0444,0.0385
myanmar_coup_2021,TGT,30,political_transitions_volatility,0.0565,-0.0148,,0.6673,revenue_market_access,0.008,0.6673,0.0396,0.0371,0.0319,0.0472,0.0398,0.0398,0.0494,0.0398
tiktok_project_texas_2022,TGTX,35,regulatory_sovereignty_shifts,0.0743,0.4257,,0.6852,regulatory_compliance_cost,0.0098,0.0342,0.0402,0.6852,0.0238,0.0468,0.0385,0.0385,0.0444,0.0385
india_fdi_ban_chinese_apps_2020,TGTX,35,regulatory_sovereignty_shifts,0.2174,-0.0051,,0.6852,regulatory_compliance_cost,0.0098,0.0342,0.0402,0.6852,0.0238,0.0468,0.0385,0.0385,0.0444,0.0385
mexico_energy_reform_2021,TGTX,35,regulatory_sovereignty_shifts,-0.0641,-0.0573,,0.6852,regulatory_compliance_cost,0.0098,0.0342,0.0402,0.6852,0.0238,0.0468,0.0385,0.0385,0.0444,0.0385
tiktok_project_texas_2022,THC,35,regulatory_sovereignty_shifts,0.074,0.2261,,0.6852,regulatory_compliance_cost,0.0098,0.0342,0.0402,0.6852,0.0238,0.0468,0.0385,0.0385,0.0444,0.0385
mexico_energy_reform_2021,THC,35,regulatory_sovereignty_shifts,-0.1011,0.1498,,0.6852,regulatory_compliance_cost,0.0098,0.0342,0.0402,0.6852,0.0238,0.0468,0.0385,0.0385,0.0444,0.0385
tiktok_project_texas_2022,TIGO,50,regulatory_sovereignty_shifts,0.0254,-0.0194,,0.6852,regulatory_compliance_cost,0.0098,0.0342,0.0402,0.6852,0.0238,0.0468,0.0385,0.0385,0.0444,0.0385
mexico_energy_reform_2021,TIGO,50,regulatory_sovereignty_shifts,-0.0461,-0.0065,,0.6852,regulatory_compliance_cost,0.0098,0.0342,0.0402,0.6852,0.0238,0.0468,0.0385,0.0385,0.0444,0.0385
india_fdi_ban_chinese_apps_2020,TIMB,50,regulatory_sovereignty_shifts,0.0884,0.1326,,0.6852,regulatory_compliance_cost,0.0098,0.0342,0.0402,0.6852,0.0238,0.0468,0.0385,0.0385,0.0444,0.0385
hong_kong_protests_2019,TJX,25,political_transitions_volatility,0.0316,0.0526,,0.6673,revenue_market_access,0.008,0.6673,0.0396,0.0371,0.0319,0.0472,0.0398,0.0398,0.0494,0.0398
myanmar_coup_2021,TJX,25,political_transitions_volatility,0.0921,0.0453,,0.6673,revenue_market_access,0.008,0.6673,0.0396,0.0371,0.0319,0.0472,0.0398,0.0398,0.0494,0.0398
tiktok_project_texas_2022,TKC,50,regulatory_sovereignty_shifts,0.0346,-0.0518,,0.6852,regulatory_compliance_cost,0.0098,0.0342,0.0402,0.6852,0.0238,0.0468,0.0385,0.0385,0.0444,0.0385
india_fdi_ban_chinese_apps_2020,TKO,50,regulatory_sovereignty_shifts,0.0323,0.0418,,0.6852,regulatory_compliance_cost,0.0098,0.0342,0.0402,0.6852,0.0238,0.0468,0.0385,0.0385,0.0444,0.0385
mexico_energy_reform_2021,TLK,50,regulatory_sovereignty_shifts,0.0363,-0.0137,,0.6852,regulatory_compliance_cost,0.0098,0.0342,0.0402,0.6852,0.0238,0.0468,0.0385,0.0385,0.0444,0.0385
myanmar_coup_2021,TM,25,political_transitions_volatility,0.0892,0.0833,,0.6673,revenue_market_access,0.008,0.6673,0.0396,0.0371,0.0319,0.0472,0.0398,0.0398,0.0494,0.0398
argentina_peso_devaluation_2018,TM,25,political_transitions_volatility,-0.0476,-0.0546,,0.6673,revenue_market_access,0.008,0.6673,0.0396,0.0371,0.0319,0.0472,0.0398,0.0398,0.0494,0.0398
tiktok_project_texas_2022,TME,50,regulatory_sovereignty_shifts,0.0618,-0.117,,0.6852,regulatory_compliance_cost,0.0098,0.0342,0.0402,0.6852,0.0238,0.0468,0.0385,0.0385,0.0444,0.0385
india_fdi_ban_chinese_apps_2020,TME,50,regulatory_sovereignty_shifts,0.2392,0.1698,,0.6852,regulatory_compliance_cost,0.0098,0.0342,0.0402,0.6852,0.0238,0.0468,0.0385,0.0385,0.0444,0.0385
mexico_energy_reform_2021,TME,50,regulatory_sovereignty_shifts,0.0785,0.2412,,0.6852,regulatory_compliance_cost,0.0098,0.0342,0.0402,0.6852,0.0238,0.0468,0.0385,0.0385,0.0444,0.0385
turkey_lira_crisis_2021,TMHC,25,political_transitions_volatility,0.063,-0.0487,,0.6673,revenue_market_access,0.008,0.6673,0.0396,0.0371,0.0319,0.0472,0.0398,0.0398,0.0494,0.0398
myanmar_coup_2021,TMHC,25,political_transitions_volatility,0.1329,0.1189,,0.6673,revenue_market_access,0.008,0.6673,0.0396,0.0371,0.0319,0.0472,0.0398,0.0398,0.0494,0.0398
tiktok_project_texas_2022,TMO,35,regulatory_sovereignty_shifts,0.0853,0.17,,0.6852,regulatory_compliance_cost,0.0098,0.0342,0.0402,0.6852,0.0238,0.0468,0.0385,0.0385,0.0444,0.0385
india_fdi_ban_chinese_apps_2020,TMO,35,regulatory_sovereignty_shifts,0.084,0.1609,,0.6852,regulatory_compliance_cost,0.0098,0.0342,0.0402,0.6852,0.0238,0.0468,0.0385,0.0385,0.0444,0.0385
tiktok_project_texas_2022,TMUS,50,regulatory_sovereignty_shifts,0.0701,0.1157,,0.6852,regulatory_compliance_cost,0.0098,0.0342,0.0402,0.6852,0.0238,0.0468,0.0385,0.0385,0.0444,0.0385
mexico_energy_reform_2021,TMUS,50,regulatory_sovereignty_shifts,-0.0437,-0.0672,,0.6852,regulatory_compliance_cost,0.0098,0.0342,0.0402,0.6852,0.0238,0.0468,0.0385,0.0385,0.0444,0.0385
turkey_lira_crisis_2021,TOL,25,political_transitions_volatility,0.0425,-0.1346,,0.6673,revenue_market_access,0.008,0.6673,0.0396,0.0371,0.0319,0.0472,0.0398,0.0398,0.0494,0.0398
myanmar_coup_2021,TOL,25,political_transitions_volatility,0.0685,0.0895,,0.6673,revenue_market_access,0.008,0.6673,0.0396,0.0371,0.0319,0.0472,0.0398,0.0398,0.0494,0.0398
australia_china_wine_tariff_2020,TPL,10,trade_policy_actions,0.1375,0.5178,,0.5369,procurement_supply_chain,0.5369,0.0498,0.0539,0.052,0.0369,0.057,0.0514,0.0514,0.0592,0.0514
australia_china_lobster_ban_2020,TPL,10,trade_policy_actions,0.1488,0.5095,,0.5369,procurement_supply_chain,0.5369,0.0498,0.0539,0.052,0.0369,0.057,0.0514,0.0514,0.0592,0.0514
china_rare_earth_controls_2023,TPL,10,resource_energy_disruptions,-0.0282,-0.1073,,0.5667,procurement_supply_chain,0.5667,0.058,0.0433,0.0534,0.0479,0.0517,0.0439,0.0439,0.0474,0.0439
myanmar_coup_2021,TPR,25,political_transitions_volatility,0.2041,0.4069,,0.6673,revenue_market_access,0.008,0.6673,0.0396,0.0371,0.0319,0.0472,0.0398,0.0398,0.0494,0.0398
australia_china_wine_tariff_2020,TRGP,10,trade_policy_actions,0.0824,0.2657,,0.5369,procurement_supply_chain,0.5369,0.0498,0.0539,0.052,0.0369,0.057,0.0514,0.0514,0.0592,0.0514
australia_china_lobster_ban_2020,TRGP,10,trade_policy_actions,0.22,0.7046,,0.5369,procurement_supply_chain,0.5369,0.0498,0.0539,0.052,0.0369,0.057,0.0514,0.0514,0.0592,0.0514
us_china_trade_war_2018,TRGP,10,trade_policy_actions,-0.0536,0.0095,,0.5369,procurement_supply_chain,0.5369,0.0498,0.0539,0.052,0.0369,0.057,0.0514,0.0514,0.0592,0.0514
fukushima_2011,TRGP,10,resource_energy_disruptions,0.0764,0.0764,,0.5667,procurement_supply_chain,0.5667,0.058,0.0433,0.0534,0.0479,0.0517,0.0439,0.0439,0.0474,0.0439
australia_china_lobster_ban_2020,TRP,10,trade_policy_actions,0.0707,0.1096,,0.5369,procurement_supply_chain,0.5369,0.0498,0.0539,0.052,0.0369,0.057,0.0514,0.0514,0.0592,0.0514
us_tariffs_2025_april,TRP,10,trade_policy_actions,0.0612,0.0744,,0.5369,procurement_supply_chain,0.5369,0.0498,0.0539,0.052,0.0369,0.057,0.0514,0.0514,0.0592,0.0514
south_africa_loadshedding_2023,TRP,10,resource_energy_disruptions,0.0367,-0.0741,,0.5667,procurement_supply_chain,0.5667,0.058,0.0433,0.0534,0.0479,0.0517,0.0439,0.0439,0.0474,0.0439
australia_china_wine_tariff_2020,TS,10,trade_policy_actions,0.0713,0.1111,,0.5369,procurement_supply_chain,0.5369,0.0498,0.0539,0.052,0.0369,0.057,0.0514,0.0514,0.0592,0.0514
australia_china_lobster_ban_2020,TS,10,trade_policy_actions,0.2616,0.6034,,0.5369,procurement_supply_chain,0.5369,0.0498,0.0539,0.052,0.0369,0.057,0.0514,0.0514,0.0592,0.0514
us_china_trade_war_2018,TS,10,trade_policy_actions,0.0352,0.1541,,0.5369,procurement_supply_chain,0.5369,0.0498,0.0539,0.052,0.0369,0.057,0.0514,0.0514,0.0592,0.0514
south_africa_loadshedding_2023,TS,10,resource_energy_disruptions,0.1025,-0.1687,,0.5667,procurement_supply_chain,0.5667,0.058,0.0433,0.0534,0.0479,0.0517,0.0439,0.0439,0.0474,0.0439
hong_kong_protests_2019,TSCO,25,political_transitions_volatility,-0.041,0.0256,,0.6673,revenue_market_access,0.008,0.6673,0.0396,0.0371,0.0319,0.0472,0.0398,0.0398,0.0494,0.0398
myanmar_coup_2021,TSCO,25,political_transitions_volatility,0.1255,0.222,,0.6673,revenue_market_access,0.008,0.6673,0.0396,0.0371,0.0319,0.0472,0.0398,0.0398,0.0494,0.0398
argentina_peso_devaluation_2018,TSCO,25,political_transitions_volatility,0.0345,0.0021,,0.6673,revenue_market_access,0.008,0.6673,0.0396,0.0371,0.0319,0.0472,0.0398,0.0398,0.0494,0.0398
hong_kong_protests_2019,TSLA,25,political_transitions_volatility,0.1004,0.2722,,0.6673,revenue_market_access,0.008,0.6673,0.0396,0.0371,0.0319,0.0472,0.0398,0.0398,0.0494,0.0398
turkey_lira_crisis_2021,TSLA,25,political_transitions_volatility,0.173,-0.0014,,0.6673,revenue_market_access,0.008,0.6673,0.0396,0.0371,0.0319,0.0472,0.0398,0.0398,0.0494,0.0398
myanmar_coup_2021,TSLA,25,political_transitions_volatility,0.0281,-0.194,,0.6673,revenue_market_access,0.008,0.6673,0.0396,0.0371,0.0319,0.0472,0.0398,0.0398,0.0494,0.0398
argentina_peso_devaluation_2018,TSLA,25,political_transitions_volatility,-0.1317,-0.1464,,0.6673,revenue_market_access,0.008,0.6673,0.0396,0.0371,0.0319,0.0472,0.0398,0.0398,0.0494,0.0398
hong_kong_protests_2019,TSN,30,political_transitions_volatility,-0.0475,-0.0051,,0.6673,revenue_market_access,0.008,0.6673,0.0396,0.0371,0.0319,0.0472,0.0398,0.0398,0.0494,0.0398
myanmar_coup_2021,TSN,30,political_transitions_volatility,0.0586,0.1958,,0.6673,revenue_market_access,0.008,0.6673,0.0396,0.0371,0.0319,0.0472,0.0398,0.0398,0.0494,0.0398
tiktok_project_texas_2022,TTD,50,regulatory_sovereignty_shifts,0.0333,0.0302,,0.6852,regulatory_compliance_cost,0.0098,0.0342,0.0402,0.6852,0.0238,0.0468,0.0385,0.0385,0.0444,0.0385
india_fdi_ban_chinese_apps_2020,TTD,50,regulatory_sovereignty_shifts,0.1097,0.0973,,0.6852,regulatory_compliance_cost,0.0098,0.0342,0.0402,0.6852,0.0238,0.0468,0.0385,0.0385,0.0444,0.0385
australia_china_lobster_ban_2020,TTE,10,trade_policy_actions,0.207,0.3642,,0.5369,procurement_supply_chain,0.5369,0.0498,0.0539,0.052,0.0369,0.057,0.0514,0.0514,0.0592,0.0514
south_africa_loadshedding_2023,TTE,10,resource_energy_disruptions,0.0343,-0.0863,,0.5667,procurement_supply_chain,0.5667,0.058,0.0433,0.0534,0.0479,0.0517,0.0439,0.0439,0.0474,0.0439
tiktok_project_texas_2022,TTWO,50,regulatory_sovereignty_shifts,0.027,0.0068,,0.6852,regulatory_compliance_cost,0.0098,0.0342,0.0402,0.6852,0.0238,0.0468,0.0385,0.0385,0.0444,0.0385
india_fdi_ban_chinese_apps_2020,TTWO,50,regulatory_sovereignty_shifts,0.0688,0.2128,,0.6852,regulatory_compliance_cost,0.0098,0.0342,0.0402,0.6852,0.0238,0.0468,0.0385,0.0385,0.0444,0.0385
mexico_energy_reform_2021,TTWO,50,regulatory_sovereignty_shifts,0.0956,0.1847,,0.6852,regulatory_compliance_cost,0.0098,0.0342,0.0402,0.6852,0.0238,0.0468,0.0385,0.0385,0.0444,0.0385
australia_china_wine_tariff_2020,TX,15,trade_policy_actions,0.0972,0.2094,,0.5369,procurement_supply_chain,0.5369,0.0498,0.0539,0.052,0.0369,0.057,0.0514,0.0514,0.0592,0.0514
australia_china_lobster_ban_2020,TX,15,trade_policy_actions,0.1271,0.4719,,0.5369,procurement_supply_chain,0.5369,0.0498,0.0539,0.052,0.0369,0.057,0.0514,0.0514,0.0592,0.0514
us_tariffs_2025_april,TX,15,trade_policy_actions,0.0295,0.1197,,0.5369,procurement_supply_chain,0.5369,0.0498,0.0539,0.052,0.0369,0.057,0.0514,0.0514,0.0592,0.0514
south_africa_loadshedding_2023,TX,15,resource_energy_disruptions,0.0945,0.0356,,0.5667,procurement_supply_chain,0.5667,0.058,0.0433,0.0534,0.0479,0.0517,0.0439,0.0439,0.0474,0.0439
hong_kong_protests_2019,TXRH,25,political_transitions_volatility,-0.031,-0.0118,,0.6673,revenue_market_access,0.008,0.6673,0.0396,0.0371,0.0319,0.0472,0.0398,0.0398,0.0494,0.0398
turkey_lira_crisis_2021,TXRH,25,political_transitions_volatility,0.0597,0.0433,,0.6673,revenue_market_access,0.008,0.6673,0.0396,0.0371,0.0319,0.0472,0.0398,0.0398,0.0494,0.0398
myanmar_coup_2021,TXRH,25,political_transitions_volatility,0.1457,0.213,,0.6673,revenue_market_access,0.008,0.6673,0.0396,0.0371,0.0319,0.0472,0.0398,0.0398,0.0494,0.0398
argentina_peso_devaluation_2018,TXRH,25,political_transitions_volatility,0.1077,-0.0281,,0.6673,revenue_market_access,0.008,0.6673,0.0396,0.0371,0.0319,0.0472,0.0398,0.0398,0.0494,0.0398
australia_china_wine_tariff_2020,UEC,10,trade_policy_actions,0.1308,0.5981,,0.5369,procurement_supply_chain,0.5369,0.0498,0.0539,0.052,0.0369,0.057,0.0514,0.0514,0.0592,0.0514
australia_china_lobster_ban_2020,UEC,10,trade_policy_actions,0.1,0.9,,0.5369,procurement_supply_chain,0.5369,0.0498,0.0539,0.052,0.0369,0.057,0.0514,0.0514,0.0592,0.0514
us_tariffs_2025_april,UEC,10,trade_policy_actions,0.0905,0.1674,,0.5369,procurement_supply_chain,0.5369,0.0498,0.0539,0.052,0.0369,0.057,0.0514,0.0514,0.0592,0.0514
china_rare_earth_controls_2023,UEC,10,resource_energy_disruptions,-0.0288,0.1684,,0.5667,procurement_supply_chain,0.5667,0.058,0.0433,0.0534,0.0479,0.0517,0.0439,0.0439,0.0474,0.0439
fukushima_2011,UEC,10,resource_energy_disruptions,-0.1175,-0.2062,,0.5667,procurement_supply_chain,0.5667,0.058,0.0433,0.0534,0.0479,0.0517,0.0439,0.0439,0.0474,0.0439
us_tariffs_2025_april,UFPI,15,trade_policy_actions,-0.0441,-0.0981,,0.5369,procurement_supply_chain,0.5369,0.0498,0.0539,0.052,0.0369,0.057,0.0514,0.0514,0.0592,0.0514
australia_china_wine_tariff_2020,UGP,10,trade_policy_actions,0.1198,0.1536,,0.5369,procurement_supply_chain,0.5369,0.0498,0.0539,0.052,0.0369,0.057,0.0514,0.0514,0.0592,0.0514
australia_china_lobster_ban_2020,UGP,10,trade_policy_actions,0.3772,0.6263,,0.5369,procurement_supply_chain,0.5369,0.0498,0.0539,0.052,0.0369,0.057,0.0514,0.0514,0.0592,0.0514
south_africa_loadshedding_2023,UGP,10,resource_energy_disruptions,0.0373,0.0364,,0.5667,procurement_supply_chain,0.5667,0.058,0.0433,0.0534,0.0479,0.0517,0.0439,0.0439,0.0474,0.0439
tiktok_project_texas_2022,UHS,35,regulatory_sovereignty_shifts,0.0424,0.0591,,0.6852,regulatory_compliance_cost,0.0098,0.0342,0.0402,0.6852,0.0238,0.0468,0.0385,0.0385,0.0444,0.0385
mexico_energy_reform_2021,UHS,35,regulatory_sovereignty_shifts,-0.0605,-0.0576,,0.6852,regulatory_compliance_cost,0.0098,0.0342,0.0402,0.6852,0.0238,0.0468,0.0385,0.0385,0.0444,0.0385
myanmar_coup_2021,UL,30,political_transitions_volatility,-0.0576,-0.0297,,0.6673,revenue_market_access,0.008,0.6673,0.0396,0.0371,0.0319,0.0472,0.0398,0.0398,0.0494,0.0398
argentina_peso_devaluation_2018,UL,30,political_transitions_volatility,-0.047,-0.094,,0.6673,revenue_market_access,0.008,0.6673,0.0396,0.0371,0.0319,0.0472,0.0398,0.0398,0.0494,0.0398
hong_kong_protests_2019,ULTA,25,political_transitions_volatility,0.0356,0.0409,,0.6673,revenue_market_access,0.008,0.6673,0.0396,0.0371,0.0319,0.0472,0.0398,0.0398,0.0494,0.0398
turkey_lira_crisis_2021,ULTA,25,political_transitions_volatility,0.0601,-0.0226,,0.6673,revenue_market_access,0.008,0.6673,0.0396,0.0371,0.0319,0.0472,0.0398,0.0398,0.0494,0.0398
myanmar_coup_2021,ULTA,25,political_transitions_volatility,0.1196,0.1065,,0.6673,revenue_market_access,0.008,0.6673,0.0396,0.0371,0.0319,0.0472,0.0398,0.0398,0.0494,0.0398
argentina_peso_devaluation_2018,ULTA,25,political_transitions_volatility,0.1693,0.1278,,0.6673,revenue_market_access,0.008,0.6673,0.0396,0.0371,0.0319,0.0472,0.0398,0.0398,0.0494,0.0398
tiktok_project_texas_2022,UNH,35,regulatory_sovereignty_shifts,0.1186,0.1845,,0.6852,regulatory_compliance_cost,0.0098,0.0342,0.0402,0.6852,0.0238,0.0468,0.0385,0.0385,0.0444,0.0385
mexico_energy_reform_2021,UNH,35,regulatory_sovereignty_shifts,0.0408,0.1696,,0.6852,regulatory_compliance_cost,0.0098,0.0342,0.0402,0.6852,0.0238,0.0468,0.0385,0.0385,0.0444,0.0385
hong_kong_protests_2019,URBN,25,political_transitions_volatility,0.0313,-0.0403,,0.6673,revenue_market_access,0.008,0.6673,0.0396,0.0371,0.0319,0.0472,0.0398,0.0398,0.0494,0.0398
turkey_lira_crisis_2021,URBN,25,political_transitions_volatility,0.0345,0.0352,,0.6673,revenue_market_access,0.008,0.6673,0.0396,0.0371,0.0319,0.0472,0.0398,0.0398,0.0494,0.0398
myanmar_coup_2021,URBN,25,political_transitions_volatility,0.0958,0.4965,,0.6673,revenue_market_access,0.008,0.6673,0.0396,0.0371,0.0319,0.0472,0.0398,0.0398,0.0494,0.0398
argentina_peso_devaluation_2018,URBN,25,political_transitions_volatility,-0.0417,-0.1491,,0.6673,revenue_market_access,0.008,0.6673,0.0396,0.0371,0.0319,0.0472,0.0398,0.0398,0.0494,0.0398
us_tariffs_2025_april,USAR,15,trade_policy_actions,1.1248,0.2361,,0.5369,procurement_supply_chain,0.5369,0.0498,0.0539,0.052,0.0369,0.057,0.0514,0.0514,0.0592,0.0514
turkey_lira_crisis_2021,USFD,30,political_transitions_volatility,0.1021,0.1453,,0.6673,revenue_market_access,0.008,0.6673,0.0396,0.0371,0.0319,0.0472,0.0398,0.0398,0.0494,0.0398
myanmar_coup_2021,USFD,30,political_transitions_volatility,0.1805,0.2328,,0.6673,revenue_market_access,0.008,0.6673,0.0396,0.0371,0.0319,0.0472,0.0398,0.0398,0.0494,0.0398
tiktok_project_texas_2022,UTHR,35,regulatory_sovereignty_shifts,0.0992,0.0245,,0.6852,regulatory_compliance_cost,0.0098,0.0342,0.0402,0.6852,0.0238,0.0468,0.0385,0.0385,0.0444,0.0385
mexico_energy_reform_2021,UTHR,35,regulatory_sovereignty_shifts,0.051,0.0938,,0.6852,regulatory_compliance_cost,0.0098,0.0342,0.0402,0.6852,0.0238,0.0468,0.0385,0.0385,0.0444,0.0385
australia_china_wine_tariff_2020,UUUU,10,trade_policy_actions,0.2836,0.8706,,0.5369,procurement_supply_chain,0.5369,0.0498,0.0539,0.052,0.0369,0.057,0.0514,0.0514,0.0592,0.0514
australia_china_lobster_ban_2020,UUUU,10,trade_policy_actions,0.1457,1.0795,,0.5369,procurement_supply_chain,0.5369,0.0498,0.0539,0.052,0.0369,0.057,0.0514,0.0514,0.0592,0.0514
us_china_trade_war_2018,UUUU,10,trade_policy_actions,0.1447,0.2697,,0.5369,procurement_supply_chain,0.5369,0.0498,0.0539,0.052,0.0369,0.057,0.0514,0.0514,0.0592,0.0514
us_tariffs_2025_april,UUUU,10,trade_policy_actions,0.1627,0.1811,,0.5369,procurement_supply_chain,0.5369,0.0498,0.0539,0.052,0.0369,0.057,0.0514,0.0514,0.0592,0.0514
china_rare_earth_controls_2023,UUUU,10,resource_energy_disruptions,-0.0502,-0.0396,,0.5667,procurement_supply_chain,0.5667,0.058,0.0433,0.0534,0.0479,0.0517,0.0439,0.0439,0.0474,0.0439
fukushima_2011,UUUU,10,resource_energy_disruptions,-0.4353,-0.4,,0.5667,procurement_supply_chain,0.5667,0.058,0.0433,0.0534,0.0479,0.0517,0.0439,0.0439,0.0474,0.0439
us_tariffs_2025_april,VAL,10,trade_policy_actions,-0.0956,0.0835,,0.5369,procurement_supply_chain,0.5369,0.0498,0.0539,0.052,0.0369,0.057,0.0514,0.0514,0.0592,0.0514
australia_china_wine_tariff_2020,VALE,15,trade_policy_actions,0.0896,0.2702,,0.5369,procurement_supply_chain,0.5369,0.0498,0.0539,0.052,0.0369,0.057,0.0514,0.0514,0.0592,0.0514
australia_china_lobster_ban_2020,VALE,15,trade_policy_actions,0.0673,0.5414,,0.5369,procurement_supply_chain,0.5369,0.0498,0.0539,0.052,0.0369,0.057,0.0514,0.0514,0.0592,0.0514
china_rare_earth_controls_2023,VARRY,10,resource_energy_disruptions,0.0881,-0.0098,,0.5667,procurement_supply_chain,0.5667,0.058,0.0433,0.0534,0.0479,0.0517,0.0439,0.0439,0.0474,0.0439
tiktok_project_texas_2022,VEEV,35,regulatory_sovereignty_shifts,0.133,0.2197,,0.6852,regulatory_compliance_cost,0.0098,0.0342,0.0402,0.6852,0.0238,0.0468,0.0385,0.0385,0.0444,0.0385
india_fdi_ban_chinese_apps_2020,VEEV,35,regulatory_sovereignty_shifts,0.0641,0.0981,,0.6852,regulatory_compliance_cost,0.0098,0.0342,0.0402,0.6852,0.0238,0.0468,0.0385,0.0385,0.0444,0.0385
hong_kong_protests_2019,VFC,25,political_transitions_volatility,0.0292,0.042,,0.6673,revenue_market_access,0.008,0.6673,0.0396,0.0371,0.0319,0.0472,0.0398,0.0398,0.0494,0.0398
myanmar_coup_2021,VFC,25,political_transitions_volatility,0.0392,-0.0285,,0.6673,revenue_market_access,0.008,0.6673,0.0396,0.0371,0.0319,0.0472,0.0398,0.0398,0.0494,0.0398
hong_kong_protests_2019,VIPS,25,political_transitions_volatility,0.0885,0.0456,,0.6673,revenue_market_access,0.008,0.6673,0.0396,0.0371,0.0319,0.0472,0.0398,0.0398,0.0494,0.0398
myanmar_coup_2021,VIPS,25,political_transitions_volatility,0.1521,0.4674,,0.6673,revenue_market_access,0.008,0.6673,0.0396,0.0371,0.0319,0.0472,0.0398,0.0398,0.0494,0.0398
argentina_peso_devaluation_2018,VIPS,25,political_transitions_volatility,-0.0845,-0.2114,,0.6673,revenue_market_access,0.008,0.6673,0.0396,0.0371,0.0319,0.0472,0.0398,0.0398,0.0494,0.0398
australia_china_wine_tariff_2020,VIST,10,trade_policy_actions,0.0741,0.0148,,0.5369,procurement_supply_chain,0.5369,0.0498,0.0539,0.052,0.0369,0.057,0.0514,0.0514,0.0592,0.0514
australia_china_lobster_ban_2020,VIST,10,trade_policy_actions,0.1512,0.2884,,0.5369,procurement_supply_chain,0.5369,0.0498,0.0539,0.052,0.0369,0.057,0.0514,0.0514,0.0592,0.0514
us_tariffs_2025_april,VIST,10,trade_policy_actions,0.1651,0.2858,,0.5369,procurement_supply_chain,0.5369,0.0498,0.0539,0.052,0.0369,0.057,0.0514,0.0514,0.0592,0.0514
south_africa_loadshedding_2023,VIST,10,resource_energy_disruptions,0.1,0.0176,,0.5667,procurement_supply_chain,0.5667,0.058,0.0433,0.0534,0.0479,0.0517,0.0439,0.0439,0.0474,0.0439
australia_china_wine_tariff_2020,VLO,10,trade_policy_actions,0.0821,0.051,,0.5369,procurement_supply_chain,0.5369,0.0498,0.0539,0.052,0.0369,0.057,0.0514,0.0514,0.0592,0.0514
australia_china_lobster_ban_2020,VLO,10,trade_policy_actions,0.2655,0.4676,,0.5369,procurement_supply_chain,0.5369,0.0498,0.0539,0.052,0.0369,0.057,0.0514,0.0514,0.0592,0.0514
us_tariffs_2025_april,VLO,10,trade_policy_actions,-0.0757,0.12,,0.5369,procurement_supply_chain,0.5369,0.0498,0.0539,0.052,0.0369,0.057,0.0514,0.0514,0.0592,0.0514
australia_china_wine_tariff_2020,VMC,15,trade_policy_actions,0.0289,0.1677,,0.5369,procurement_supply_chain,0.5369,0.0498,0.0539,0.052,0.0369,0.057,0.0514,0.0514,0.0592,0.0514
australia_china_lobster_ban_2020,VMC,15,trade_policy_actions,-0.0675,-0.0808,,0.5369,procurement_supply_chain,0.5369,0.0498,0.0539,0.052,0.0369,0.057,0.0514,0.0514,0.0592,0.0514
australia_china_wine_tariff_2020,VNOM,10,trade_policy_actions,0.123,0.2941,,0.5369,procurement_supply_chain,0.5369,0.0498,0.0539,0.052,0.0369,0.057,0.0514,0.0514,0.0592,0.0514
australia_china_lobster_ban_2020,VNOM,10,trade_policy_actions,0.2597,0.7035,,0.5369,procurement_supply_chain,0.5369,0.0498,0.0539,0.052,0.0369,0.057,0.0514,0.0514,0.0592,0.0514
us_china_trade_war_2018,VNOM,10,trade_policy_actions,0.0776,0.3133,,0.5369,procurement_supply_chain,0.5369,0.0498,0.0539,0.052,0.0369,0.057,0.0514,0.0514,0.0592,0.0514
south_africa_loadshedding_2023,VNOM,10,resource_energy_disruptions,0.0503,-0.0942,,0.5667,procurement_supply_chain,0.5667,0.058,0.0433,0.0534,0.0479,0.0517,0.0439,0.0439,0.0474,0.0439
tiktok_project_texas_2022,VRTX,35,regulatory_sovereignty_shifts,0.0921,0.0409,,0.6852,regulatory_compliance_cost,0.0098,0.0342,0.0402,0.6852,0.0238,0.0468,0.0385,0.0385,0.0444,0.0385
india_fdi_ban_chinese_apps_2020,VRTX,35,regulatory_sovereignty_shifts,0.0487,-0.0818,,0.6852,regulatory_compliance_cost,0.0098,0.0342,0.0402,0.6852,0.0238,0.0468,0.0385,0.0385,0.0444,0.0385
tiktok_project_texas_2022,VTRS,35,regulatory_sovereignty_shifts,0.0583,-0.0717,,0.6852,regulatory_compliance_cost,0.0098,0.0342,0.0402,0.6852,0.0238,0.0468,0.0385,0.0385,0.0444,0.0385
tiktok_project_texas_2022,VZ,50,regulatory_sovereignty_shifts,0.0394,-0.0636,,0.6852,regulatory_compliance_cost,0.0098,0.0342,0.0402,0.6852,0.0238,0.0468,0.0385,0.0385,0.0444,0.0385
hong_kong_protests_2019,W,25,political_transitions_volatility,0.0272,-0.0613,,0.6673,revenue_market_access,0.008,0.6673,0.0396,0.0371,0.0319,0.0472,0.0398,0.0398,0.0494,0.0398
myanmar_coup_2021,W,25,political_transitions_volatility,0.0301,0.1179,,0.6673,revenue_market_access,0.008,0.6673,0.0396,0.0371,0.0319,0.0472,0.0398,0.0398,0.0494,0.0398
tiktok_project_texas_2022,WAT,35,regulatory_sovereignty_shifts,0.0624,0.0956,,0.6852,regulatory_compliance_cost,0.0098,0.0342,0.0402,0.6852,0.0238,0.0468,0.0385,0.0385,0.0444,0.0385
india_fdi_ban_chinese_apps_2020,WAT,35,regulatory_sovereignty_shifts,0.0494,0.2096,,0.6852,regulatory_compliance_cost,0.0098,0.0342,0.0402,0.6852,0.0238,0.0468,0.0385,0.0385,0.0444,0.0385
mexico_energy_reform_2021,WAT,35,regulatory_sovereignty_shifts,-0.0346,0.0032,,0.6852,regulatory_compliance_cost,0.0098,0.0342,0.0402,0.6852,0.0238,0.0468,0.0385,0.0385,0.0444,0.0385
india_fdi_ban_chinese_apps_2020,WBD,50,regulatory_sovereignty_shifts,-0.041,0.0589,,0.6852,regulatory_compliance_cost,0.0098,0.0342,0.0402,0.6852,0.0238,0.0468,0.0385,0.0385,0.0444,0.0385
australia_china_wine_tariff_2020,WES,10,trade_policy_actions,0.1482,0.2124,,0.5369,procurement_supply_chain,0.5369,0.0498,0.0539,0.052,0.0369,0.057,0.0514,0.0514,0.0592,0.0514
australia_china_lobster_ban_2020,WES,10,trade_policy_actions,0.4587,0.9292,,0.5369,procurement_supply_chain,0.5369,0.0498,0.0539,0.052,0.0369,0.057,0.0514,0.0514,0.0592,0.0514
china_rare_earth_controls_2023,WES,10,resource_energy_disruptions,0.0563,0.0277,,0.5667,procurement_supply_chain,0.5667,0.058,0.0433,0.0534,0.0479,0.0517,0.0439,0.0439,0.0474,0.0439
south_africa_loadshedding_2023,WES,10,resource_energy_disruptions,0.0264,-0.1045,,0.5667,procurement_supply_chain,0.5667,0.058,0.0433,0.0534,0.0479,0.0517,0.0439,0.0439,0.0474,0.0439
australia_china_wine_tariff_2020,WFG,15,trade_policy_actions,0.1452,0.1079,,0.5369,procurement_supply_chain,0.5369,0.0498,0.0539,0.052,0.0369,0.057,0.0514,0.0514,0.0592,0.0514
us_china_trade_war_2018,WFG,15,trade_policy_actions,-0.0294,0.0169,,0.5369,procurement_supply_chain,0.5369,0.0498,0.0539,0.052,0.0369,0.057,0.0514,0.0514,0.0592,0.0514
us_tariffs_2025_april,WFG,15,trade_policy_actions,-0.0302,-0.0291,,0.5369,procurement_supply_chain,0.5369,0.0498,0.0539,0.052,0.0369,0.057,0.0514,0.0514,0.0592,0.0514
south_africa_loadshedding_2023,WFG,15,resource_energy_disruptions,-0.0427,-0.1812,,0.5667,procurement_supply_chain,0.5667,0.058,0.0433,0.0534,0.0479,0.0517,0.0439,0.0439,0.0474,0.0439
fukushima_2011,WFG,15,resource_energy_disruptions,0.1449,0.1284,,0.5667,procurement_supply_chain,0.5667,0.058,0.0433,0.0534,0.0479,0.0517,0.0439,0.0439,0.0474,0.0439
us_tariffs_2025_april,WFRD,10,trade_policy_actions,-0.0358,0.0102,,0.5369,procurement_supply_chain,0.5369,0.0498,0.0539,0.052,0.0369,0.057,0.0514,0.0514,0.0592,0.0514
turkey_lira_crisis_2021,WH,25,political_transitions_volatility,0.0938,0.0534,,0.6673,revenue_market_access,0.008,0.6673,0.0396,0.0371,0.0319,0.0472,0.0398,0.0398,0.0494,0.0398
myanmar_coup_2021,WH,25,political_transitions_volatility,0.0668,0.2001,,0.6673,revenue_market_access,0.008,0.6673,0.0396,0.0371,0.0319,0.0472,0.0398,0.0398,0.0494,0.0398
argentina_peso_devaluation_2018,WH,25,political_transitions_volatility,-0.0288,-0.1039,,0.6673,revenue_market_access,0.008,0.6673,0.0396,0.0371,0.0319,0.0472,0.0398,0.0398,0.0494,0.0398
turkey_lira_crisis_2021,WING,25,political_transitions_volatility,0.0521,-0.0483,,0.6673,revenue_market_access,0.008,0.6673,0.0396,0.0371,0.0319,0.0472,0.0398,0.0398,0.0494,0.0398
argentina_peso_devaluation_2018,WING,25,political_transitions_volatility,0.0486,0.0453,,0.6673,revenue_market_access,0.008,0.6673,0.0396,0.0371,0.0319,0.0472,0.0398,0.0398,0.0494,0.0398
australia_china_wine_tariff_2020,WLK,15,trade_policy_actions,0.0577,0.1731,,0.5369,procurement_supply_chain,0.5369,0.0498,0.0539,0.052,0.0369,0.057,0.0514,0.0514,0.0592,0.0514
us_tariffs_2025_april,WLK,15,trade_policy_actions,-0.0364,-0.2231,,0.5369,procurement_supply_chain,0.5369,0.0498,0.0539,0.052,0.0369,0.057,0.0514,0.0514,0.0592,0.0514
south_africa_loadshedding_2023,WLK,15,resource_energy_disruptions,0.0277,-0.0962,,0.5667,procurement_supply_chain,0.5667,0.058,0.0433,0.0534,0.0479,0.0517,0.0439,0.0439,0.0474,0.0439
fukushima_2011,WLK,15,resource_energy_disruptions,0.026,0.3363,,0.5667,procurement_supply_chain,0.5667,0.058,0.0433,0.0534,0.0479,0.0517,0.0439,0.0439,0.0474,0.0439
australia_china_wine_tariff_2020,WMB,10,trade_policy_actions,0.048,0.0642,,0.5369,procurement_supply_chain,0.5369,0.0498,0.0539,0.052,0.0369,0.057,0.0514,0.0514,0.0592,0.0514
australia_china_lobster_ban_2020,WMB,10,trade_policy_actions,0.0532,0.1668,,0.5369,procurement_supply_chain,0.5369,0.0498,0.0539,0.052,0.0369,0.057,0.0514,0.0514,0.0592,0.0514
us_china_trade_war_2018,WMB,10,trade_policy_actions,-0.0612,-0.011,,0.5369,procurement_supply_chain,0.5369,0.0498,0.0539,0.052,0.0369,0.057,0.0514,0.0514,0.0592,0.0514
us_tariffs_2025_april,WMB,10,trade_policy_actions,0.0326,0.0236,,0.5369,procurement_supply_chain,0.5369,0.0498,0.0539,0.052,0.0369,0.057,0.0514,0.0514,0.0592,0.0514
india_fdi_ban_chinese_apps_2020,WMG,50,regulatory_sovereignty_shifts,-0.057,-0.0927,,0.6852,regulatory_compliance_cost,0.0098,0.0342,0.0402,0.6852,0.0238,0.0468,0.0385,0.0385,0.0444,0.0385
hong_kong_protests_2019,WMT,30,political_transitions_volatility,0.0292,0.0569,,0.6673,revenue_market_access,0.008,0.6673,0.0396,0.0371,0.0319,0.0472,0.0398,0.0398,0.0494,0.0398
myanmar_coup_2021,WMT,30,political_transitions_volatility,0.0414,-0.0422,,0.6673,revenue_market_access,0.008,0.6673,0.0396,0.0371,0.0319,0.0472,0.0398,0.0398,0.0494,0.0398
australia_china_wine_tariff_2020,WPM,15,trade_policy_actions,0.0285,0.0925,,0.5369,procurement_supply_chain,0.5369,0.0498,0.0539,0.052,0.0369,0.057,0.0514,0.0514,0.0592,0.0514
australia_china_lobster_ban_2020,WPM,15,trade_policy_actions,-0.0636,-0.1121,,0.5369,procurement_supply_chain,0.5369,0.0498,0.0539,0.052,0.0369,0.057,0.0514,0.0514,0.0592,0.0514
us_tariffs_2025_april,WPM,15,trade_policy_actions,0.1359,0.1332,,0.5369,procurement_supply_chain,0.5369,0.0498,0.0539,0.052,0.0369,0.057,0.0514,0.0514,0.0592,0.0514
fukushima_2011,WPM,15,resource_energy_disruptions,-0.0474,-0.0207,,0.5667,procurement_supply_chain,0.5667,0.058,0.0433,0.0534,0.0479,0.0517,0.0439,0.0439,0.0474,0.0439
hong_kong_protests_2019,WSM,25,political_transitions_volatility,0.0741,0.2168,,0.6673,revenue_market_access,0.008,0.6673,0.0396,0.0371,0.0319,0.0472,0.0398,0.0398,0.0494,0.0398
myanmar_coup_2021,WSM,25,political_transitions_volatility,0.0258,0.1045,,0.6673,revenue_market_access,0.008,0.6673,0.0396,0.0371,0.0319,0.0472,0.0398,0.0398,0.0494,0.0398
tiktok_project_texas_2022,WST,35,regulatory_sovereignty_shifts,0.0778,0.1997,,0.6852,regulatory_compliance_cost,0.0098,0.0342,0.0402,0.6852,0.0238,0.0468,0.0385,0.0385,0.0444,0.0385
india_fdi_ban_chinese_apps_2020,WST,35,regulatory_sovereignty_shifts,0.0486,0.2025,,0.6852,regulatory_compliance_cost,0.0098,0.0342,0.0402,0.6852,0.0238,0.0468,0.0385,0.0385,0.0444,0.0385
mexico_energy_reform_2021,WST,35,regulatory_sovereignty_shifts,-0.03,-0.0008,,0.6852,regulatory_compliance_cost,0.0098,0.0342,0.0402,0.6852,0.0238,0.0468,0.0385,0.0385,0.0444,0.0385
hong_kong_protests_2019,WYNN,25,political_transitions_volatility,0.042,0.2455,,0.6673,revenue_market_access,0.008,0.6673,0.0396,0.0371,0.0319,0.0472,0.0398,0.0398,0.0494,0.0398
turkey_lira_crisis_2021,WYNN,25,political_transitions_volatility,0.0645,0.072,,0.6673,revenue_market_access,0.008,0.6673,0.0396,0.0371,0.0319,0.0472,0.0398,0.0398,0.0494,0.0398
myanmar_coup_2021,WYNN,25,political_transitions_volatility,0.1538,0.3519,,0.6673,revenue_market_access,0.008,0.6673,0.0396,0.0371,0.0319,0.0472,0.0398,0.0398,0.0494,0.0398
argentina_peso_devaluation_2018,WYNN,25,political_transitions_volatility,-0.1357,-0.2151,,0.6673,revenue_market_access,0.008,0.6673,0.0396,0.0371,0.0319,0.0472,0.0398,0.0398,0.0494,0.0398
tiktok_project_texas_2022,XENE,35,regulatory_sovereignty_shifts,0.0322,0.0502,,0.6852,regulatory_compliance_cost,0.0098,0.0342,0.0402,0.6852,0.0238,0.0468,0.0385,0.0385,0.0444,0.0385
india_fdi_ban_chinese_apps_2020,XENE,35,regulatory_sovereignty_shifts,0.1116,-0.0816,,0.6852,regulatory_compliance_cost,0.0098,0.0342,0.0402,0.6852,0.0238,0.0468,0.0385,0.0385,0.0444,0.0385
mexico_energy_reform_2021,XENE,35,regulatory_sovereignty_shifts,1.1058,1.0167,,0.6852,regulatory_compliance_cost,0.0098,0.0342,0.0402,0.6852,0.0238,0.0468,0.0385,0.0385,0.0444,0.0385
australia_china_wine_tariff_2020,XOM,10,trade_policy_actions,0.0371,0.1913,,0.5369,procurement_supply_chain,0.5369,0.0498,0.0539,0.052,0.0369,0.057,0.0514,0.0514,0.0592,0.0514
australia_china_lobster_ban_2020,XOM,10,trade_policy_actions,0.1299,0.3395,,0.5369,procurement_supply_chain,0.5369,0.0498,0.0539,0.052,0.0369,0.057,0.0514,0.0514,0.0592,0.0514
turkey_lira_crisis_2021,XPEV,25,political_transitions_volatility,0.1032,-0.1284,,0.6673,revenue_market_access,0.008,0.6673,0.0396,0.0371,0.0319,0.0472,0.0398,0.0398,0.0494,0.0398
myanmar_coup_2021,XPEV,25,political_transitions_volatility,-0.0337,-0.2708,,0.6673,revenue_market_access,0.008,0.6673,0.0396,0.0371,0.0319,0.0472,0.0398,0.0398,0.0494,0.0398
australia_china_lobster_ban_2020,YARIY,15,trade_policy_actions,0.0929,0.189,,0.5369,procurement_supply_chain,0.5369,0.0498,0.0539,0.052,0.0369,0.057,0.0514,0.0514,0.0592,0.0514
us_china_trade_war_2018,YARIY,15,trade_policy_actions,0.0341,0.0277,,0.5369,procurement_supply_chain,0.5369,0.0498,0.0539,0.052,0.0369,0.057,0.0514,0.0514,0.0592,0.0514
australia_china_lobster_ban_2020,YPF,10,trade_policy_actions,0.3494,0.5568,,0.5369,procurement_supply_chain,0.5369,0.0498,0.0539,0.052,0.0369,0.057,0.0514,0.0514,0.0592,0.0514
us_tariffs_2025_april,YPF,10,trade_policy_actions,0.098,0.2207,,0.5369,procurement_supply_chain,0.5369,0.0498,0.0539,0.052,0.0369,0.057,0.0514,0.0514,0.0592,0.0514
china_rare_earth_controls_2023,YPF,10,resource_energy_disruptions,-0.0261,-0.0635,,0.5667,procurement_supply_chain,0.5667,0.058,0.0433,0.0534,0.0479,0.0517,0.0439,0.0439,0.0474,0.0439
south_africa_loadshedding_2023,YPF,10,resource_energy_disruptions,0.0541,-0.1472,,0.5667,procurement_supply_chain,0.5667,0.058,0.0433,0.0534,0.0479,0.0517,0.0439,0.0439,0.0474,0.0439
fukushima_2011,YPF,10,resource_energy_disruptions,-0.0903,-0.1408,,0.5667,procurement_supply_chain,0.5667,0.058,0.0433,0.0534,0.0479,0.0517,0.0439,0.0439,0.0474,0.0439
turkey_lira_crisis_2021,YUM,25,political_transitions_volatility,0.0461,-0.0633,,0.6673,revenue_market_access,0.008,0.6673,0.0396,0.0371,0.0319,0.0472,0.0398,0.0398,0.0494,0.0398
argentina_peso_devaluation_2018,YUM,25,political_transitions_volatility,0.0315,0.0274,,0.6673,revenue_market_access,0.008,0.6673,0.0396,0.0371,0.0319,0.0472,0.0398,0.0398,0.0494,0.0398
myanmar_coup_2021,YUMC,25,political_transitions_volatility,0.0325,0.0778,,0.6673,revenue_market_access,0.008,0.6673,0.0396,0.0371,0.0319,0.0472,0.0398,0.0398,0.0494,0.0398
tiktok_project_texas_2022,ZBH,35,regulatory_sovereignty_shifts,0.0595,0.1137,,0.6852,regulatory_compliance_cost,0.0098,0.0342,0.0402,0.6852,0.0238,0.0468,0.0385,0.0385,0.0444,0.0385
tiktok_project_texas_2022,ZG,50,regulatory_sovereignty_shifts,0.1573,0.2391,,0.6852,regulatory_compliance_cost,0.0098,0.0342,0.0402,0.6852,0.0238,0.0468,0.0385,0.0385,0.0444,0.0385
india_fdi_ban_chinese_apps_2020,ZG,50,regulatory_sovereignty_shifts,0.0938,0.3268,,0.6852,regulatory_compliance_cost,0.0098,0.0342,0.0402,0.6852,0.0238,0.0468,0.0385,0.0385,0.0444,0.0385
tiktok_project_texas_2022,ZTS,35,regulatory_sovereignty_shifts,0.093,0.128,,0.6852,regulatory_compliance_cost,0.0098,0.0342,0.0402,0.6852,0.0238,0.0468,0.0385,0.0385,0.0444,0.0385
india_fdi_ban_chinese_apps_2020,ZTS,35,regulatory_sovereignty_shifts,0.0489,0.1907,,0.6852,regulatory_compliance_cost,0.0098,0.0342,0.0402,0.6852,0.0238,0.0468,0.0385,0.0385,0.0444,0.0385
